,t,I,dI,a,da,y,dy
0,0.0,0.03149414,0.001,0.0,0.0031415926535897933,0.0,3.945e-05
1,0.05,0.03152466,0.001,0.0,0.0031415926535897933,0.0,3.945e-05
2,0.1,0.03135681,0.001,0.0,0.0031415926535897933,0.0,3.945e-05
3,0.15,0.03153992,0.001,0.0011781,0.0031415926535897933,1.4793784594222734e-05,3.945e-05
4,0.2,0.03172302,0.001,0.0015708,0.0031415926535897933,1.972504612563031e-05,3.945e-05
5,0.25,0.03172302,0.001,0.0015708,0.0031415926535897933,1.972504612563031e-05,3.945e-05
6,0.3,0.03157043,0.001,0.0015708,0.0031415926535897933,1.972504612563031e-05,3.945e-05
7,0.35,0.03172302,0.001,0.0015708,0.0031415926535897933,1.972504612563031e-05,3.945e-05
8,0.4,0.03170776,0.001,0.0015708,0.0031415926535897933,1.972504612563031e-05,3.945e-05
9,0.45,0.03157043,0.001,0.0015708,0.0031415926535897933,1.972504612563031e-05,3.945e-05
10,0.5,0.03134155,0.001,0.0015708,0.0031415926535897933,1.972504612563031e-05,3.945e-05
11,0.55,0.03146362,0.001,0.0015708,0.0031415926535897933,1.972504612563031e-05,3.945e-05
12,0.6,0.03155518,0.001,0.0015708,0.0031415926535897933,1.972504612563031e-05,3.945e-05
13,0.65,0.03126526,0.001,0.0015708,0.0031415926535897933,1.972504612563031e-05,3.945e-05
14,0.7,0.03144836,0.001,0.0015708,0.0031415926535897933,1.972504612563031e-05,3.945e-05
15,0.75,0.03141785,0.001,0.0015708,0.0031415926535897933,1.972504612563031e-05,3.945e-05
16,0.8,0.03153992,0.001,0.0015708,0.0031415926535897933,1.972504612563031e-05,3.945e-05
17,0.85,0.03138733,0.001,0.0015708,0.0031415926535897933,1.972504612563031e-05,3.945e-05
18,0.9,0.03158569,0.001,0.0015708,0.0031415926535897933,1.972504612563031e-05,3.945e-05
19,0.95,0.03198242,0.001,0.0015708,0.0031415926535897933,1.972504612563031e-05,3.945e-05
20,1.0,0.03181458,0.001,0.0015708,0.0031415926535897933,1.972504612563031e-05,3.945e-05
21,1.05,0.03182983,0.001,0.0015708,0.0031415926535897933,1.972504612563031e-05,3.945e-05
22,1.1,0.03179932,0.001,0.0015708,0.0031415926535897933,1.972504612563031e-05,3.945e-05
23,1.15,0.03189087,0.001,0.0015708,0.0031415926535897933,1.972504612563031e-05,3.945e-05
24,1.2,0.03224182,0.001,0.0015708,0.0031415926535897933,1.972504612563031e-05,3.945e-05
25,1.25,0.03227234,0.001,0.0015708,0.0031415926535897933,1.972504612563031e-05,3.945e-05
26,1.3,0.03231812,0.001,0.0015708,0.0031415926535897933,1.972504612563031e-05,3.945e-05
27,1.35,0.03256226,0.001,0.0015708,0.0031415926535897933,1.972504612563031e-05,3.945e-05
28,1.4,0.03230286,0.001,0.0015708,0.0031415926535897933,1.972504612563031e-05,3.945e-05
29,1.45,0.0322876,0.001,0.0015708,0.0031415926535897933,1.972504612563031e-05,3.945e-05
30,1.5,0.03219604,0.001,0.0015708,0.0031415926535897933,1.972504612563031e-05,3.945e-05
31,1.55,0.03245544,0.001,0.0015708,0.0031415926535897933,1.972504612563031e-05,3.945e-05
32,1.6,0.03237915,0.001,0.0015708,0.0031415926535897933,1.972504612563031e-05,3.945e-05
33,1.65,0.03251648,0.001,0.0015708,0.0031415926535897933,1.972504612563031e-05,3.945e-05
34,1.7,0.03215027,0.001,0.0015708,0.0031415926535897933,1.972504612563031e-05,3.945e-05
35,1.75,0.0322876,0.001,0.0015708,0.0031415926535897933,1.972504612563031e-05,3.945e-05
36,1.8,0.03236389,0.001,0.0015708,0.0031415926535897933,1.972504612563031e-05,3.945e-05
37,1.85,0.03242493,0.001,0.000392699375,0.0031415926535897933,4.931253683079447e-06,3.945e-05
38,1.9,0.03257751,0.001,0.0015708,0.0031415926535897933,1.972504612563031e-05,3.945e-05
39,1.95,0.03251648,0.001,0.0015708,0.0031415926535897933,1.972504612563031e-05,3.945e-05
40,2.0,0.03265381,0.001,0.0015708,0.0031415926535897933,1.972504612563031e-05,3.945e-05
41,2.05,0.03224182,0.001,0.0015708,0.0031415926535897933,1.972504612563031e-05,3.945e-05
42,2.1,0.03224182,0.001,0.0015708,0.0031415926535897933,1.972504612563031e-05,3.945e-05
43,2.15,0.0319519,0.001,0.0015708,0.0031415926535897933,1.972504612563031e-05,3.945e-05
44,2.2,0.03205872,0.001,0.0015708,0.0031415926535897933,1.972504612563031e-05,3.945e-05
45,2.25,0.03175354,0.001,0.0015708,0.0031415926535897933,1.972504612563031e-05,3.945e-05
46,2.3,0.03167725,0.001,0.0015708,0.0031415926535897933,1.972504612563031e-05,3.945e-05
47,2.35,0.0319519,0.001,0.0015708,0.0031415926535897933,1.972504612563031e-05,3.945e-05
48,2.4,0.03192139,0.001,0.0015708,0.0031415926535897933,1.972504612563031e-05,3.945e-05
49,2.45,0.03190613,0.001,0.0015708,0.0031415926535897933,1.972504612563031e-05,3.945e-05
50,2.5,0.03201294,0.001,0.0015708,0.0031415926535897933,1.972504612563031e-05,3.945e-05
51,2.55,0.0320282,0.001,0.0015708,0.0031415926535897933,1.972504612563031e-05,3.945e-05
52,2.6,0.03245544,0.001,0.0015708,0.0031415926535897933,1.972504612563031e-05,3.945e-05
53,2.65,0.03230286,0.001,0.0015708,0.0031415926535897933,1.972504612563031e-05,3.945e-05
54,2.7,0.03234863,0.001,0.0015708,0.0031415926535897933,1.972504612563031e-05,3.945e-05
55,2.75,0.0324707,0.001,0.0015708,0.0031415926535897933,1.972504612563031e-05,3.945e-05
56,2.8,0.03227234,0.001,0.0015708,0.0031415926535897933,1.972504612563031e-05,3.945e-05
57,2.85,0.03230286,0.001,0.0015708,0.0031415926535897933,1.972504612563031e-05,3.945e-05
58,2.9,0.0324707,0.001,0.0015708,0.0031415926535897933,1.972504612563031e-05,3.945e-05
59,2.95,0.03265381,0.001,0.0015708,0.0031415926535897933,1.972504612563031e-05,3.945e-05
60,3.0,0.03260803,0.001,0.0015708,0.0031415926535897933,1.972504612563031e-05,3.945e-05
61,3.05,0.03283691,0.001,0.0019635,0.0031415926535897933,2.465630765703789e-05,3.945e-05
62,3.1,0.0330658,0.001,0.00314159,0.0031415926535897933,3.944996667801052e-05,3.945e-05
63,3.15,0.03314209,0.001,0.00314159,0.0031415926535897933,3.944996667801052e-05,3.945e-05
64,3.2,0.03321838,0.001,0.00314159,0.0031415926535897933,3.944996667801052e-05,3.945e-05
65,3.25,0.03321838,0.001,0.00314159,0.0031415926535897933,3.944996667801052e-05,3.945e-05
66,3.3,0.03327942,0.001,0.0023562,0.0031415926535897933,2.9587569188445467e-05,3.945e-05
67,3.35,0.03379822,0.001,0.0015708,0.0031415926535897933,1.972504612563031e-05,3.945e-05
68,3.4,0.03411865,0.001,0.0015708,0.0031415926535897933,1.972504612563031e-05,3.945e-05
69,3.45,0.03413391,0.001,0.0015708,0.0031415926535897933,1.972504612563031e-05,3.945e-05
70,3.5,0.0345459,0.001,0.00078539875,0.0031415926535897933,9.862507366158894e-06,3.945e-05
71,3.55,0.03468323,0.001,-0.02474006,0.0031415926535897933,-0.0003106689741856,3.945e-05
72,3.6,0.03430176,0.001,-0.06911509,0.0031415926535897933,-0.0008679006482219,3.945e-05
73,3.65,0.03408813,0.001,-0.15747245,0.0031415926535897933,-0.0019774327347631,3.945e-05
74,3.7,0.0340271,0.001,-0.22540944,0.0031415926535897933,-0.0028305395983909,3.945e-05
75,3.75,0.03337097,0.001,-0.28038735,0.0031415926535897933,-0.0035209150826287,3.945e-05
76,3.8,0.03352356,0.001,-0.30630551,0.0031415926535897933,-0.0038463778414086,3.945e-05
77,3.85,0.03381348,0.001,-0.34439735,0.0031415926535897933,-0.0043247094565156,3.945e-05
78,3.9,0.03396606,0.001,-0.39662637,0.0031415926535897933,-0.0049805662356068,3.945e-05
79,3.95,0.0340271,0.001,-0.41233434,0.0031415926535897933,-0.0051778163201434,3.945e-05
80,4.0,0.03445435,0.001,-0.41311974,0.0031415926535897933,-0.0051876788432062,3.945e-05
81,4.05,0.0344696,0.001,-0.41311974,0.0031415926535897933,-0.0051876788432062,3.945e-05
82,4.1,0.03445435,0.001,-0.41311974,0.0031415926535897933,-0.0051876788432062,3.945e-05
83,4.15,0.03468323,0.001,-0.41311974,0.0031415926535897933,-0.0051876788432062,3.945e-05
84,4.2,0.03344727,0.001,-0.41311974,0.0031415926535897933,-0.0051876788432062,3.945e-05
85,4.25,0.03540039,0.001,-0.41311974,0.0031415926535897933,-0.0051876788432062,3.945e-05
86,4.3,0.03520203,0.001,-0.41311974,0.0031415926535897933,-0.0051876788432062,3.945e-05
87,4.35,0.03507996,0.001,-0.42961312,0.0031415926535897933,-0.0053947915763788,3.945e-05
88,4.4,0.03520203,0.001,-0.49165962,0.0031415926535897933,-0.0061739296426087,3.945e-05
89,4.45,0.0350647,0.001,-0.55763311,0.0031415926535897933,-0.0070023801985795,3.945e-05
90,4.5,0.03491211,0.001,-0.61261102,0.0031415926535897933,-0.0076927556828173,3.945e-05
91,4.55,0.03501892,0.001,-0.67112323,0.0031415926535897933,-0.0084275125208377,3.945e-05
92,4.6,0.03520203,0.001,-0.72727924,0.0031415926535897933,-0.0091326817896698,3.945e-05
93,4.65,0.03527832,0.001,-0.80738992,0.0031415926535897933,-0.0101386576351979,3.945e-05
94,4.7,0.03529358,0.001,-0.85294304,0.0031415926535897933,-0.0107106829682552,3.945e-05
95,4.75,0.03530884,0.001,-0.85255034,0.0031415926535897933,-0.0107057517067238,3.945e-05
96,4.8,0.03520203,0.001,-0.84980145,0.0031415926535897933,-0.0106712330015772,3.945e-05
97,4.85,0.03517151,0.001,-0.84980145,0.0031415926535897933,-0.0106712330015772,3.945e-05
98,4.9,0.03517151,0.001,-0.84980145,0.0031415926535897933,-0.0106712330015772,3.945e-05
99,4.95,0.03491211,0.001,-0.84862335,0.0031415926535897933,-0.010656439216983,3.945e-05
100,5.0,0.0348053,0.001,-0.85294304,0.0031415926535897933,-0.0107106829682552,3.945e-05
101,5.05,0.03491211,0.001,-0.8820028,0.0031415926535897933,-0.0110755958192864,3.945e-05
102,5.1,0.03486633,0.001,-0.93933691,0.0031415926535897933,-0.0117955588727126,3.945e-05
103,5.15,0.03515625,0.001,-1.00845199,0.0031415926535897933,-0.0126634593953613,3.945e-05
104,5.2,0.03517151,0.001,-1.0681423,0.0031415926535897933,-0.013413010017976,3.945e-05
105,5.25,0.03543091,0.001,-1.13450849,0.0031415926535897933,-0.0142463918354782,3.945e-05
106,5.3,0.03559875,0.001,-1.16945874,0.0031415926535897933,-0.0146852734839072,3.945e-05
107,5.35,0.03605652,0.001,-1.18084702,0.0031415926535897933,-0.0148282798171715,3.945e-05
108,5.4,0.03590393,0.001,-1.17809812,0.0031415926535897933,-0.0147937609864517,3.945e-05
109,5.45,0.03562927,0.001,-1.17809812,0.0031415926535897933,-0.0147937609864517,3.945e-05
110,5.5,0.03570557,0.001,-1.17809812,0.0031415926535897933,-0.0147937609864517,3.945e-05
111,5.55,0.03572083,0.001,-1.17809812,0.0031415926535897933,-0.0147937609864517,3.945e-05
112,5.6,0.03564453,0.001,-1.17809812,0.0031415926535897933,-0.0147937609864517,3.945e-05
113,5.65,0.03543091,0.001,-1.18163242,0.0031415926535897933,-0.0148381423402343,3.945e-05
114,5.7,0.03605652,0.001,-1.20558708,0.0031415926535897933,-0.0151389487913572,3.945e-05
115,5.75,0.03591919,0.001,-1.26370659,0.0031415926535897933,-0.0158687743678463,3.945e-05
116,5.8,0.03552246,0.001,-1.3194699,0.0031415926535897933,-0.0165690123751469,3.945e-05
117,5.85,0.03591919,0.001,-1.37680401,0.0031415926535897933,-0.0172889754285731,3.945e-05
118,5.9,0.03717041,0.001,-1.41921554,0.0031415926535897933,-0.0178215507949524,3.945e-05
119,5.95,0.03749084,0.001,-1.47222996,0.0031415926535897933,-0.0184872700971064,3.945e-05
120,6.0,0.0372467,0.001,-1.52995677,0.0031415926535897933,-0.0192121644120641,3.945e-05
121,6.05,0.03695679,0.001,-1.59396676,0.0031415926535897933,-0.0200159586603778,3.945e-05
122,6.1,0.03863525,0.001,-1.65169357,0.0031415926535897933,-0.0207408529753354,3.945e-05
123,6.15,0.0390625,0.001,-1.70824228,0.0031415926535897933,-0.0214509535056989,3.945e-05
124,6.2,0.0390625,0.001,-1.72473566,0.0031415926535897933,-0.0216580662388715,3.945e-05
125,6.25,0.03897095,0.001,-1.71727437,0.0031415926535897933,-0.021564372395348,3.945e-05
126,6.3,0.03892517,0.001,-1.6941051,0.0031415926535897933,-0.0212734283417147,3.945e-05
127,6.35,0.03898621,0.001,-1.69331971,0.0031415926535897933,-0.0212635659442251,3.945e-05
128,6.4,0.03900146,0.001,-1.69331971,0.0031415926535897933,-0.0212635659442251,3.945e-05
129,6.45,0.03901672,0.001,-1.69331971,0.0031415926535897933,-0.0212635659442251,3.945e-05
130,6.5,0.03909302,0.001,-1.6972467,0.0031415926535897933,-0.021312878433966,3.945e-05
131,6.55,0.03948975,0.001,-1.72237946,0.0031415926535897933,-0.0216284786696831,3.945e-05
132,6.6,0.03887939,0.001,-1.76714719,0.0031415926535897933,-0.0221906416052508,3.945e-05
133,6.65,0.03845215,0.001,-1.85157755,0.0031415926535897933,-0.0232508610764779,3.945e-05
134,6.7,0.04074097,0.001,-1.92893933,0.0031415926535897933,-0.0242223180912862,3.945e-05
135,6.75,0.03871155,0.001,-2.01808209,0.0031415926535897933,-0.0253417127008902,3.945e-05
136,6.8,0.03855896,0.001,-2.07816509,0.0031415926535897933,-0.0260961944594631,3.945e-05
137,6.85,0.03901672,0.001,-2.12646712,0.0031415926535897933,-0.0267027387488135,3.945e-05
138,6.9,0.0393219,0.001,-2.18812092,0.0031415926535897933,-0.0274769455535119,3.945e-05
139,6.95,0.03869629,0.001,-2.24388423,0.0031415926535897933,-0.0281771835608126,3.945e-05
140,7.0,0.03794861,0.001,-2.29336435,0.0031415926535897933,-0.0287985215091839,3.945e-05
141,7.05,0.03767395,0.001,-2.325173,0.0031415926535897933,-0.0291979530653617,3.945e-05
142,7.1,0.03739929,0.001,-2.33106349,0.0031415926535897933,-0.0292719218627595,3.945e-05
143,7.15,0.03753662,0.001,-2.32870729,0.0031415926535897933,-0.0292423342935711,3.945e-05
144,7.2,0.03733826,0.001,-2.3247803,0.0031415926535897933,-0.0291930218038303,3.945e-05
145,7.25,0.03727722,0.001,-2.3247803,0.0031415926535897933,-0.0291930218038303,3.945e-05
146,7.3,0.03726196,0.001,-2.3247803,0.0031415926535897933,-0.0291930218038303,3.945e-05
147,7.35,0.03733826,0.001,-2.3247803,0.0031415926535897933,-0.0291930218038303,3.945e-05
148,7.4,0.0372467,0.001,-2.3247803,0.0031415926535897933,-0.0291930218038303,3.945e-05
149,7.45,0.03709412,0.001,-2.33499048,0.0031415926535897933,-0.0293212343525004,3.945e-05
150,7.5,0.03739929,0.001,-2.37661662,0.0031415926535897933,-0.0298439473213901,3.945e-05
151,7.55,0.03703308,0.001,-2.46065428,0.0031415926535897933,-0.0308992355310858,3.945e-05
152,7.6,0.03601074,0.001,-2.54626275,0.0031415926535897933,-0.0319742489124804,3.945e-05
153,7.65,0.03555298,0.001,-2.61105814,0.0031415926535897933,-0.0327879056838569,3.945e-05
154,7.7,0.03518677,0.001,-2.68056593,0.0031415926535897933,-0.0336607375936103,3.945e-05
155,7.75,0.0349884,0.001,-2.74064894,0.0031415926535897933,-0.0344152194777564,3.945e-05
156,7.8,0.03488159,0.001,-2.77088679,0.0031415926535897933,-0.0347949259878085,3.945e-05
157,7.85,0.03437805,0.001,-2.81683262,0.0031415926535897933,-0.0353718827079705,3.945e-05
158,7.9,0.03407288,0.001,-2.87927182,0.0031415926535897933,-0.0361559520357318,3.945e-05
159,7.95,0.03384399,0.001,-2.9546701,0.0031415926535897933,-0.037102752742883,3.945e-05
160,8.0,0.03396606,0.001,-3.0190728,0.0031415926535897933,-0.0379114783783014,3.945e-05
161,8.05,0.0337677,0.001,-3.0771923,0.0031415926535897933,-0.0386413038292172,3.945e-05
162,8.1,0.03399658,0.001,-3.13059942,0.0031415926535897933,-0.0393119543929026,3.945e-05
163,8.15,0.03416443,0.001,-3.18165034,0.0031415926535897933,-0.0399530173873996,3.945e-05
164,8.2,0.03465271,0.001,-3.23584285,0.0031415926535897933,-0.0406335303485746,3.945e-05
165,8.25,0.03526306,0.001,-3.29749665,0.0031415926535897933,-0.0414077371532731,3.945e-05
166,8.3,0.03613281,0.001,-3.35365266,0.0031415926535897933,-0.0421129064221051,3.945e-05
167,8.35,0.03688049,0.001,-3.40980867,0.0031415926535897933,-0.0428180756909371,3.945e-05
168,8.4,0.03691101,0.001,-3.46203769,0.0031415926535897933,-0.0434739324700284,3.945e-05
169,8.45,0.03718567,0.001,-3.50366382,0.0031415926535897933,-0.0439966453133448,3.945e-05
170,8.5,0.03807068,0.001,-3.54371916,0.0031415926535897933,-0.0444996332361089,3.945e-05
171,8.55,0.03993225,0.001,-3.57552781,0.0031415926535897933,-0.0448990647922866,3.945e-05
172,8.6,0.03997803,0.001,-3.5845599,0.0031415926535897933,-0.0450124836819358,3.945e-05
173,8.65,0.03993225,0.001,-3.5814183,0.0031415926535897933,-0.0449730335896845,3.945e-05
174,8.7,0.04020691,0.001,-3.5814183,0.0031415926535897933,-0.0449730335896845,3.945e-05
175,8.75,0.04011536,0.001,-3.5814183,0.0031415926535897933,-0.0449730335896845,3.945e-05
176,8.8,0.03996277,0.001,-3.5814183,0.0031415926535897933,-0.0449730335896845,3.945e-05
177,8.85,0.04032898,0.001,-3.5814183,0.0031415926535897933,-0.0449730335896845,3.945e-05
178,8.9,0.04034424,0.001,-3.5814183,0.0031415926535897933,-0.0449730335896845,3.945e-05
179,8.95,0.04017639,0.001,-3.5814183,0.0031415926535897933,-0.0449730335896845,3.945e-05
180,9.0,0.0405426,0.001,-3.5814183,0.0031415926535897933,-0.0449730335896845,3.945e-05
181,9.05,0.04144287,0.001,-3.57749131,0.0031415926535897933,-0.0449237210999437,3.945e-05
182,9.1,0.04130554,0.001,-3.58534529,0.0031415926535897933,-0.0450223460794253,3.945e-05
183,9.15,0.04330444,0.001,-3.62382983,0.0031415926535897933,-0.0455056089560638,3.945e-05
184,9.2,0.04508972,0.001,-3.69294492,0.0031415926535897933,-0.0463735096042858,3.945e-05
185,9.25,0.04483032,0.001,-3.76520161,0.0031415926535897933,-0.047280860344759,3.945e-05
186,9.3,0.04447937,0.001,-3.8351021,0.0031415926535897933,-0.0481586235160438,3.945e-05
187,9.35,0.04753113,0.001,-3.90500259,0.0031415926535897933,-0.0490363866873286,3.945e-05
188,9.4,0.0514679,0.001,-3.96940528,0.0031415926535897933,-0.0498451121971737,3.945e-05
189,9.45,0.05625916,0.001,-4.04009117,0.0031415926535897933,-0.0507327378915213,3.945e-05
190,9.5,0.05725098,0.001,-4.11313325,0.0031415926535897933,-0.0516499510294841,3.945e-05
191,9.55,0.0528717,0.001,-4.18146295,0.0031415926535897933,-0.0525079892802165,3.945e-05
192,9.6,0.0526123,0.001,-4.24743644,0.0031415926535897933,-0.0533364398361873,3.945e-05
193,9.65,0.05392456,0.001,-4.30751944,0.0031415926535897933,-0.0540909215947601,3.945e-05
194,9.7,0.05737305,0.001,-4.37388564,0.0031415926535897933,-0.0549243035378355,3.945e-05
195,9.75,0.06628418,0.001,-4.43907374,0.0031415926535897933,-0.0557428916963166,3.945e-05
196,9.8,0.06507874,0.001,-4.51133042,0.0031415926535897933,-0.0566502423112166,3.945e-05
197,9.85,0.05976868,0.001,-4.5894776,0.0031415926535897933,-0.0576315618490877,3.945e-05
198,9.9,0.05531311,0.001,-4.65427299,0.0031415926535897933,-0.0584452186204642,3.945e-05
199,9.95,0.05206299,0.001,-4.69668453,0.0031415926535897933,-0.0589777941124168,3.945e-05
200,10.0,0.05158997,0.001,-4.7123925,0.0031415926535897933,-0.0591750441969533,3.945e-05
201,10.05,0.05184937,0.001,-4.7123925,0.0031415926535897933,-0.0591750441969533,3.945e-05
202,10.1,0.05178833,0.001,-4.72967127,0.0031415926535897933,-0.0593920193276155,3.945e-05
203,10.15,0.05198669,0.001,-4.78936158,0.0031415926535897933,-0.0601415699502302,3.945e-05
204,10.2,0.05316162,0.001,-4.84433949,0.0031415926535897933,-0.060831945434468,3.945e-05
205,10.25,0.05358887,0.001,-4.84905188,0.0031415926535897933,-0.0608911204472716,3.945e-05
206,10.3,0.05326843,0.001,-4.84983728,0.0031415926535897933,-0.0609009829703345,3.945e-05
207,10.35,0.05360413,0.001,-4.85180078,0.0031415926535897933,-0.0609256392779915,3.945e-05
208,10.4,0.054245,0.001,-4.88203863,0.0031415926535897933,-0.0613053457880436,3.945e-05
209,10.45,0.05496216,0.001,-4.91384728,0.0031415926535897933,-0.0617047773442214,3.945e-05
210,10.5,0.05497742,0.001,-4.94644133,0.0031415926535897933,-0.062114071423462,3.945e-05
211,10.55,0.05397034,0.001,-4.96961059,0.0031415926535897933,-0.062405015351522,3.945e-05
212,10.6,0.05117798,0.001,-5.01398562,0.0031415926535897933,-0.0629622470255583,3.945e-05
213,10.65,0.04766846,0.001,-5.06974893,0.0031415926535897933,-0.063662485032859,3.945e-05
214,10.7,0.04522705,0.001,-5.10744807,0.0031415926535897933,-0.0641358853864346,3.945e-05
215,10.75,0.04095459,0.001,-5.14868151,0.0031415926535897933,-0.0646536670937929,3.945e-05
216,10.8,0.03846741,0.001,-5.22447249,0.0031415926535897933,-0.0656053990624755,3.945e-05
217,10.85,0.03640747,0.001,-5.30458316,0.0031415926535897933,-0.0666113747824304,3.945e-05
218,10.9,0.03594971,0.001,-5.33207211,0.0031415926535897933,-0.0669565624617627,3.945e-05
219,10.95,0.03579712,0.001,-5.3430677,0.0031415926535897933,-0.0670946376590689,3.945e-05
220,11.0,0.03553772,0.001,-5.34542389,0.0031415926535897933,-0.0671242251026841,3.945e-05
221,11.05,0.03570557,0.001,-5.32893052,0.0031415926535897933,-0.0669171124950847,3.945e-05
222,11.1,0.0357666,0.001,-5.32657432,0.0031415926535897933,-0.0668875249258963,3.945e-05
223,11.15,0.03572083,0.001,-5.32657432,0.0031415926535897933,-0.0668875249258963,3.945e-05
224,11.2,0.03575134,0.001,-5.32657432,0.0031415926535897933,-0.0668875249258963,3.945e-05
225,11.25,0.03581238,0.001,-5.32657432,0.0031415926535897933,-0.0668875249258963,3.945e-05
226,11.3,0.03565979,0.001,-5.32657432,0.0031415926535897933,-0.0668875249258963,3.945e-05
227,11.35,0.03561401,0.001,-5.32657432,0.0031415926535897933,-0.0668875249258963,3.945e-05
228,11.4,0.03588867,0.001,-5.3438531,0.0031415926535897933,-0.0671045001821317,3.945e-05
229,11.45,0.03518677,0.001,-5.39372592,0.0031415926535897933,-0.0677307693920344,3.945e-05
230,11.5,0.03549194,0.001,-5.45302352,0.0031415926535897933,-0.0684753886275445,3.945e-05
231,11.55,0.03684998,0.001,-5.51467732,0.0031415926535897933,-0.069249595432243,3.945e-05
232,11.6,0.0390625,0.001,-5.57318953,0.0031415926535897933,-0.0699843522702635,3.945e-05
233,11.65,0.04275513,0.001,-5.64112652,0.0031415926535897933,-0.0708374591338912,3.945e-05
234,11.7,0.04579163,0.001,-5.69099934,0.0031415926535897933,-0.071463728343794,3.945e-05
235,11.75,0.05055237,0.001,-5.72202259,0.0031415926535897933,-0.0718532973769089,3.945e-05
236,11.8,0.05392456,0.001,-5.75854364,0.0031415926535897933,-0.0723119040714636,3.945e-05
237,11.85,0.05885315,0.001,-5.82844412,0.0031415926535897933,-0.0731896671171751,3.945e-05
238,11.9,0.06410217,0.001,-5.9046278,0.0031415926535897933,-0.0741463303473892,3.945e-05
239,11.95,0.07737732,0.001,-5.95960572,0.0031415926535897933,-0.0748367059572003,3.945e-05
240,12.0,0.08091736,0.001,-5.98159688,0.0031415926535897933,-0.0751128561006661,3.945e-05
241,12.05,0.08625793,0.001,-6.01183473,0.0031415926535897933,-0.0754925626107182,3.945e-05
242,12.1,0.0925293,0.001,-6.04599958,0.0031415926535897933,-0.0759215817360844,3.945e-05
243,12.15,0.10784912,0.001,-6.08369872,0.0031415926535897933,-0.0763949820896601,3.945e-05
244,12.2,0.118927,0.001,-6.11354387,0.0031415926535897933,-0.0767697573381808,3.945e-05
245,12.25,0.13378906,0.001,-6.14653062,0.0031415926535897933,-0.0771839826789528,3.945e-05
246,12.3,0.14389038,0.001,-6.16616559,0.0031415926535897933,-0.0774305453788034,3.945e-05
247,12.35,0.15505981,0.001,-6.17755387,0.0031415926535897933,-0.0775735517120677,3.945e-05
248,12.4,0.16885376,0.001,-6.20936252,0.0031415926535897933,-0.0779729832682455,3.945e-05
249,12.45,0.18505859,0.001,-6.23763687,0.0031415926535897933,-0.0783280334706406,3.945e-05
250,12.5,0.20155334,0.001,-6.25334485,0.0031415926535897933,-0.0785252836807504,3.945e-05
251,12.55,0.20057678,0.001,-6.25491565,0.0031415926535897933,-0.078545008726876,3.945e-05
252,12.6,0.20018005,0.001,-6.25491565,0.0031415926535897933,-0.078545008726876,3.945e-05
253,12.65,0.19743347,0.001,-6.24823976,0.0031415926535897933,-0.0784611774064153,3.945e-05
254,12.7,0.20135498,0.001,-6.24470546,0.0031415926535897933,-0.0784167960526327,3.945e-05
255,12.75,0.21502686,0.001,-6.24117117,0.0031415926535897933,-0.0783724148244232,3.945e-05
256,12.8,0.2149353,0.001,-6.24077847,0.0031415926535897933,-0.0783674835628918,3.945e-05
257,12.85,0.21534729,0.001,-6.24077847,0.0031415926535897933,-0.0783674835628918,3.945e-05
258,12.9,0.2166748,0.001,-6.24077847,0.0031415926535897933,-0.0783674835628918,3.945e-05
259,12.95,0.21672058,0.001,-6.24077847,0.0031415926535897933,-0.0783674835628918,3.945e-05
260,13.0,0.2175293,0.001,-6.24234927,0.0031415926535897933,-0.0783872086090175,3.945e-05
261,13.05,0.21913147,0.001,-6.27612141,0.0031415926535897933,-0.078811296347279,3.945e-05
262,13.1,0.29673767,0.001,-6.37822325,0.0031415926535897933,-0.080093422336273,3.945e-05
263,13.15,0.3910675,0.001,-6.50153085,0.0031415926535897933,-0.08164183594567,3.945e-05
264,13.2,0.54722595,0.001,-6.62876545,0.0031415926535897933,-0.083239562170381,3.945e-05
265,13.25,0.58674622,0.001,-6.73165269,0.0031415926535897933,-0.0845315506824378,3.945e-05
266,13.3,0.62266541,0.001,-6.83218373,0.0031415926535897933,-0.0857939516253061,3.945e-05
267,13.35,0.67497253,0.001,-6.91504329,0.0031415926535897933,-0.0868344460504076,3.945e-05
268,13.4,0.69737244,0.001,-6.99633207,0.0031415926535897933,-0.08785521568053,3.945e-05
269,13.45,0.71173096,0.001,-7.07251574,0.0031415926535897933,-0.0888118787851708,3.945e-05
270,13.5,0.74041748,0.001,-7.13770384,0.0031415926535897933,-0.089630466943652,3.945e-05
271,13.55,0.7605896,0.001,-7.18639856,0.0031415926535897933,-0.0902419423689605,3.945e-05
272,13.6,0.76928711,0.001,-7.20681893,0.0031415926535897933,-0.090498367591874,3.945e-05
273,13.65,0.76898193,0.001,-7.20642623,0.0031415926535897933,-0.0904934363303426,3.945e-05
274,13.7,0.77870178,0.001,-7.20210654,0.0031415926535897933,-0.0904391925790703,3.945e-05
275,13.75,0.78317261,0.001,-7.19896494,0.0031415926535897933,-0.090399742486819,3.945e-05
276,13.8,0.78251648,0.001,-7.19896494,0.0031415926535897933,-0.090399742486819,3.945e-05
277,13.85,0.78245544,0.001,-7.19896494,0.0031415926535897933,-0.090399742486819,3.945e-05
278,13.9,0.78244019,0.001,-7.19896494,0.0031415926535897933,-0.090399742486819,3.945e-05
279,13.95,0.78205872,0.001,-7.19896494,0.0031415926535897933,-0.090399742486819,3.945e-05
280,14.0,0.78309631,0.001,-7.19896494,0.0031415926535897933,-0.090399742486819,3.945e-05
281,14.05,0.78291321,0.001,-7.19896494,0.0031415926535897933,-0.090399742486819,3.945e-05
282,14.1,0.78401184,0.001,-7.19896494,0.0031415926535897933,-0.090399742486819,3.945e-05
283,14.15,0.7840271,0.001,-7.19896494,0.0031415926535897933,-0.090399742486819,3.945e-05
284,14.2,0.77636719,0.001,-7.21153132,0.0031415926535897933,-0.0905575426046776,3.945e-05
285,14.25,0.80439758,0.001,-7.26768733,0.0031415926535897933,-0.0912627118735096,3.945e-05
286,14.3,0.83068848,0.001,-7.35840089,0.0031415926535897933,-0.0924018315292393,3.945e-05
287,14.35,0.85113525,0.001,-7.44440205,0.0031415926535897933,-0.093481776046592,3.945e-05
288,14.4,0.87882996,0.001,-7.53668641,0.0031415926535897933,-0.0946406207484473,3.945e-05
289,14.45,0.92088318,0.001,-7.62347297,0.0031415926535897933,-0.0957304277888629,3.945e-05
290,14.5,0.93615723,0.001,-7.70083474,0.0031415926535897933,-0.0967018846780979,3.945e-05
291,14.55,0.95739746,0.001,-7.78055272,0.0031415926535897933,-0.0977029292620947,3.945e-05
292,14.6,1.00852966,0.001,-7.8555583,0.0031415926535897933,-0.0986447987077145,3.945e-05
293,14.65,1.01548767,0.001,-7.92938578,0.0031415926535897933,-0.0995718743687401,3.945e-05
294,14.7,1.01870728,0.001,-7.99457388,0.0031415926535897933,-0.1003904625272213,3.945e-05
295,14.75,1.05653381,0.001,-8.05976197,0.0031415926535897933,-0.1012090505601292,3.945e-05
296,14.8,1.08084106,0.001,-8.12102308,0.0031415926535897933,-0.1019783262288695,3.945e-05
297,14.85,1.103302,0.001,-8.18738927,0.0031415926535897933,-0.1028117080463717,3.945e-05
298,14.9,1.15979004,0.001,-8.27103424,0.0031415926535897933,-0.1038620651201092,3.945e-05
299,14.95,1.18582153,0.001,-8.34643252,0.0031415926535897933,-0.1048088658272605,3.945e-05
300,15.0,1.19778442,0.001,-8.39434184,0.0031415926535897933,-0.1054104787295062,3.945e-05
301,15.05,1.1998291,0.001,-8.47563061,0.0031415926535897933,-0.1064312482340553,3.945e-05
302,15.1,1.17330933,0.001,-8.54828,0.0031415926535897933,-0.10734353023606,3.945e-05
303,15.15,1.15240479,0.001,-8.57498355,0.0031415926535897933,-0.1076788553923294,3.945e-05
304,15.2,1.14752197,0.001,-8.57812515,0.0031415926535897933,-0.1077183054845807,3.945e-05
305,15.25,1.14839172,0.001,-8.57694705,0.0031415926535897933,-0.1077035116999865,3.945e-05
306,15.3,1.1496582,0.001,-8.57341276,0.0031415926535897933,-0.1076591304717771,3.945e-05
307,15.35,1.14912415,0.001,-8.57223466,0.0031415926535897933,-0.1076443366871828,3.945e-05
308,15.4,1.14886475,0.001,-8.57184196,0.0031415926535897933,-0.1076394054256514,3.945e-05
309,15.45,1.14883423,0.001,-8.57184196,0.0031415926535897933,-0.1076394054256514,3.945e-05
310,15.5,1.1481781,0.001,-8.57184196,0.0031415926535897933,-0.1076394054256514,3.945e-05
311,15.55,1.14874268,0.001,-8.57184196,0.0031415926535897933,-0.1076394054256514,3.945e-05
312,15.6,1.14836121,0.001,-8.57184196,0.0031415926535897933,-0.1076394054256514,3.945e-05
313,15.65,1.14712524,0.001,-8.57144926,0.0031415926535897933,-0.10763447416412,3.945e-05
314,15.7,1.13830566,0.001,-8.56870036,0.0031415926535897933,-0.1075999553334002,3.945e-05
315,15.75,1.12759399,0.001,-8.56830766,0.0031415926535897933,-0.1075950240718688,3.945e-05
316,15.8,1.12791443,0.001,-8.58126674,0.0031415926535897933,-0.1077577554512587,3.945e-05
317,15.85,1.08946228,0.001,-8.62603447,0.0031415926535897933,-0.1083199183868264,3.945e-05
318,15.9,0.97216797,0.001,-8.72028232,0.0031415926535897933,-0.1095034192707655,3.945e-05
319,15.95,0.66563416,0.001,-8.82984545,0.0031415926535897933,-0.110879239103283,3.945e-05
320,16.0,0.54154968,0.001,-8.93626698,0.0031415926535897933,-0.1122156088435491,3.945e-05
321,16.05,0.44143677,0.001,-9.05761108,0.0031415926535897933,-0.1137393661452891,3.945e-05
322,16.1,0.35049438,0.001,-9.16403262,0.0031415926535897933,-0.1150757360111286,3.945e-05
323,16.15,0.33772278,0.001,-9.25631697,0.0031415926535897933,-0.1162345805874106,3.945e-05
324,16.2,0.33349609,0.001,-9.33996194,0.0031415926535897933,-0.1172849376611481,3.945e-05
325,16.25,0.33015442,0.001,-9.41810911,0.0031415926535897933,-0.118266257073446,3.945e-05
326,16.3,0.28179932,0.001,-9.50175408,0.0031415926535897933,-0.1193166141471835,3.945e-05
327,16.35,0.23704529,0.001,-9.57479616,0.0031415926535897933,-0.1202338272851464,3.945e-05
328,16.4,0.18777466,0.001,-9.64783825,0.0031415926535897933,-0.1211510405486824,3.945e-05
329,16.45,0.11767578,0.001,-9.71616794,0.0031415926535897933,-0.1220090786738416,3.945e-05
330,16.5,0.09945679,0.001,-9.77585824,0.0031415926535897933,-0.122758629170883,3.945e-05
331,16.55,0.08615112,0.001,-9.83083615,0.0031415926535897933,-0.1234490046551208,3.945e-05
332,16.6,0.08016968,0.001,-9.8677499,0.0031415926535897933,-0.1239125426112069,3.945e-05
333,16.65,0.07121277,0.001,-9.90584173,0.0031415926535897933,-0.1243908741007407,3.945e-05
334,16.7,0.07003784,0.001,-9.91958621,0.0031415926535897933,-0.1245634680031935,3.945e-05
335,16.75,0.06997681,0.001,-9.91801542,0.0031415926535897933,-0.1245437430826411,3.945e-05
336,16.8,0.07008362,0.001,-9.91644462,0.0031415926535897933,-0.1245240180365155,3.945e-05
337,16.85,0.06988525,0.001,-9.91644462,0.0031415926535897933,-0.1245240180365155,3.945e-05
338,16.9,0.07009888,0.001,-9.91644462,0.0031415926535897933,-0.1245240180365155,3.945e-05
339,16.95,0.06994629,0.001,-9.91644462,0.0031415926535897933,-0.1245240180365155,3.945e-05
340,17.0,0.06982422,0.001,-9.91644462,0.0031415926535897933,-0.1245240180365155,3.945e-05
341,17.05,0.06973267,0.001,-9.91644462,0.0031415926535897933,-0.1245240180365155,3.945e-05
342,17.1,0.06982422,0.001,-9.91723002,0.0031415926535897933,-0.1245338805595783,3.945e-05
343,17.15,0.06983948,0.001,-9.92037161,0.0031415926535897933,-0.1245733305262563,3.945e-05
344,17.2,0.06213379,0.001,-9.95885615,0.0031415926535897933,-0.1250565934028947,3.945e-05
345,17.25,0.05351257,0.001,-10.07470247,0.0031415926535897933,-0.1265113132943415,3.945e-05
346,17.3,0.04792786,0.001,-10.15834743,0.0031415926535897933,-0.1275616702425058,3.945e-05
347,17.35,0.042099,0.001,-10.25966387,0.0031415926535897933,-0.1288339337084369,3.945e-05
348,17.4,0.04072571,0.001,-10.34841393,0.0031415926535897933,-0.1299483970565095,3.945e-05
349,17.45,0.04229736,0.001,-10.42538301,0.0031415926535897933,-0.1309149228097864,3.945e-05
350,17.5,0.04495239,0.001,-10.49685429,0.0031415926535897933,-0.1318124109016236,3.945e-05
351,17.55,0.04953003,0.001,-10.57185987,0.0031415926535897933,-0.1327542803472435,3.945e-05
352,17.6,0.05979919,0.001,-10.64686546,0.0031415926535897933,-0.1336961499184366,3.945e-05
353,17.65,0.06169128,0.001,-10.72501263,0.0031415926535897933,-0.1346774693307344,3.945e-05
354,17.7,0.06228638,0.001,-10.80080361,0.0031415926535897933,-0.1356292012994171,3.945e-05
355,17.75,0.06489563,0.001,-10.8707041,0.0031415926535897933,-0.1365069644707018,3.945e-05
356,17.8,0.07937622,0.001,-10.94217539,0.0031415926535897933,-0.1374044526881123,3.945e-05
357,17.85,0.08050537,0.001,-10.95631256,0.0031415926535897933,-0.1375819777265232,3.945e-05
358,17.9,0.08045959,0.001,-10.95474177,0.0031415926535897933,-0.1375622528059708,3.945e-05
359,17.95,0.08119202,0.001,-10.95199287,0.0031415926535897933,-0.137527733975251,3.945e-05
360,18.0,0.08178711,0.001,-10.95160017,0.0031415926535897933,-0.1375228027137196,3.945e-05
361,18.05,0.08181763,0.001,-10.95160017,0.0031415926535897933,-0.1375228027137196,3.945e-05
362,18.1,0.08192444,0.001,-10.95160017,0.0031415926535897933,-0.1375228027137196,3.945e-05
363,18.15,0.08184814,0.001,-10.95160017,0.0031415926535897933,-0.1375228027137196,3.945e-05
364,18.2,0.08209229,0.001,-10.95002937,0.0031415926535897933,-0.1375030776675939,3.945e-05
365,18.25,0.08259583,0.001,-10.95160017,0.0031415926535897933,-0.1375228027137196,3.945e-05
366,18.3,0.0838623,0.001,-10.98537232,0.0031415926535897933,-0.1379468905775544,3.945e-05
367,18.35,0.09217834,0.001,-11.10161133,0.0031415926535897933,-0.1394065416049593,3.945e-05
368,18.4,0.08311462,0.001,-11.22177734,0.0031415926535897933,-0.1409155052476782,3.945e-05
369,18.45,0.08735657,0.001,-11.31798869,0.0031415926535897933,-0.1421236624392743,3.945e-05
370,18.5,0.10081482,0.001,-11.40163365,0.0031415926535897933,-0.1431740193874386,3.945e-05
371,18.55,0.09613037,0.001,-11.48999101,0.0031415926535897933,-0.1442835514739799,3.945e-05
372,18.6,0.08427429,0.001,-11.56892359,0.0031415926535897933,-0.1452747335349138,3.945e-05
373,18.65,0.08088684,0.001,-11.63882408,0.0031415926535897933,-0.1461524967061986,3.945e-05
374,18.7,0.08595276,0.001,-11.71736395,0.0031415926535897933,-0.1471387473800278,3.945e-05
375,18.75,0.09008789,0.001,-11.79472573,0.0031415926535897933,-0.1481102043948361,3.945e-05
376,18.8,0.08119202,0.001,-11.85009634,0.0031415926535897933,-0.1488055111406054,3.945e-05
377,18.85,0.0788269,0.001,-11.86109192,0.0031415926535897933,-0.1489435862123382,3.945e-05
378,18.9,0.07514954,0.001,-11.85245254,0.0031415926535897933,-0.1488350987097938,3.945e-05
379,18.95,0.07125854,0.001,-11.83910076,0.0031415926535897933,-0.1486674360688724,3.945e-05
380,19.0,0.0713501,0.001,-11.83752996,0.0031415926535897933,-0.1486477110227468,3.945e-05
381,19.05,0.07142639,0.001,-11.83752996,0.0031415926535897933,-0.1486477110227468,3.945e-05
382,19.1,0.07174683,0.001,-11.83752996,0.0031415926535897933,-0.1486477110227468,3.945e-05
383,19.15,0.07174683,0.001,-11.83752996,0.0031415926535897933,-0.1486477110227468,3.945e-05
384,19.2,0.0721283,0.001,-11.83752996,0.0031415926535897933,-0.1486477110227468,3.945e-05
385,19.25,0.07188416,0.001,-11.83752996,0.0031415926535897933,-0.1486477110227468,3.945e-05
386,19.3,0.07069397,0.001,-11.83988616,0.0031415926535897933,-0.1486772985919353,3.945e-05
387,19.35,0.0710907,0.001,-11.85991382,0.0031415926535897933,-0.148928792427744,3.945e-05
388,19.4,0.06895447,0.001,-11.92078223,0.0031415926535897933,-0.149693136834953,3.945e-05
389,19.45,0.06419373,0.001,-12.01345928,0.0031415926535897933,-0.1508569126727664,3.945e-05
390,19.5,0.06129456,0.001,-12.11634652,0.0031415926535897933,-0.1521489011848232,3.945e-05
391,19.55,0.05317688,0.001,-12.22041185,0.0031415926535897933,-0.1534556833559009,3.945e-05
392,19.6,0.05053711,0.001,-12.31191081,0.0031415926535897933,-0.1546046655346934,3.945e-05
393,19.65,0.05029297,0.001,-12.39751927,0.0031415926535897933,-0.1556796787905147,3.945e-05
394,19.7,0.04342651,0.001,-12.48077154,0.0031415926535897933,-0.1567251046027209,3.945e-05
395,19.75,0.04199219,0.001,-12.57580479,0.0031415926535897933,-0.1579184680097228,3.945e-05
396,19.8,0.04147339,0.001,-12.66534024,0.0031415926535897933,-0.159042793755285,3.945e-05
397,19.85,0.04095459,0.001,-12.75998079,0.0031415926535897933,-0.1602312259007554,3.945e-05
398,19.9,0.0418396,0.001,-12.82870318,0.0031415926535897933,-0.161094195287446,3.945e-05
399,19.95,0.04188538,0.001,-12.85737024,0.0031415926535897933,-0.1614541768769458,3.945e-05
400,20.0,0.04208374,0.001,-12.85854834,0.0031415926535897933,-0.16146897066154,3.945e-05
401,20.05,0.04212952,0.001,-12.84598196,0.0031415926535897933,-0.1613111705436814,3.945e-05
402,20.1,0.04229736,0.001,-12.84598196,0.0031415926535897933,-0.1613111705436814,3.945e-05
403,20.15,0.04231262,0.001,-12.84598196,0.0031415926535897933,-0.1613111705436814,3.945e-05
404,20.2,0.04255676,0.001,-12.84598196,0.0031415926535897933,-0.1613111705436814,3.945e-05
405,20.25,0.0422821,0.001,-12.84598196,0.0031415926535897933,-0.1613111705436814,3.945e-05
406,20.3,0.04234314,0.001,-12.84598196,0.0031415926535897933,-0.1613111705436814,3.945e-05
407,20.35,0.04234314,0.001,-12.84833815,0.0031415926535897933,-0.1613407579872966,3.945e-05
408,20.4,0.04251099,0.001,-12.86954392,0.0031415926535897933,-0.1616070457332729,3.945e-05
409,20.45,0.04321289,0.001,-12.91313355,0.0031415926535897933,-0.1621544148842464,3.945e-05
410,20.5,0.04525757,0.001,-13.0093449,0.0031415926535897933,-0.1633625720758425,3.945e-05
411,20.55,0.04742432,0.001,-13.10791244,0.0031415926535897933,-0.1646003167110538,3.945e-05
412,20.6,0.05041504,0.001,-13.18056182,0.0031415926535897933,-0.1655125985874852,3.945e-05
413,20.65,0.05143738,0.001,-13.26538489,0.0031415926535897933,-0.166577749445817,3.945e-05
414,20.7,0.05458069,0.001,-13.35570574,0.0031415926535897933,-0.167711937714442,3.945e-05
415,20.75,0.05809021,0.001,-13.43542372,0.0031415926535897933,-0.1687129822984387,3.945e-05
416,20.8,0.05670166,0.001,-13.51671249,0.0031415926535897933,-0.1697337518029878,3.945e-05
417,20.85,0.05741882,0.001,-13.59878666,0.0031415926535897933,-0.1707643838305998,3.945e-05
418,20.9,0.06321716,0.001,-13.67536304,0.0031415926535897933,-0.1717259783223452,3.945e-05
419,20.95,0.05999756,0.001,-13.74369273,0.0031415926535897933,-0.1725840164475044,3.945e-05
420,21.0,0.05947876,0.001,-13.81673481,0.0031415926535897933,-0.1735012295854672,3.945e-05
421,21.05,0.06208801,0.001,-13.84186757,0.0031415926535897933,-0.1738168298211843,3.945e-05
422,21.1,0.06304932,0.001,-13.83715518,0.0031415926535897933,-0.1737576548083806,3.945e-05
423,21.15,0.06362915,0.001,-13.83126469,0.0031415926535897933,-0.1736836860109828,3.945e-05
424,21.2,0.06381226,0.001,-13.83087199,0.0031415926535897933,-0.1736787547494514,3.945e-05
425,21.25,0.06402588,0.001,-13.83087199,0.0031415926535897933,-0.1736787547494514,3.945e-05
426,21.3,0.06413269,0.001,-13.83087199,0.0031415926535897933,-0.1736787547494514,3.945e-05
427,21.35,0.06448364,0.001,-13.83087199,0.0031415926535897933,-0.1736787547494514,3.945e-05
428,21.4,0.06446838,0.001,-13.83087199,0.0031415926535897933,-0.1736787547494514,3.945e-05
429,21.45,0.06442261,0.001,-13.83519168,0.0031415926535897933,-0.1737329985007236,3.945e-05
430,21.5,0.06547546,0.001,-13.86935653,0.0031415926535897933,-0.1741620176260898,3.945e-05
431,21.55,0.0637207,0.001,-13.93297382,0.0031415926535897933,-0.1749608806128721,3.945e-05
432,21.6,0.06028748,0.001,-13.99109333,0.0031415926535897933,-0.1756907061893612,3.945e-05
433,21.65,0.06121826,0.001,-14.06492081,0.0031415926535897933,-0.1766177818503868,3.945e-05
434,21.7,0.06080627,0.001,-14.14267529,0.0031415926535897933,-0.1775941701267265,3.945e-05
435,21.75,0.05735779,0.001,-14.20511449,0.0031415926535897933,-0.1783782394544878,3.945e-05
436,21.8,0.05651855,0.001,-14.26755369,0.0031415926535897933,-0.1791623087822491,3.945e-05
437,21.85,0.05821228,0.001,-14.29975504,0.0031415926535897933,-0.1795666715999583,3.945e-05
438,21.9,0.05838013,0.001,-14.30289664,0.0031415926535897933,-0.1796061216922095,3.945e-05
439,21.95,0.05821228,0.001,-14.30368203,0.0031415926535897933,-0.1796159840896991,3.945e-05
440,22.0,0.05854797,0.001,-14.30368203,0.0031415926535897933,-0.1796159840896991,3.945e-05
441,22.05,0.0584259,0.001,-14.30368203,0.0031415926535897933,-0.1796159840896991,3.945e-05
442,22.1,0.05845642,0.001,-14.30368203,0.0031415926535897933,-0.1796159840896991,3.945e-05
443,22.15,0.05819702,0.001,-14.30368203,0.0031415926535897933,-0.1796159840896991,3.945e-05
444,22.2,0.05847168,0.001,-14.29739884,0.0031415926535897933,-0.1795370840307698,3.945e-05
445,22.25,0.05906677,0.001,-14.28640326,0.0031415926535897933,-0.1793990089590369,3.945e-05
446,22.3,0.05871582,0.001,-14.28640326,0.0031415926535897933,-0.1793990089590369,3.945e-05
447,22.35,0.05895996,0.001,-14.28640326,0.0031415926535897933,-0.1793990089590369,3.945e-05
448,22.4,0.05860901,0.001,-14.28640326,0.0031415926535897933,-0.1793990089590369,3.945e-05
449,22.45,0.0587616,0.001,-14.28012007,0.0031415926535897933,-0.1793201089001077,3.945e-05
450,22.5,0.0586853,0.001,-14.27933467,0.0031415926535897933,-0.1793102463770448,3.945e-05
451,22.55,0.05857849,0.001,-14.27854927,0.0031415926535897933,-0.179300383853982,3.945e-05
452,22.6,0.05870056,0.001,-14.27697848,0.0031415926535897933,-0.1792806589334296,3.945e-05
453,22.65,0.05828857,0.001,-14.2644121,0.0031415926535897933,-0.1791228588155711,3.945e-05
454,22.7,0.0584259,0.001,-14.24791872,0.0031415926535897933,-0.1789157460823985,3.945e-05
455,22.75,0.05773926,0.001,-14.23849394,0.0031415926535897933,-0.1787973960567912,3.945e-05
456,22.8,0.05741882,0.001,-14.22985455,0.0031415926535897933,-0.1786889084286735,3.945e-05
457,22.85,0.05717468,0.001,-14.21925167,0.0031415926535897933,-0.178555764618472,3.945e-05
458,22.9,0.05662537,0.001,-14.21571737,0.0031415926535897933,-0.1785113832646893,3.945e-05
459,22.95,0.05661011,0.001,-14.21571737,0.0031415926535897933,-0.1785113832646893,3.945e-05
460,23.0,0.05656433,0.001,-14.21571737,0.0031415926535897933,-0.1785113832646893,3.945e-05
461,23.05,0.05657959,0.001,-14.21571737,0.0031415926535897933,-0.1785113832646893,3.945e-05
462,23.1,0.05651855,0.001,-14.21571737,0.0031415926535897933,-0.1785113832646893,3.945e-05
463,23.15,0.05638123,0.001,-14.21571737,0.0031415926535897933,-0.1785113832646893,3.945e-05
464,23.2,0.05670166,0.001,-14.21571737,0.0031415926535897933,-0.1785113832646893,3.945e-05
465,23.25,0.056427,0.001,-14.21571737,0.0031415926535897933,-0.1785113832646893,3.945e-05
466,23.3,0.05633545,0.001,-14.21571737,0.0031415926535897933,-0.1785113832646893,3.945e-05
467,23.35,0.05647278,0.001,-14.21571737,0.0031415926535897933,-0.1785113832646893,3.945e-05
468,23.4,0.05656433,0.001,-14.21571737,0.0031415926535897933,-0.1785113832646893,3.945e-05
469,23.45,0.05639648,0.001,-14.21571737,0.0031415926535897933,-0.1785113832646893,3.945e-05
470,23.5,0.05665588,0.001,-14.21100498,0.0031415926535897933,-0.1784522082518857,3.945e-05
471,23.55,0.05651855,0.001,-14.17212774,0.0031415926535897933,-0.1779640141137158,3.945e-05
472,23.6,0.05667114,0.001,-14.15131468,0.0031415926535897933,-0.1777026577548442,3.945e-05
473,23.65,0.0569458,0.001,-14.15131468,0.0031415926535897933,-0.1777026577548442,3.945e-05
474,23.7,0.05714417,0.001,-14.14424609,0.0031415926535897933,-0.1776138951728521,3.945e-05
475,23.75,0.06196594,0.001,-14.10536885,0.0031415926535897933,-0.1771257010346823,3.945e-05
476,23.8,0.06297302,0.001,-14.05549603,0.0031415926535897933,-0.1764994318247795,3.945e-05
477,23.85,0.0606842,0.001,-13.99855462,0.0031415926535897933,-0.1757844000328847,3.945e-05
478,23.9,0.05938721,0.001,-13.96596057,0.0031415926535897933,-0.1753751059536441,3.945e-05
479,23.95,0.06167603,0.001,-13.92983223,0.0031415926535897933,-0.1749214306461941,3.945e-05
480,24.0,0.06481934,0.001,-13.87642511,0.0031415926535897933,-0.1742507800825087,3.945e-05
481,24.05,0.06494141,0.001,-13.8241961,0.0031415926535897933,-0.1735949234289907,3.945e-05
482,24.1,0.06359863,0.001,-13.80102683,0.0031415926535897933,-0.1733039793753574,3.945e-05
483,24.15,0.06033325,0.001,-13.77314518,0.0031415926535897933,-0.1729538604344937,3.945e-05
484,24.2,0.05984497,0.001,-13.71777457,0.0031415926535897933,-0.1722585536887245,3.945e-05
485,24.25,0.0632782,0.001,-13.65337187,0.0031415926535897933,-0.1714498280533062,3.945e-05
486,24.3,0.06408691,0.001,-13.59211077,0.0031415926535897933,-0.1706805525101391,3.945e-05
487,24.35,0.06111145,0.001,-13.5720831,0.0031415926535897933,-0.1704290585487571,3.945e-05
488,24.4,0.0602417,0.001,-13.56383641,0.0031415926535897933,-0.1703255021821707,3.945e-05
489,24.45,0.06034851,0.001,-13.56383641,0.0031415926535897933,-0.1703255021821707,3.945e-05
490,24.5,0.05995178,0.001,-13.56462181,0.0031415926535897933,-0.1703353647052335,3.945e-05
491,24.55,0.06031799,0.001,-13.56540721,0.0031415926535897933,-0.1703452272282964,3.945e-05
492,24.6,0.06047058,0.001,-13.56540721,0.0031415926535897933,-0.1703452272282964,3.945e-05
493,24.65,0.06057739,0.001,-13.56540721,0.0031415926535897933,-0.1703452272282964,3.945e-05
494,24.7,0.06040955,0.001,-13.56619261,0.0031415926535897933,-0.1703550897513592,3.945e-05
495,24.75,0.06074524,0.001,-13.56697801,0.0031415926535897933,-0.170364952274422,3.945e-05
496,24.8,0.06086731,0.001,-13.56697801,0.0031415926535897933,-0.170364952274422,3.945e-05
497,24.85,0.06098938,0.001,-13.56501451,0.0031415926535897933,-0.1703402959667649,3.945e-05
498,24.9,0.06088257,0.001,-13.55441163,0.0031415926535897933,-0.1702071521565634,3.945e-05
499,24.95,0.05769348,0.001,-13.5084658,0.0031415926535897933,-0.1696301954364015,3.945e-05
500,25.0,0.06001282,0.001,-13.42717703,0.0031415926535897933,-0.1686094259318524,3.945e-05
501,25.05,0.05882263,0.001,-13.35688384,0.0031415926535897933,-0.1677267314990362,3.945e-05
502,25.1,0.05514526,0.001,-13.30072783,0.0031415926535897933,-0.1670215622302042,3.945e-05
503,25.15,0.05342102,0.001,-13.24574992,0.0031415926535897933,-0.1663311867459664,3.945e-05
504,25.2,0.05343628,0.001,-13.17113704,0.0031415926535897933,-0.1653942485618779,3.945e-05
505,25.25,0.05140686,0.001,-13.10045115,0.0031415926535897933,-0.1645066228675303,3.945e-05
506,25.3,0.04904175,0.001,-13.03133606,0.0031415926535897933,-0.1636387222193083,3.945e-05
507,25.35,0.04777527,0.001,-12.98931723,0.0031415926535897933,-0.1631110781144605,3.945e-05
508,25.4,0.04779053,0.001,-12.97478735,0.0031415926535897933,-0.1629286216889449,3.945e-05
509,25.45,0.04826355,0.001,-12.97478735,0.0031415926535897933,-0.1629286216889449,3.945e-05
510,25.5,0.0478363,0.001,-12.97478735,0.0031415926535897933,-0.1629286216889449,3.945e-05
511,25.55,0.04774475,0.001,-12.97478735,0.0031415926535897933,-0.1629286216889449,3.945e-05
512,25.6,0.04800415,0.001,-12.97478735,0.0031415926535897933,-0.1629286216889449,3.945e-05
513,25.65,0.04823303,0.001,-12.97478735,0.0031415926535897933,-0.1629286216889449,3.945e-05
514,25.7,0.0480957,0.001,-12.97478735,0.0031415926535897933,-0.1629286216889449,3.945e-05
515,25.75,0.04812622,0.001,-12.97478735,0.0031415926535897933,-0.1629286216889449,3.945e-05
516,25.8,0.04837036,0.001,-12.97478735,0.0031415926535897933,-0.1629286216889449,3.945e-05
517,25.85,0.0479126,0.001,-12.96339907,0.0031415926535897933,-0.1627856153556806,3.945e-05
518,25.9,0.04745483,0.001,-12.90331606,0.0031415926535897933,-0.1620311334715344,3.945e-05
519,25.95,0.04589844,0.001,-12.83734257,0.0031415926535897933,-0.1612026829155637,3.945e-05
520,26.0,0.04542542,0.001,-12.79257484,0.0031415926535897933,-0.160640519979996,3.945e-05
521,26.05,0.04533386,0.001,-12.75801729,0.0031415926535897933,-0.1602065695930984,3.945e-05
522,26.1,0.04547119,0.001,-12.70539558,0.0031415926535897933,-0.159545781678049,3.945e-05
523,26.15,0.04589844,0.001,-12.63628049,0.0031415926535897933,-0.1586778810298271,3.945e-05
524,26.2,0.04615784,0.001,-12.56638,0.0031415926535897933,-0.1578001178585422,3.945e-05
525,26.25,0.04682922,0.001,-12.5011919,0.0031415926535897933,-0.1569815297000611,3.945e-05
526,26.3,0.04945374,0.001,-12.44621399,0.0031415926535897933,-0.1562911542158233,3.945e-05
527,26.35,0.05197144,0.001,-12.3794551,0.0031415926535897933,-0.1554528411367897,3.945e-05
528,26.4,0.05435181,0.001,-12.3150524,0.0031415926535897933,-0.1546441155013714,3.945e-05
529,26.45,0.05502319,0.001,-12.26635768,0.0031415926535897933,-0.1540326400760629,3.945e-05
530,26.5,0.05633545,0.001,-12.19488639,0.0031415926535897933,-0.1531351518586524,3.945e-05
531,26.55,0.05787659,0.001,-12.14815517,0.0031415926535897933,-0.152548332741001,3.945e-05
532,26.6,0.06352234,0.001,-12.09042836,0.0031415926535897933,-0.1518234384260433,3.945e-05
533,26.65,0.06811523,0.001,-12.0637248,0.0031415926535897933,-0.1514881131442005,3.945e-05
534,26.7,0.06967163,0.001,-12.0637248,0.0031415926535897933,-0.1514881131442005,3.945e-05
535,26.75,0.06929016,0.001,-12.066081,0.0031415926535897933,-0.151517700713389,3.945e-05
536,26.8,0.06903076,0.001,-12.06686639,0.0031415926535897933,-0.1515275631108786,3.945e-05
537,26.85,0.06910706,0.001,-12.06686639,0.0031415926535897933,-0.1515275631108786,3.945e-05
538,26.9,0.06889343,0.001,-12.06686639,0.0031415926535897933,-0.1515275631108786,3.945e-05
539,26.95,0.06835937,0.001,-12.07040069,0.0031415926535897933,-0.1515719444646612,3.945e-05
540,27.0,0.06806946,0.001,-12.07629118,0.0031415926535897933,-0.1516459132620591,3.945e-05
541,27.05,0.0677948,0.001,-12.07157879,0.0031415926535897933,-0.1515867382492555,3.945e-05
542,27.1,0.06854248,0.001,-12.05665621,0.0031415926535897933,-0.1513993505622085,3.945e-05
543,27.15,0.06913757,0.001,-11.99696591,0.0031415926535897933,-0.150649800065167,3.945e-05
544,27.2,0.06677246,0.001,-11.89407867,0.0031415926535897933,-0.1493578115531103,3.945e-05
545,27.25,0.06773376,0.001,-11.86148462,0.0031415926535897933,-0.1489485174738697,3.945e-05
546,27.3,0.08003235,0.001,-11.813968,0.0031415926535897933,-0.1483518358331553,3.945e-05
547,27.35,0.09106445,0.001,-11.75584849,0.0031415926535897933,-0.1476220102566663,3.945e-05
548,27.4,0.09666443,0.001,-11.70087058,0.0031415926535897933,-0.1469316347724285,3.945e-05
549,27.45,0.09355164,0.001,-11.6215453,0.0031415926535897933,-0.1459355214499631,3.945e-05
550,27.5,0.08833313,0.001,-11.51080408,0.0031415926535897933,-0.1445449079584247,3.945e-05
551,27.55,0.10284424,0.001,-11.42244672,0.0031415926535897933,-0.1434353758718835,3.945e-05
552,27.6,0.10844421,0.001,-11.36471991,0.0031415926535897933,-0.1427104815569258,3.945e-05
553,27.65,0.10743713,0.001,-11.32819887,0.0031415926535897933,-0.1422518749879444,3.945e-05
554,27.7,0.10290527,0.001,-11.31366899,0.0031415926535897933,-0.1420694185624288,3.945e-05
555,27.75,0.10231018,0.001,-11.309742,0.0031415926535897933,-0.142020106072688,3.945e-05
556,27.8,0.10177612,0.001,-11.309742,0.0031415926535897933,-0.142020106072688,3.945e-05
557,27.85,0.10087585,0.001,-11.3120982,0.0031415926535897933,-0.1420496936418765,3.945e-05
558,27.9,0.1015625,0.001,-11.31445439,0.0031415926535897933,-0.1420792810854917,3.945e-05
559,27.95,0.1015625,0.001,-11.31445439,0.0031415926535897933,-0.1420792810854917,3.945e-05
560,28.0,0.1008606,0.001,-11.31445439,0.0031415926535897933,-0.1420792810854917,3.945e-05
561,28.05,0.10023499,0.001,-11.31445439,0.0031415926535897933,-0.1420792810854917,3.945e-05
562,28.1,0.10006714,0.001,-11.31445439,0.0031415926535897933,-0.1420792810854917,3.945e-05
563,28.15,0.09991455,0.001,-11.31445439,0.0031415926535897933,-0.1420792810854917,3.945e-05
564,28.2,0.10011292,0.001,-11.31288359,0.0031415926535897933,-0.142059556039366,3.945e-05
565,28.25,0.087677,0.001,-11.26575967,0.0031415926535897933,-0.1414678056601831,3.945e-05
566,28.3,0.08033752,0.001,-11.14402286,0.0031415926535897933,-0.1399391169713385,3.945e-05
567,28.35,0.08825684,0.001,-11.0588071,0.0031415926535897933,-0.1388690349770486,3.945e-05
568,28.4,0.09288025,0.001,-10.97987452,0.0031415926535897933,-0.1378778529161146,3.945e-05
569,28.45,0.07966614,0.001,-10.89269526,0.0031415926535897933,-0.1367831146141677,3.945e-05
570,28.5,0.06816101,0.001,-10.81258459,0.0031415926535897933,-0.1357771388942128,3.945e-05
571,28.55,0.06159973,0.001,-10.72893962,0.0031415926535897933,-0.1347267818204752,3.945e-05
572,28.6,0.05900574,0.001,-10.65314864,0.0031415926535897933,-0.1337750498517926,3.945e-05
573,28.65,0.05706787,0.001,-10.57775036,0.0031415926535897933,-0.1328282491446413,3.945e-05
574,28.7,0.05265808,0.001,-10.50470828,0.0031415926535897933,-0.1319110360066785,3.945e-05
575,28.75,0.04902649,0.001,-10.4316662,0.0031415926535897933,-0.1309938228687157,3.945e-05
576,28.8,0.043396,0.001,-10.34684313,0.0031415926535897933,-0.1299286720103839,3.945e-05
577,28.85,0.04371643,0.001,-10.32799356,0.0031415926535897933,-0.1296919718335961,3.945e-05
578,28.9,0.04421997,0.001,-10.33034976,0.0031415926535897933,-0.1297215594027845,3.945e-05
579,28.95,0.04377747,0.001,-10.33270595,0.0031415926535897933,-0.1297511468463997,3.945e-05
580,29.0,0.04457092,0.001,-10.33270595,0.0031415926535897933,-0.1297511468463997,3.945e-05
581,29.05,0.04533386,0.001,-10.33270595,0.0031415926535897933,-0.1297511468463997,3.945e-05
582,29.1,0.0451355,0.001,-10.33270595,0.0031415926535897933,-0.1297511468463997,3.945e-05
583,29.15,0.04544067,0.001,-10.33270595,0.0031415926535897933,-0.1297511468463997,3.945e-05
584,29.2,0.04560852,0.001,-10.33270595,0.0031415926535897933,-0.1297511468463997,3.945e-05
585,29.25,0.04527283,0.001,-10.31424908,0.0031415926535897933,-0.1295193779311433,3.945e-05
586,29.3,0.04458618,0.001,-10.22196473,0.0031415926535897933,-0.1283605333548613,3.945e-05
587,29.35,0.04696655,0.001,-10.11083081,0.0031415926535897933,-0.1269649886017914,3.945e-05
588,29.4,0.06286621,0.001,-9.99812609,0.0031415926535897933,-0.125549718802596,3.945e-05
589,29.45,0.07144165,0.001,-9.89170456,0.0031415926535897933,-0.1242133490623298,3.945e-05
590,29.5,0.08169556,0.001,-9.78685382,0.0031415926535897933,-0.1228967042426159,3.945e-05
591,29.55,0.09628296,0.001,-9.69142788,0.0031415926535897933,-0.1216984096996559,3.945e-05
592,29.6,0.20600891,0.001,-9.55516119,0.0031415926535897933,-0.1199872645852957,3.945e-05
593,29.65,0.28309631,0.001,-9.44599077,0.0031415926535897933,-0.1186163761398829,3.945e-05
594,29.7,0.31750488,0.001,-9.39258365,0.0031415926535897933,-0.1179457255761975,3.945e-05
595,29.75,0.33158875,0.001,-9.37334138,0.0031415926535897933,-0.1177040941378783,3.945e-05
596,29.8,0.33099365,0.001,-9.37137788,0.0031415926535897933,-0.1176794378302212,3.945e-05
597,29.85,0.3299408,0.001,-9.37177058,0.0031415926535897933,-0.1176843690917526,3.945e-05
598,29.9,0.32983398,0.001,-9.37844647,0.0031415926535897933,-0.1177682004122133,3.945e-05
599,29.95,0.32952881,0.001,-9.38394426,0.0031415926535897933,-0.1178372379480798,3.945e-05
600,30.0,0.32963562,0.001,-9.38394426,0.0031415926535897933,-0.1178372379480798,3.945e-05
601,30.05,0.32951355,0.001,-9.38394426,0.0031415926535897933,-0.1178372379480798,3.945e-05
602,30.1,0.3293457,0.001,-9.38315887,0.0031415926535897933,-0.1178273755505902,3.945e-05
603,30.15,0.32907104,0.001,-9.37766107,0.0031415926535897933,-0.1177583378891505,3.945e-05
604,30.2,0.33500671,0.001,-9.35566991,0.0031415926535897933,-0.1174821877456847,3.945e-05
605,30.25,0.34658813,0.001,-9.32071967,0.0031415926535897933,-0.1170433062228289,3.945e-05
606,30.3,0.34986877,0.001,-9.26456365,0.0031415926535897933,-0.1163381368284236,3.945e-05
607,30.35,0.35160828,0.001,-9.20251715,0.0031415926535897933,-0.1155589987621937,3.945e-05
608,30.4,0.35481262,0.001,-9.17659899,0.0031415926535897933,-0.1152335360034138,3.945e-05
609,30.45,0.35688782,0.001,-9.15853482,0.0031415926535897933,-0.1150066983496888,3.945e-05
610,30.5,0.35874939,0.001,-9.13261666,0.0031415926535897933,-0.1146812355909089,3.945e-05
611,30.55,0.40768433,0.001,-9.05250599,0.0031415926535897933,-0.113675259870954,3.945e-05
612,30.6,0.50028992,0.001,-8.90170943,0.0031415926535897933,-0.1117816584566515,3.945e-05
613,30.65,0.60415649,0.001,-8.7948952,0.0031415926535897933,-0.1104403574548539,3.945e-05
614,30.7,0.78990173,0.001,-8.71871152,0.0031415926535897933,-0.1094836942246399,3.945e-05
615,30.75,0.82530212,0.001,-8.68965177,0.0031415926535897933,-0.1091187814991819,3.945e-05
616,30.8,0.88790894,0.001,-8.64881103,0.0031415926535897933,-0.108605931053355,3.945e-05
617,30.85,0.96292114,0.001,-8.56712956,0.0031415926535897933,-0.1075802302872745,3.945e-05
618,30.9,1.2147522,0.001,-8.44068037,0.0031415926535897933,-0.1059923667111996,3.945e-05
619,30.95,1.23217773,0.001,-8.38256086,0.0031415926535897933,-0.1052625411347105,3.945e-05
620,31.0,1.24073792,0.001,-8.31108957,0.0031415926535897933,-0.1043650529173001,3.945e-05
621,31.05,1.21875,0.001,-8.2301935,0.0031415926535897933,-0.1033492146742823,3.945e-05
622,31.1,1.21977234,0.001,-8.2278373,0.0031415926535897933,-0.1033196271050939,3.945e-05
623,31.15,1.21958923,0.001,-8.2278373,0.0031415926535897933,-0.1033196271050939,3.945e-05
624,31.2,1.21647644,0.001,-8.22469571,0.0031415926535897933,-0.1032801771384159,3.945e-05
625,31.25,1.20986938,0.001,-8.21134393,0.0031415926535897933,-0.1031125144974945,3.945e-05
626,31.3,1.20704651,0.001,-8.20820234,0.0031415926535897933,-0.1030730645308165,3.945e-05
627,31.35,1.19801331,0.001,-8.18738927,0.0031415926535897933,-0.1028117080463717,3.945e-05
628,31.4,1.18901062,0.001,-8.1665762,0.0031415926535897933,-0.1025503515619268,3.945e-05
629,31.45,1.18939209,0.001,-8.1697178,0.0031415926535897933,-0.1025898016541781,3.945e-05
630,31.5,1.18955994,0.001,-8.17443019,0.0031415926535897933,-0.1026489766669817,3.945e-05
631,31.55,1.18992615,0.001,-8.17443019,0.0031415926535897933,-0.1026489766669817,3.945e-05
632,31.6,1.18969727,0.001,-8.17443019,0.0031415926535897933,-0.1026489766669817,3.945e-05
633,31.65,1.19094849,0.001,-8.17443019,0.0031415926535897933,-0.1026489766669817,3.945e-05
634,31.7,1.19168091,0.001,-8.17364479,0.0031415926535897933,-0.1026391141439189,3.945e-05
635,31.75,1.18656921,0.001,-8.1669689,0.0031415926535897933,-0.1025552828234582,3.945e-05
636,31.8,1.16322327,0.001,-8.11316909,0.0031415926535897933,-0.1018797011238146,3.945e-05
637,31.85,1.1341095,0.001,-8.03266572,0.0031415926535897933,-0.1008687941423283,3.945e-05
638,31.9,1.08676147,0.001,-7.97101191,0.0031415926535897933,-0.1000945872120566,3.945e-05
639,31.95,1.06942749,0.001,-7.89639903,0.0031415926535897933,-0.0991576490279682,3.945e-05
640,32.0,1.05267334,0.001,-7.80372198,0.0031415926535897933,-0.0979938731901547,3.945e-05
641,32.05,1.01345825,0.001,-7.7259675,0.0031415926535897933,-0.097017484913815,3.945e-05
642,32.1,0.95820618,0.001,-7.63486125,0.0031415926535897933,-0.0958734341221272,3.945e-05
643,32.15,0.93862915,0.001,-7.54964548,0.0031415926535897933,-0.094803352002264,3.945e-05
644,32.2,0.9196167,0.001,-7.48013769,0.0031415926535897933,-0.0939305200925106,3.945e-05
645,32.25,0.8757782,0.001,-7.39727813,0.0031415926535897933,-0.0928900256674091,3.945e-05
646,32.3,0.85874939,0.001,-7.33091193,0.0031415926535897933,-0.0920566437243338,3.945e-05
647,32.35,0.85079956,0.001,-7.2869296,0.0031415926535897933,-0.0915043433118289,3.945e-05
648,32.4,0.83546448,0.001,-7.26493844,0.0031415926535897933,-0.091228193168363,3.945e-05
649,32.45,0.83288574,0.001,-7.26022604,0.0031415926535897933,-0.0911690180299861,3.945e-05
650,32.5,0.83024597,0.001,-7.26101144,0.0031415926535897933,-0.091178880553049,3.945e-05
651,32.55,0.83030701,0.001,-7.26297494,0.0031415926535897933,-0.091203536860706,3.945e-05
652,32.6,0.83018494,0.001,-7.26336764,0.0031415926535897933,-0.0912084681222374,3.945e-05
653,32.65,0.83003235,0.001,-7.26336764,0.0031415926535897933,-0.0912084681222374,3.945e-05
654,32.7,0.83070374,0.001,-7.26336764,0.0031415926535897933,-0.0912084681222374,3.945e-05
655,32.75,0.83067322,0.001,-7.26336764,0.0031415926535897933,-0.0912084681222374,3.945e-05
656,32.8,0.83088684,0.001,-7.26179684,0.0031415926535897933,-0.0911887430761118,3.945e-05
657,32.85,0.81640625,0.001,-7.23941298,0.0031415926535897933,-0.0909076616711145,3.945e-05
658,32.9,0.79510498,0.001,-7.1651928,0.0031415926535897933,-0.0899756547485575,3.945e-05
659,32.95,0.77095032,0.001,-7.07447924,0.0031415926535897933,-0.0888365350928278,3.945e-05
660,33.0,0.71240234,0.001,-6.98219489,0.0031415926535897933,-0.0876776905165458,3.945e-05
661,33.05,0.68183899,0.001,-6.86595587,0.0031415926535897933,-0.0862180393635677,3.945e-05
662,33.1,0.64430237,0.001,-6.74500446,0.0031415926535897933,-0.0846992131977859,3.945e-05
663,33.15,0.54598999,0.001,-6.64997122,0.0031415926535897933,-0.0835058499163573,3.945e-05
664,33.2,0.48991394,0.001,-6.55650876,0.0031415926535897933,-0.0823322114299078,3.945e-05
665,33.25,0.45094299,0.001,-6.49564036,0.0031415926535897933,-0.0815678671482721,3.945e-05
666,33.3,0.32203674,0.001,-6.42220558,0.0031415926535897933,-0.0806457227487779,3.945e-05
667,33.35,0.27403259,0.001,-6.34052411,0.0031415926535897933,-0.0796200219826974,3.945e-05
668,33.4,0.24781799,0.001,-6.29261478,0.0031415926535897933,-0.0790184089548784,3.945e-05
669,33.45,0.24336243,0.001,-6.29104399,0.0031415926535897933,-0.078998684034326,3.945e-05
670,33.5,0.24316406,0.001,-6.29104399,0.0031415926535897933,-0.078998684034326,3.945e-05
671,33.55,0.24320984,0.001,-6.29104399,0.0031415926535897933,-0.078998684034326,3.945e-05
672,33.6,0.24304199,0.001,-6.29104399,0.0031415926535897933,-0.078998684034326,3.945e-05
673,33.65,0.24307251,0.001,-6.29104399,0.0031415926535897933,-0.078998684034326,3.945e-05
674,33.7,0.24290466,0.001,-6.29104399,0.0031415926535897933,-0.078998684034326,3.945e-05
675,33.75,0.24316406,0.001,-6.29104399,0.0031415926535897933,-0.078998684034326,3.945e-05
676,33.8,0.24256897,0.001,-6.29104399,0.0031415926535897933,-0.078998684034326,3.945e-05
677,33.85,0.23170471,0.001,-6.2843681,0.0031415926535897933,-0.0789148527138653,3.945e-05
678,33.9,0.21646118,0.001,-6.26276963,0.0031415926535897933,-0.0786436337063577,3.945e-05
679,33.95,0.21253967,0.001,-6.24823976,0.0031415926535897933,-0.0784611774064153,3.945e-05
680,34.0,0.19381714,0.001,-6.20150853,0.0031415926535897933,-0.0778743581631906,3.945e-05
681,34.05,0.13323975,0.001,-6.10608258,0.0031415926535897933,-0.0766760634946573,3.945e-05
682,34.1,0.11364746,0.001,-6.02243761,0.0031415926535897933,-0.0756257064209197,3.945e-05
683,34.15,0.10493469,0.001,-5.96353271,0.0031415926535897933,-0.0748860184469411,3.945e-05
684,34.2,0.08192444,0.001,-5.87478265,0.0031415926535897933,-0.0737715550988685,3.945e-05
685,34.25,0.07711792,0.001,-5.83669081,0.0031415926535897933,-0.0732932234837615,3.945e-05
686,34.3,0.07098389,0.001,-5.77503701,0.0031415926535897933,-0.0725190166790629,3.945e-05
687,34.35,0.06536865,0.001,-5.68746505,0.0031415926535897933,-0.0714193471155846,3.945e-05
688,34.4,0.05201721,0.001,-5.5936099,0.0031415926535897933,-0.0702407774931769,3.945e-05
689,34.45,0.0491333,0.001,-5.53745389,0.0031415926535897933,-0.0695356082243449,3.945e-05
690,34.5,0.04795837,0.001,-5.49229346,0.0031415926535897933,-0.0689685140272458,3.945e-05
691,34.55,0.04685974,0.001,-5.47187309,0.0031415926535897933,-0.0687120888043323,3.945e-05
692,34.6,0.04699707,0.001,-5.4679461,0.0031415926535897933,-0.0686627763145915,3.945e-05
693,34.65,0.04707336,0.001,-5.4687315,0.0031415926535897933,-0.0686726388376543,3.945e-05
694,34.7,0.04684448,0.001,-5.47108769,0.0031415926535897933,-0.0687022262812695,3.945e-05
695,34.75,0.04695129,0.001,-5.47108769,0.0031415926535897933,-0.0687022262812695,3.945e-05
696,34.8,0.04685974,0.001,-5.47108769,0.0031415926535897933,-0.0687022262812695,3.945e-05
697,34.85,0.04660034,0.001,-5.47265849,0.0031415926535897933,-0.0687219513273951,3.945e-05
698,34.9,0.04667664,0.001,-5.47187309,0.0031415926535897933,-0.0687120888043323,3.945e-05
699,34.95,0.04666138,0.001,-5.4687315,0.0031415926535897933,-0.0686726388376543,3.945e-05
700,35.0,0.04579163,0.001,-5.44909653,0.0031415926535897933,-0.0684260761378037,3.945e-05
701,35.05,0.04516602,0.001,-5.38390843,0.0031415926535897933,-0.0676074879793225,3.945e-05
702,35.1,0.04544067,0.001,-5.28651899,0.0031415926535897933,-0.0663845371287054,3.945e-05
703,35.15,0.04716492,0.001,-5.17970476,0.0031415926535897933,-0.0650432361269078,3.945e-05
704,35.2,0.05203247,0.001,-5.12079985,0.0031415926535897933,-0.0643035480273559,3.945e-05
705,35.25,0.05615234,0.001,-5.05168476,0.0031415926535897933,-0.063435647379134,3.945e-05
706,35.3,0.0614624,0.001,-4.9652909,0.0031415926535897933,-0.0623507716002498,3.945e-05
707,35.35,0.065979,0.001,-4.87300654,0.0031415926535897933,-0.0611919268983945,3.945e-05
708,35.4,0.06297302,0.001,-4.75637483,0.0031415926535897933,-0.0597273446094582,3.945e-05
709,35.45,0.06396484,0.001,-4.66683937,0.0031415926535897933,-0.0586030187383228,3.945e-05
710,35.5,0.06816101,0.001,-4.58123091,0.0031415926535897933,-0.0575280054825014,3.945e-05
711,35.55,0.07385254,0.001,-4.51682821,0.0031415926535897933,-0.0567192798470831,3.945e-05
712,35.6,0.07910156,0.001,-4.48933925,0.0031415926535897933,-0.0563740920421776,3.945e-05
713,35.65,0.07887268,0.001,-4.48933925,0.0031415926535897933,-0.0563740920421776,3.945e-05
714,35.7,0.07759094,0.001,-4.49169545,0.0031415926535897933,-0.056403679611366,3.945e-05
715,35.75,0.07739258,0.001,-4.49522975,0.0031415926535897933,-0.0564480609651487,3.945e-05
716,35.8,0.07737732,0.001,-4.49562244,0.0031415926535897933,-0.0564529921011068,3.945e-05
717,35.85,0.07733154,0.001,-4.49562244,0.0031415926535897933,-0.0564529921011068,3.945e-05
718,35.9,0.07756042,0.001,-4.49562244,0.0031415926535897933,-0.0564529921011068,3.945e-05
719,35.95,0.07772827,0.001,-4.49562244,0.0031415926535897933,-0.0564529921011068,3.945e-05
720,36.0,0.07737732,0.001,-4.49562244,0.0031415926535897933,-0.0564529921011068,3.945e-05
721,36.05,0.07804871,0.001,-4.49287355,0.0031415926535897933,-0.0564184733959602,3.945e-05
722,36.1,0.07852173,0.001,-4.4594941,0.0031415926535897933,-0.0559993167936568,3.945e-05
723,36.15,0.0728302,0.001,-4.35778496,0.0031415926535897933,-0.0547221220661943,3.945e-05
724,36.2,0.06588745,0.001,-4.23644086,0.0031415926535897933,-0.0531983647644543,3.945e-05
725,36.25,0.06736755,0.001,-4.10056687,0.0031415926535897933,-0.0514921509116256,3.945e-05
726,36.3,0.07090759,0.001,-3.98275706,0.0031415926535897933,-0.050012774838095,3.945e-05
727,36.35,0.05809021,0.001,-3.87201584,0.0031415926535897933,-0.0486221613465566,3.945e-05
728,36.4,0.0567627,0.001,-3.73849805,0.0031415926535897933,-0.0469455350629163,3.945e-05
729,36.45,0.05732727,0.001,-3.62422253,0.0031415926535897933,-0.0455105402175952,3.945e-05
730,36.5,0.05322266,0.001,-3.52329879,0.0031415926535897933,-0.0442432080131954,3.945e-05
731,36.55,0.04959106,0.001,-3.48127996,0.0031415926535897933,-0.0437155639083476,3.945e-05
732,36.6,0.04922485,0.001,-3.47774566,0.0031415926535897933,-0.0436711825545649,3.945e-05
733,36.65,0.0486908,0.001,-3.48127996,0.0031415926535897933,-0.0437155639083476,3.945e-05
734,36.7,0.05012512,0.001,-3.48245806,0.0031415926535897933,-0.0437303576929418,3.945e-05
735,36.75,0.05000305,0.001,-3.48245806,0.0031415926535897933,-0.0437303576929418,3.945e-05
736,36.8,0.05004883,0.001,-3.48245806,0.0031415926535897933,-0.0437303576929418,3.945e-05
737,36.85,0.04983521,0.001,-3.48245806,0.0031415926535897933,-0.0437303576929418,3.945e-05
738,36.9,0.04989624,0.001,-3.48245806,0.0031415926535897933,-0.0437303576929418,3.945e-05
739,36.95,0.04966736,0.001,-3.48127996,0.0031415926535897933,-0.0437155639083476,3.945e-05
740,37.0,0.04966736,0.001,-3.47774566,0.0031415926535897933,-0.0436711825545649,3.945e-05
741,37.05,0.04943848,0.001,-3.42983634,0.0031415926535897933,-0.0430695696523192,3.945e-05
742,37.1,0.04806519,0.001,-3.33637389,0.0031415926535897933,-0.0418959312914429,3.945e-05
743,37.15,0.04753113,0.001,-3.25704862,0.0031415926535897933,-0.0408998180945509,3.945e-05
744,37.2,0.04656982,0.001,-3.19028972,0.0031415926535897933,-0.0400615048899441,3.945e-05
745,37.25,0.04588318,0.001,-3.08347549,0.0031415926535897933,-0.0387202038881465,3.945e-05
746,37.3,0.0459137,0.001,-2.97116347,0.0031415926535897933,-0.0373098653504824,3.945e-05
747,37.35,0.04553223,0.001,-2.91186587,0.0031415926535897933,-0.0365652461149723,3.945e-05
748,37.4,0.04568481,0.001,-2.85885145,0.0031415926535897933,-0.0358995268128183,3.945e-05
749,37.45,0.04588318,0.001,-2.79444875,0.0031415926535897933,-0.0350908011774,3.945e-05
750,37.5,0.04589844,0.001,-2.76931599,0.0031415926535897933,-0.0347752009416829,3.945e-05
751,37.55,0.04595947,0.001,-2.76774519,0.0031415926535897933,-0.0347554758955573,3.945e-05
752,37.6,0.04621887,0.001,-2.77874078,0.0031415926535897933,-0.0348935510928634,3.945e-05
753,37.65,0.04588318,0.001,-2.77874078,0.0031415926535897933,-0.0348935510928634,3.945e-05
754,37.7,0.04597473,0.001,-2.77874078,0.0031415926535897933,-0.0348935510928634,3.945e-05
755,37.75,0.0458374,0.001,-2.77874078,0.0031415926535897933,-0.0348935510928634,3.945e-05
756,37.8,0.04602051,0.001,-2.77874078,0.0031415926535897933,-0.0348935510928634,3.945e-05
757,37.85,0.04574585,0.001,-2.77834808,0.0031415926535897933,-0.034888619831332,3.945e-05
758,37.9,0.04580688,0.001,-2.77638458,0.0031415926535897933,-0.034863963523675,3.945e-05
759,37.95,0.04603577,0.001,-2.76853059,0.0031415926535897933,-0.0347653384186201,3.945e-05
760,38.0,0.04606628,0.001,-2.73475845,0.0031415926535897933,-0.0343412506803585,3.945e-05
761,38.05,0.04664612,0.001,-2.67231925,0.0031415926535897933,-0.0335571813525972,3.945e-05
762,38.1,0.04689026,0.001,-2.61223624,0.0031415926535897933,-0.0328026994684511,3.945e-05
763,38.15,0.04745483,0.001,-2.50738551,0.0031415926535897933,-0.0314860547743105,3.945e-05
764,38.2,0.04830933,0.001,-2.41588655,0.0031415926535897933,-0.0303370725955181,3.945e-05
765,38.25,0.0488739,0.001,-2.33420508,0.0031415926535897933,-0.0293113718294376,3.945e-05
766,38.3,0.04916382,0.001,-2.23131785,0.0031415926535897933,-0.028019383442954,3.945e-05
767,38.35,0.04994202,0.001,-2.15434877,0.0031415926535897933,-0.0270528576896771,3.945e-05
768,38.4,0.05030823,0.001,-2.09701466,0.0031415926535897933,-0.0263328946362509,3.945e-05
769,38.45,0.04992676,0.001,-2.06324252,0.0031415926535897933,-0.0259088068979893,3.945e-05
770,38.5,0.04911804,0.001,-1.99726902,0.0031415926535897933,-0.0250803562164454,3.945e-05
771,38.55,0.04986572,0.001,-1.95956988,0.0031415926535897933,-0.0246069558628697,3.945e-05
772,38.6,0.05000305,0.001,-1.92893933,0.0031415926535897933,-0.0242223180912862,3.945e-05
773,38.65,0.05053711,0.001,-1.89281099,0.0031415926535897933,-0.0237686427838362,3.945e-05
774,38.7,0.05036926,0.001,-1.89359639,0.0031415926535897933,-0.023778505306899,3.945e-05
775,38.75,0.05067444,0.001,-1.89438178,0.0031415926535897933,-0.0237883677043886,3.945e-05
776,38.8,0.05056763,0.001,-1.90066497,0.0031415926535897933,-0.0238672677633178,3.945e-05
777,38.85,0.05046082,0.001,-1.91008976,0.0031415926535897933,-0.0239856179144984,3.945e-05
778,38.9,0.05032349,0.001,-1.91008976,0.0031415926535897933,-0.0239856179144984,3.945e-05
779,38.95,0.05027771,0.001,-1.90419927,0.0031415926535897933,-0.0239116491171005,3.945e-05
780,39.0,0.05030823,0.001,-1.89281099,0.0031415926535897933,-0.0237686427838362,3.945e-05
781,39.05,0.05021667,0.001,-1.8826008,0.0031415926535897933,-0.0236404301095928,3.945e-05
782,39.1,0.04969788,0.001,-1.82919369,0.0031415926535897933,-0.0229697796714807,3.945e-05
783,39.15,0.04905701,0.001,-1.76518369,0.0031415926535897933,-0.0221659852975937,3.945e-05
784,39.2,0.04905701,0.001,-1.71216927,0.0031415926535897933,-0.0215002659954397,3.945e-05
785,39.25,0.04959106,0.001,-1.65679866,0.0031415926535897933,-0.0208049592496705,3.945e-05
786,39.3,0.04875183,0.001,-1.60535504,0.0031415926535897933,-0.0201589649936421,3.945e-05
787,39.35,0.04830933,0.001,-1.54448664,0.0031415926535897933,-0.0193946207120064,3.945e-05
788,39.4,0.04821777,0.001,-1.50011161,0.0031415926535897933,-0.0188373890379701,3.945e-05
789,39.45,0.04853821,0.001,-1.42157174,0.0031415926535897933,-0.0178511383641409,3.945e-05
790,39.5,0.04727173,0.001,-1.36031063,0.0031415926535897933,-0.0170818626954005,3.945e-05
791,39.55,0.04716492,0.001,-1.30258383,0.0031415926535897933,-0.0163569685060161,3.945e-05
792,39.6,0.04711914,0.001,-1.24878401,0.0031415926535897933,-0.0156813866807993,3.945e-05
793,39.65,0.04719543,0.001,-1.20440898,0.0031415926535897933,-0.015124155006763,3.945e-05
794,39.7,0.04615784,0.001,-1.15375076,0.0031415926535897933,-0.0144880232737974,3.945e-05
795,39.75,0.04603577,0.001,-1.14196978,0.0031415926535897933,-0.0143400856790017,3.945e-05
796,39.8,0.04629517,0.001,-1.14196978,0.0031415926535897933,-0.0143400856790017,3.945e-05
797,39.85,0.04624939,0.001,-1.14196978,0.0031415926535897933,-0.0143400856790017,3.945e-05
798,39.9,0.04632568,0.001,-1.14196978,0.0031415926535897933,-0.0143400856790017,3.945e-05
799,39.95,0.04626465,0.001,-1.14196978,0.0031415926535897933,-0.0143400856790017,3.945e-05
800,40.0,0.04641724,0.001,-1.14196978,0.0031415926535897933,-0.0143400856790017,3.945e-05
801,40.05,0.0460968,0.001,-1.14196978,0.0031415926535897933,-0.0143400856790017,3.945e-05
802,40.1,0.04605103,0.001,-1.14196978,0.0031415926535897933,-0.0143400856790017,3.945e-05
803,40.15,0.04632568,0.001,-1.14196978,0.0031415926535897933,-0.0143400856790017,3.945e-05
804,40.2,0.04603577,0.001,-1.14196978,0.0031415926535897933,-0.0143400856790017,3.945e-05
805,40.25,0.04588318,0.001,-1.13765009,0.0031415926535897933,-0.0142858419277294,3.945e-05
806,40.3,0.04553223,0.001,-1.10112905,0.0031415926535897933,-0.013827235358748,3.945e-05
807,40.35,0.0456543,0.001,-1.02455267,0.0031415926535897933,-0.0128656408670026,3.945e-05
808,40.4,0.04533386,0.001,-0.97232365,0.0031415926535897933,-0.0122097840879113,3.945e-05
809,40.45,0.04489136,0.001,-0.91302605,0.0031415926535897933,-0.0114651648524013,3.945e-05
810,40.5,0.04484558,0.001,-0.86001163,0.0031415926535897933,-0.0107994455502473,3.945e-05
811,40.55,0.04450989,0.001,-0.79050384,0.0031415926535897933,-0.0099266136404939,3.945e-05
812,40.6,0.0447998,0.001,-0.71314206,0.0031415926535897933,-0.0089551566256856,3.945e-05
813,40.65,0.04443359,0.001,-0.66837434,0.0031415926535897933,-0.0083929938156911,3.945e-05
814,40.7,0.04472351,0.001,-0.63460219,0.0031415926535897933,-0.0079689059518563,3.945e-05
815,40.75,0.04353333,0.001,-0.58433667,0.0031415926535897933,-0.0073377054804222,3.945e-05
816,40.8,0.04460144,0.001,-0.54349593,0.0031415926535897933,-0.0068248550345953,3.945e-05
817,40.85,0.04463196,0.001,-0.48419833,0.0031415926535897933,-0.0060802357990852,3.945e-05
818,40.9,0.0447998,0.001,-0.41940293,0.0031415926535897933,-0.0052665789021355,3.945e-05
819,40.95,0.04476929,0.001,-0.34871704,0.0031415926535897933,-0.0043789532077879,3.945e-05
820,41.0,0.04478455,0.001,-0.27646036,0.0031415926535897933,-0.0034716025928879,3.945e-05
821,41.05,0.04527283,0.001,-0.19399349,0.0031415926535897933,-0.0024360393037445,3.945e-05
822,41.1,0.04521179,0.001,-0.1248784,0.0031415926535897933,-0.0015681386555226,3.945e-05
823,41.15,0.0459137,0.001,-0.04869472,0.0031415926535897933,-0.0006114754253085,3.945e-05
824,41.2,0.04649353,0.001,0.0031416,0.0031415926535897933,3.945009225126062e-05,3.945e-05
825,41.25,0.04646301,0.001,0.0031416,0.0031415926535897933,3.945009225126062e-05,3.945e-05
826,41.3,0.04653931,0.001,0.0031416,0.0031415926535897933,3.945009225126062e-05,3.945e-05
827,41.35,0.04634094,0.001,0.0031416,0.0031415926535897933,3.945009225126062e-05,3.945e-05
828,41.4,0.0466156,0.001,0.0031416,0.0031415926535897933,3.945009225126062e-05,3.945e-05
829,41.45,0.04649353,0.001,0.0031416,0.0031415926535897933,3.945009225126062e-05,3.945e-05
830,41.5,0.04650879,0.001,0.0031416,0.0031415926535897933,3.945009225126062e-05,3.945e-05
831,41.55,0.04656982,0.001,0.0031416,0.0031415926535897933,3.945009225126062e-05,3.945e-05
832,41.6,0.04667664,0.001,0.0031416,0.0031415926535897933,3.945009225126062e-05,3.945e-05
833,41.65,0.04641724,0.001,0.0027489,0.0031415926535897933,3.4518830719853045e-05,3.945e-05
834,41.7,0.04678345,0.001,0.0015708,0.0031415926535897933,1.972504612563031e-05,3.945e-05
835,41.75,0.04652405,0.001,0.0015708,0.0031415926535897933,1.972504612563031e-05,3.945e-05
836,41.8,0.04637146,0.001,0.0015708,0.0031415926535897933,1.972504612563031e-05,3.945e-05
837,41.85,0.04670715,0.001,0.0015708,0.0031415926535897933,1.972504612563031e-05,3.945e-05
838,41.9,0.04632568,0.001,0.0015708,0.0031415926535897933,1.972504612563031e-05,3.945e-05
839,41.95,0.04632568,0.001,0.0015708,0.0031415926535897933,1.972504612563031e-05,3.945e-05
840,42.0,0.0460968,0.001,0.0015708,0.0031415926535897933,1.972504612563031e-05,3.945e-05
841,42.05,0.0460968,0.001,0.0015708,0.0031415926535897933,1.972504612563031e-05,3.945e-05
842,42.1,0.0466156,0.001,0.0015708,0.0031415926535897933,1.972504612563031e-05,3.945e-05
843,42.15,0.04652405,0.001,0.0015708,0.0031415926535897933,1.972504612563031e-05,3.945e-05
844,42.2,0.04634094,0.001,0.0015708,0.0031415926535897933,1.972504612563031e-05,3.945e-05
845,42.25,0.04594421,0.001,0.0015708,0.0031415926535897933,1.972504612563031e-05,3.945e-05
846,42.3,0.04608154,0.001,0.0015708,0.0031415926535897933,1.972504612563031e-05,3.945e-05
847,42.35,0.04594421,0.001,0.0015708,0.0031415926535897933,1.972504612563031e-05,3.945e-05
848,42.4,0.04608154,0.001,0.0015708,0.0031415926535897933,1.972504612563031e-05,3.945e-05
849,42.45,0.04582214,0.001,0.0015708,0.0031415926535897933,1.972504612563031e-05,3.945e-05
850,42.5,0.04592896,0.001,0.0015708,0.0031415926535897933,1.972504612563031e-05,3.945e-05
851,42.55,0.04559326,0.001,0.0015708,0.0031415926535897933,1.972504612563031e-05,3.945e-05
852,42.6,0.04507446,0.001,0.0015708,0.0031415926535897933,1.972504612563031e-05,3.945e-05
853,42.65,0.04444885,0.001,0.0015708,0.0031415926535897933,1.972504612563031e-05,3.945e-05
854,42.7,0.04452515,0.001,0.0015708,0.0031415926535897933,1.972504612563031e-05,3.945e-05
855,42.75,0.04469299,0.001,0.0015708,0.0031415926535897933,1.972504612563031e-05,3.945e-05
856,42.8,0.04438782,0.001,0.0015708,0.0031415926535897933,1.972504612563031e-05,3.945e-05
857,42.85,0.04457092,0.001,0.0015708,0.0031415926535897933,1.972504612563031e-05,3.945e-05
858,42.9,0.04457092,0.001,0.0015708,0.0031415926535897933,1.972504612563031e-05,3.945e-05
859,42.95,0.04473877,0.001,0.0015708,0.0031415926535897933,1.972504612563031e-05,3.945e-05
860,43.0,0.04476929,0.001,0.0015708,0.0031415926535897933,1.972504612563031e-05,3.945e-05
861,43.05,0.04486084,0.001,0.0015708,0.0031415926535897933,1.972504612563031e-05,3.945e-05
862,43.1,0.04481506,0.001,0.0015708,0.0031415926535897933,1.972504612563031e-05,3.945e-05
863,43.15,0.04524231,0.001,0.0015708,0.0031415926535897933,1.972504612563031e-05,3.945e-05
864,43.2,0.04476929,0.001,0.0015708,0.0031415926535897933,1.972504612563031e-05,3.945e-05
865,43.25,0.04481506,0.001,0.0015708,0.0031415926535897933,1.972504612563031e-05,3.945e-05
866,43.3,0.04450989,0.001,0.0015708,0.0031415926535897933,1.972504612563031e-05,3.945e-05
867,43.35,0.04458618,0.001,0.0015708,0.0031415926535897933,1.972504612563031e-05,3.945e-05
868,43.4,0.04486084,0.001,0.0015708,0.0031415926535897933,1.972504612563031e-05,3.945e-05
869,43.45,0.04446411,0.001,0.0015708,0.0031415926535897933,1.972504612563031e-05,3.945e-05
870,43.5,0.04470825,0.001,0.0015708,0.0031415926535897933,1.972504612563031e-05,3.945e-05
871,43.55,0.04486084,0.001,0.0015708,0.0031415926535897933,1.972504612563031e-05,3.945e-05
872,43.6,0.04492187,0.001,0.0015708,0.0031415926535897933,1.972504612563031e-05,3.945e-05
873,43.65,0.04516602,0.001,0.0015708,0.0031415926535897933,1.972504612563031e-05,3.945e-05
874,43.7,0.04530334,0.001,0.0015708,0.0031415926535897933,1.972504612563031e-05,3.945e-05
875,43.75,0.04536438,0.001,0.0015708,0.0031415926535897933,1.972504612563031e-05,3.945e-05
876,43.8,0.04554749,0.001,0.0015708,0.0031415926535897933,1.972504612563031e-05,3.945e-05
877,43.85,0.04530334,0.001,0.0015708,0.0031415926535897933,1.972504612563031e-05,3.945e-05
878,43.9,0.04516602,0.001,0.0015708,0.0031415926535897933,1.972504612563031e-05,3.945e-05
879,43.95,0.04548645,0.001,0.0015708,0.0031415926535897933,1.972504612563031e-05,3.945e-05
880,44.0,0.04537964,0.001,0.0015708,0.0031415926535897933,1.972504612563031e-05,3.945e-05
881,44.05,0.04544067,0.001,0.0015708,0.0031415926535897933,1.972504612563031e-05,3.945e-05
882,44.1,0.04534912,0.001,0.0015708,0.0031415926535897933,1.972504612563031e-05,3.945e-05
883,44.15,0.04550171,0.001,0.0015708,0.0031415926535897933,1.972504612563031e-05,3.945e-05
884,44.2,0.04533386,0.001,0.0015708,0.0031415926535897933,1.972504612563031e-05,3.945e-05
885,44.25,0.04530334,0.001,0.0015708,0.0031415926535897933,1.972504612563031e-05,3.945e-05
886,44.3,0.0453186,0.001,0.0015708,0.0031415926535897933,1.972504612563031e-05,3.945e-05
887,44.35,0.04533386,0.001,0.0015708,0.0031415926535897933,1.972504612563031e-05,3.945e-05
888,44.4,0.04579163,0.001,0.0015708,0.0031415926535897933,1.972504612563031e-05,3.945e-05
889,44.45,0.04536438,0.001,0.0015708,0.0031415926535897933,1.972504612563031e-05,3.945e-05
890,44.5,0.04515076,0.001,0.0015708,0.0031415926535897933,1.972504612563031e-05,3.945e-05
891,44.55,0.0453949,0.001,0.0015708,0.0031415926535897933,1.972504612563031e-05,3.945e-05
892,44.6,0.0453186,0.001,0.0015708,0.0031415926535897933,1.972504612563031e-05,3.945e-05
893,44.65,0.0453186,0.001,0.0015708,0.0031415926535897933,1.972504612563031e-05,3.945e-05
894,44.7,0.04525757,0.001,0.0015708,0.0031415926535897933,1.972504612563031e-05,3.945e-05
895,44.75,0.04542542,0.001,0.0015708,0.0031415926535897933,1.972504612563031e-05,3.945e-05
896,44.8,0.0453186,0.001,0.0015708,0.0031415926535897933,1.972504612563031e-05,3.945e-05
897,44.85,0.04560852,0.001,0.0015708,0.0031415926535897933,1.972504612563031e-05,3.945e-05
898,44.9,0.04542542,0.001,0.0015708,0.0031415926535897933,1.972504612563031e-05,3.945e-05
899,44.95,0.04551697,0.001,0.0015708,0.0031415926535897933,1.972504612563031e-05,3.945e-05
900,45.0,0.04563904,0.001,0.0015708,0.0031415926535897933,1.972504612563031e-05,3.945e-05
