t,I,dI,a,da,y,dy
86.6,0.03282166,0.001,-14.30839443,0.0031415926535897933,-0.081,3.945e-05
86.65,0.03291321,0.001,-14.30839443,0.0031415926535897933,-0.081,3.945e-05
86.7,0.03285217,0.001,-14.30525283,0.0031415926535897933,-0.08096054990774869,3.945e-05
86.75,0.03305054,0.001,-14.28915216,0.0031415926535897933,-0.0807583685616808,3.945e-05
87.25,0.03340149,0.001,-14.28483247,0.0031415926535897933,-0.08070412481040849,3.945e-05
87.2,0.03303528,0.001,-14.28483247,0.0031415926535897933,-0.08070412481040849,3.945e-05
87.15,0.03315735,0.001,-14.28483247,0.0031415926535897933,-0.08070412481040849,3.945e-05
87.1,0.03285217,0.001,-14.28483247,0.0031415926535897933,-0.08070412481040849,3.945e-05
87.05,0.03320312,0.001,-14.28483247,0.0031415926535897933,-0.08070412481040849,3.945e-05
87.0,0.03309631,0.001,-14.28483247,0.0031415926535897933,-0.08070412481040849,3.945e-05
86.95,0.03291321,0.001,-14.28483247,0.0031415926535897933,-0.08070412481040849,3.945e-05
86.9,0.03318787,0.001,-14.28483247,0.0031415926535897933,-0.08070412481040849,3.945e-05
86.85,0.03305054,0.001,-14.28483247,0.0031415926535897933,-0.08070412481040849,3.945e-05
86.8,0.03302002,0.001,-14.28483247,0.0031415926535897933,-0.08070412481040849,3.945e-05
87.3,0.03317261,0.001,-14.28404707,0.0031415926535897933,-0.0806942622873457,3.945e-05
87.35,0.03318787,0.001,-14.27854928,0.0031415926535897933,-0.0806252247514793,3.945e-05
87.4,0.03295898,0.001,-14.2628413,0.0031415926535897933,-0.0804279745413695,3.945e-05
87.45,0.03308105,0.001,-14.25145302,0.0031415926535897933,-0.08028496820810509,3.945e-05
87.5,0.03286743,0.001,-14.24006474,0.0031415926535897933,-0.08014196187484081,3.945e-05
87.55,0.03276062,0.001,-14.23103265,0.0031415926535897933,-0.0800285429851917,3.945e-05
87.6,0.03225708,0.001,-14.21571738,0.0031415926535897933,-0.07983622416218651,3.945e-05
87.65,0.03181458,0.001,-14.18744302,0.0031415926535897933,-0.0794811738342182,3.945e-05
87.7,0.03198242,0.001,-14.14188989,0.0031415926535897933,-0.0789091483755877,3.945e-05
87.75,0.03265381,0.001,-14.11047394,0.0031415926535897933,-0.07851464808094129,3.945e-05
87.8,0.03182983,0.001,-14.0743456,0.0031415926535897933,-0.07806097277349129,3.945e-05
87.85,0.02992249,0.001,-14.01701149,0.0031415926535897933,-0.0773410097200651,3.945e-05
87.9,0.02861023,0.001,-13.9518234,0.0031415926535897933,-0.07652242168715719,3.945e-05
87.95,0.02824402,0.001,-13.883101,0.0031415926535897933,-0.0756594521748933,3.945e-05
88.0,0.02903748,0.001,-13.8214472,0.0031415926535897933,-0.0748852453701948,3.945e-05
88.5,0.02922058,0.001,-13.79945604,0.0031415926535897933,-0.074609095226729,3.945e-05
88.45,0.02926636,0.001,-13.79945604,0.0031415926535897933,-0.074609095226729,3.945e-05
88.05,0.02922058,0.001,-13.79631444,0.0031415926535897933,-0.0745696451344778,3.945e-05
88.55,0.02941895,0.001,-13.79592174,0.0031415926535897933,-0.0745647138729464,3.945e-05
88.4,0.0295105,0.001,-13.79474365,0.0031415926535897933,-0.07454992021392541,3.945e-05
88.35,0.02934265,0.001,-13.79474365,0.0031415926535897933,-0.07454992021392541,3.945e-05
88.2,0.02928162,0.001,-13.79474365,0.0031415926535897933,-0.07454992021392541,3.945e-05
88.25,0.02914429,0.001,-13.79474365,0.0031415926535897933,-0.07454992021392541,3.945e-05
88.3,0.02934265,0.001,-13.79474365,0.0031415926535897933,-0.07454992021392541,3.945e-05
88.15,0.0295105,0.001,-13.79160205,0.0031415926535897933,-0.0745104701216741,3.945e-05
88.1,0.02938843,0.001,-13.79160205,0.0031415926535897933,-0.0745104701216741,3.945e-05
88.6,0.0294342,0.001,-13.78531886,0.0031415926535897933,-0.0744315700627448,3.945e-05
88.65,0.03036499,0.001,-13.74997592,0.0031415926535897933,-0.0739877572783577,3.945e-05
88.7,0.0333252,0.001,-13.68557322,0.0031415926535897933,-0.0731790316429393,3.945e-05
88.75,0.03538513,0.001,-13.62234862,0.0031415926535897933,-0.0723850997921152,3.945e-05
88.8,0.0352478,0.001,-13.58425678,0.0031415926535897933,-0.07190676817700821,3.945e-05
88.85,0.03491211,0.001,-13.57522469,0.0031415926535897933,-0.0717933492873591,3.945e-05
88.9,0.03395081,0.001,-13.55676782,0.0031415926535897933,-0.0715615803721026,3.945e-05
88.95,0.03291321,0.001,-13.52770807,0.0031415926535897933,-0.07119666764664469,3.945e-05
89.0,0.03210449,0.001,-13.48372574,0.0031415926535897933,-0.07064436723413979,3.945e-05
89.05,0.0316925,0.001,-13.446812,0.0031415926535897933,-0.07018082940362701,3.945e-05
89.1,0.03135681,0.001,-13.42246464,0.0031415926535897933,-0.0698750916909728,3.945e-05
89.15,0.03056335,0.001,-13.39693918,0.0031415926535897933,-0.06955456019372429,3.945e-05
89.55,0.02970886,0.001,-13.3863363,0.0031415926535897933,-0.0694214163835228,3.945e-05
89.6,0.02972412,0.001,-13.3831947,0.0031415926535897933,-0.06938196629127151,3.945e-05
89.5,0.02946472,0.001,-13.3808385,0.0031415926535897933,-0.0693523787220831,3.945e-05
89.65,0.02990723,0.001,-13.37769691,0.0031415926535897933,-0.069312928755405,3.945e-05
89.45,0.0294342,0.001,-13.37298452,0.0031415926535897933,-0.06925375374260141,3.945e-05
89.4,0.02922058,0.001,-13.37219912,0.0031415926535897933,-0.0692438912195386,3.945e-05
89.35,0.02944946,0.001,-13.37180642,0.0031415926535897933,-0.0692389599580072,3.945e-05
89.2,0.02981567,0.001,-13.37062832,0.0031415926535897933,-0.069224166173413,3.945e-05
89.3,0.02932739,0.001,-13.36984292,0.0031415926535897933,-0.0692143036503501,3.945e-05
89.25,0.02915955,0.001,-13.36787942,0.0031415926535897933,-0.0691896473426931,3.945e-05
89.7,0.02900696,0.001,-13.36198893,0.0031415926535897933,-0.0691156785452952,3.945e-05
89.75,0.02850342,0.001,-13.33449998,0.0031415926535897933,-0.068770490865963,3.945e-05
89.8,0.02812195,0.001,-13.30151323,0.0031415926535897933,-0.06835626552519099,3.945e-05
89.85,0.02824402,0.001,-13.26420679,0.0031415926535897933,-0.0678877964331467,3.945e-05
89.9,0.03031921,0.001,-13.20412379,0.0031415926535897933,-0.06713331467457391,3.945e-05
89.95,0.03207397,0.001,-13.14050649,0.0031415926535897933,-0.06633445156221839,3.945e-05
90.0,0.03259277,0.001,-13.08003078,0.0031415926535897933,-0.06557503841654079,3.945e-05
90.05,0.03266907,0.001,-13.03958275,0.0031415926535897933,-0.0650671193578186,3.945e-05
90.1,0.03302002,0.001,-13.02112588,0.0031415926535897933,-0.06483535044256221,3.945e-05
90.15,0.03422546,0.001,-12.98970993,0.0031415926535897933,-0.06444085014791591,3.945e-05
90.2,0.03623962,0.001,-12.93394662,0.0031415926535897933,-0.06374061214061529,3.945e-05
90.7,0.0370636,0.001,-12.91823864,0.0031415926535897933,-0.0635433619305054,3.945e-05
90.4,0.03684998,0.001,-12.91823864,0.0031415926535897933,-0.0635433619305054,3.945e-05
90.45,0.03665161,0.001,-12.91823864,0.0031415926535897933,-0.0635433619305054,3.945e-05
90.5,0.03684998,0.001,-12.91823864,0.0031415926535897933,-0.0635433619305054,3.945e-05
90.55,0.03704834,0.001,-12.91823864,0.0031415926535897933,-0.0635433619305054,3.945e-05
90.6,0.03683472,0.001,-12.91823864,0.0031415926535897933,-0.0635433619305054,3.945e-05
90.65,0.03694153,0.001,-12.91823864,0.0031415926535897933,-0.0635433619305054,3.945e-05
90.25,0.03665161,0.001,-12.91784594,0.0031415926535897933,-0.06353843066897401,3.945e-05
90.35,0.03671265,0.001,-12.91784594,0.0031415926535897933,-0.06353843066897401,3.945e-05
90.75,0.03700256,0.001,-12.91706054,0.0031415926535897933,-0.0635285681459112,3.945e-05
90.3,0.0368042,0.001,-12.91666784,0.0031415926535897933,-0.0635236368843798,3.945e-05
90.8,0.03721619,0.001,-12.90567226,0.0031415926535897933,-0.06338556181264689,3.945e-05
90.85,0.03515625,0.001,-12.84087686,0.0031415926535897933,-0.0625719049156971,3.945e-05
90.9,0.03144836,0.001,-12.78550625,0.0031415926535897933,-0.061876598169927896,3.945e-05
90.95,0.0302887,0.001,-12.77254717,0.0031415926535897933,-0.06171386679053799,3.945e-05
91.0,0.02963257,0.001,-12.7533049,0.0031415926535897933,-0.0614722353522187,3.945e-05
91.05,0.02940369,0.001,-12.72503055,0.0031415926535897933,-0.061117185149823686,3.945e-05
91.1,0.02874756,0.001,-12.67162343,0.0031415926535897933,-0.060446534586138204,3.945e-05
91.15,0.03076172,0.001,-12.60879153,0.0031415926535897933,-0.059657533996845494,3.945e-05
91.2,0.03207397,0.001,-12.56009681,0.0031415926535897933,-0.05904605857153701,3.945e-05
91.25,0.03326416,0.001,-12.51336558,0.0031415926535897933,-0.05845923932831219,3.945e-05
91.3,0.03401184,0.001,-12.47762994,0.0031415926535897933,-0.05801049528239359,3.945e-05
91.35,0.03857422,0.001,-12.41244185,0.0031415926535897933,-0.05719190724948571,3.945e-05
91.4,0.04203796,0.001,-12.34332676,0.0031415926535897933,-0.0563240066012637,3.945e-05
91.85,0.04214478,0.001,-12.31034001,0.0031415926535897933,-0.0559097812604918,3.945e-05
91.8,0.04219055,0.001,-12.31034001,0.0031415926535897933,-0.0559097812604918,3.945e-05
91.6,0.04216003,0.001,-12.31034001,0.0031415926535897933,-0.0559097812604918,3.945e-05
91.65,0.04219055,0.001,-12.31034001,0.0031415926535897933,-0.0559097812604918,3.945e-05
91.7,0.04217529,0.001,-12.31034001,0.0031415926535897933,-0.0559097812604918,3.945e-05
91.75,0.04219055,0.001,-12.31034001,0.0031415926535897933,-0.0559097812604918,3.945e-05
91.9,0.04220581,0.001,-12.30955461,0.0031415926535897933,-0.055899918737428986,3.945e-05
91.5,0.04214478,0.001,-12.30719841,0.0031415926535897933,-0.055870331168240486,3.945e-05
91.45,0.04216003,0.001,-12.30719841,0.0031415926535897933,-0.055870331168240486,3.945e-05
91.55,0.04223633,0.001,-12.30719841,0.0031415926535897933,-0.055870331168240486,3.945e-05
91.95,0.04196167,0.001,-12.30523492,0.0031415926535897933,-0.05584567498615671,3.945e-05
92.0,0.04060364,0.001,-12.28520725,0.0031415926535897933,-0.05559418102477469,3.945e-05
92.05,0.03433228,0.001,-12.21452136,0.0031415926535897933,-0.054706555330427106,3.945e-05
92.1,0.02980042,0.001,-12.13519609,0.0031415926535897933,-0.053710442133535,3.945e-05
92.15,0.02963257,0.001,-12.1265567,0.0031415926535897933,-0.05360195450541731,3.945e-05
92.2,0.02923584,0.001,-12.12341511,0.0031415926535897933,-0.0535625045387393,3.945e-05
92.25,0.02848816,0.001,-12.09710425,0.0031415926535897933,-0.0532321105184279,3.945e-05
92.3,0.02809143,0.001,-12.05272922,0.0031415926535897933,-0.05267487884439169,3.945e-05
92.35,0.02865601,0.001,-11.99186081,0.0031415926535897933,-0.0519105344371827,3.945e-05
92.4,0.03282166,0.001,-11.91449904,0.0031415926535897933,-0.0509390775479477,3.945e-05
92.45,0.03321838,0.001,-11.90389615,0.0031415926535897933,-0.05080593361217291,3.945e-05
92.5,0.03343201,0.001,-11.89722027,0.0031415926535897933,-0.05072210241728549,3.945e-05
92.55,0.03358459,0.001,-11.88465389,0.0031415926535897933,-0.05056430229942689,3.945e-05
92.6,0.03552246,0.001,-11.85637953,0.0031415926535897933,-0.050209251971458604,3.945e-05
92.65,0.03668213,0.001,-11.81671689,0.0031415926535897933,-0.0497111953102259,3.945e-05
93.0,0.03822327,0.001,-11.79826002,0.0031415926535897933,-0.04947942639496959,3.945e-05
92.95,0.03866577,0.001,-11.79826002,0.0031415926535897933,-0.04947942639496959,3.945e-05
92.9,0.0385437,0.001,-11.79826002,0.0031415926535897933,-0.04947942639496959,3.945e-05
93.05,0.03843689,0.001,-11.79826002,0.0031415926535897933,-0.04947942639496959,3.945e-05
93.1,0.03808594,0.001,-11.79668923,0.0031415926535897933,-0.04945970147441721,3.945e-05
92.85,0.03858948,0.001,-11.79119143,0.0031415926535897933,-0.049390663812977395,3.945e-05
93.15,0.03773499,0.001,-11.79040604,0.0031415926535897933,-0.04938080141548791,3.945e-05
92.7,0.03834534,0.001,-11.78647904,0.0031415926535897933,-0.04933148880017381,3.945e-05
92.8,0.03901672,0.001,-11.77941045,0.0031415926535897933,-0.049242726218181695,3.945e-05
92.75,0.03877258,0.001,-11.77862505,0.0031415926535897933,-0.04923286369511891,3.945e-05
93.2,0.03921509,0.001,-11.77783966,0.0031415926535897933,-0.04922300129762931,3.945e-05
93.25,0.04017639,0.001,-11.75938278,0.0031415926535897933,-0.0489912322567997,3.945e-05
93.3,0.0426178,0.001,-11.71579315,0.0031415926535897933,-0.0484438631058262,3.945e-05
93.35,0.04370117,0.001,-11.68162831,0.0031415926535897933,-0.0480148441060332,3.945e-05
93.4,0.03805542,0.001,-11.63489708,0.0031415926535897933,-0.04742802486280849,3.945e-05
93.45,0.03192139,0.001,-11.55360831,0.0031415926535897933,-0.04640725535825939,3.945e-05
93.5,0.02830505,0.001,-11.47153414,0.0031415926535897933,-0.04537662333064739,3.945e-05
93.55,0.02827454,0.001,-11.44365249,0.0031415926535897933,-0.0450265043897838,3.945e-05
93.6,0.02830505,0.001,-11.43226421,0.0031415926535897933,-0.04488349805651941,3.945e-05
93.65,0.02882385,0.001,-11.40163365,0.0031415926535897933,-0.044498860159362594,3.945e-05
93.7,0.03105164,0.001,-11.35765132,0.0031415926535897933,-0.0439465597468577,3.945e-05
93.75,0.03520203,0.001,-11.31484709,0.0031415926535897933,-0.04340905311894709,3.945e-05
93.8,0.04107666,0.001,-11.28618004,0.0031415926535897933,-0.0430490716550206,3.945e-05
93.85,0.04364014,0.001,-11.21863575,0.0031415926535897933,-0.042200896052924194,3.945e-05
93.9,0.04374695,0.001,-11.16365783,0.0031415926535897933,-0.041510520443113194,3.945e-05
93.95,0.04312134,0.001,-11.1239952,0.0031415926535897933,-0.04101246390745371,3.945e-05
94.35,0.04232788,0.001,-11.08983035,0.0031415926535897933,-0.04058344478208749,3.945e-05
94.3,0.04248047,0.001,-11.08983035,0.0031415926535897933,-0.04058344478208749,3.945e-05
94.15,0.0422821,0.001,-11.08983035,0.0031415926535897933,-0.04058344478208749,3.945e-05
94.2,0.04270935,0.001,-11.08983035,0.0031415926535897933,-0.04058344478208749,3.945e-05
94.25,0.04216003,0.001,-11.08983035,0.0031415926535897933,-0.04058344478208749,3.945e-05
94.4,0.04241943,0.001,-11.08825955,0.0031415926535897933,-0.04056371973596189,3.945e-05
94.45,0.0428009,0.001,-11.08472526,0.0031415926535897933,-0.04051933850775251,3.945e-05
94.1,0.04225159,0.001,-11.08040557,0.0031415926535897933,-0.04046509475648029,3.945e-05
94.5,0.04241943,0.001,-11.07569317,0.0031415926535897933,-0.04040591961810329,3.945e-05
94.0,0.04200745,0.001,-11.07412238,0.0031415926535897933,-0.04038619469755099,3.945e-05
94.05,0.04212952,0.001,-11.06980268,0.0031415926535897933,-0.040331950820705495,3.945e-05
94.55,0.04208374,0.001,-11.04663342,0.0031415926535897933,-0.040041006892645406,3.945e-05
94.6,0.0397644,0.001,-10.9987241,0.0031415926535897933,-0.03943939399039971,3.945e-05
94.65,0.03790283,0.001,-10.96220305,0.0031415926535897933,-0.0389807872958451,3.945e-05
94.7,0.03507996,0.001,-10.92489661,0.0031415926535897933,-0.038512318203800786,3.945e-05
94.75,0.03250122,0.001,-10.88994637,0.0031415926535897933,-0.03807343668094511,3.945e-05
94.8,0.0280304,0.001,-10.82907797,0.0031415926535897933,-0.03730909239930939,3.945e-05
94.85,0.02909851,0.001,-10.78195404,0.0031415926535897933,-0.03671734189455329,3.945e-05
94.9,0.03088379,0.001,-10.7426841,0.0031415926535897933,-0.03622421649485201,3.945e-05
94.95,0.03323364,0.001,-10.70105797,0.0031415926535897933,-0.0357015036515355,3.945e-05
95.0,0.03999329,0.001,-10.66100263,0.0031415926535897933,-0.03519851572877149,3.945e-05
95.05,0.04345703,0.001,-10.62251809,0.0031415926535897933,-0.03471525285213299,3.945e-05
95.1,0.04634094,0.001,-10.59502914,0.0031415926535897933,-0.03437006517280071,3.945e-05
95.15,0.04949951,0.001,-10.56754018,0.0031415926535897933,-0.03402487736789521,3.945e-05
95.2,0.05422974,0.001,-10.54476362,0.0031415926535897933,-0.0337388647013666,3.945e-05
95.25,0.05654907,0.001,-10.52827024,0.0031415926535897933,-0.0335317519681939,3.945e-05
95.3,0.05955505,0.001,-10.50313748,0.0031415926535897933,-0.0332161517324769,3.945e-05
95.35,0.06088257,0.001,-10.48625141,0.0031415926535897933,-0.03300410786334611,3.945e-05
95.4,0.06167603,0.001,-10.47250693,0.0031415926535897933,-0.0328315139608933,3.945e-05
95.45,0.06108093,0.001,-10.45326466,0.0031415926535897933,-0.032589882522574096,3.945e-05
96.0,0.05978394,0.001,-10.44266178,0.0031415926535897933,-0.032456738712372604,3.945e-05
95.95,0.05973816,0.001,-10.44266178,0.0031415926535897933,-0.032456738712372604,3.945e-05
95.9,0.05953979,0.001,-10.44266178,0.0031415926535897933,-0.032456738712372604,3.945e-05
95.85,0.05979919,0.001,-10.44266178,0.0031415926535897933,-0.032456738712372604,3.945e-05
95.8,0.05963135,0.001,-10.44266178,0.0031415926535897933,-0.032456738712372604,3.945e-05
96.05,0.0597229,0.001,-10.44226908,0.0031415926535897933,-0.03245180745084121,3.945e-05
95.75,0.05976868,0.001,-10.44030558,0.0031415926535897933,-0.03242715114318419,3.945e-05
96.1,0.06013489,0.001,-10.43873479,0.0031415926535897933,-0.032407426222631805,3.945e-05
96.15,0.06083679,0.001,-10.43637859,0.0031415926535897933,-0.032377838653443305,3.945e-05
96.2,0.06033325,0.001,-10.43637859,0.0031415926535897933,-0.032377838653443305,3.945e-05
95.5,0.05967712,0.001,-10.43480779,0.0031415926535897933,-0.032358113607317704,3.945e-05
95.7,0.05886841,0.001,-10.4324516,0.0031415926535897933,-0.032328526163702506,3.945e-05
95.65,0.05921936,0.001,-10.42931,0.0031415926535897933,-0.03228907607145119,3.945e-05
95.55,0.05914307,0.001,-10.42931,0.0031415926535897933,-0.03228907607145119,3.945e-05
95.6,0.05934143,0.001,-10.4285246,0.0031415926535897933,-0.032279213548388405,3.945e-05
96.25,0.05863953,0.001,-10.42499031,0.0031415926535897933,-0.032234832320179,3.945e-05
96.3,0.05752563,0.001,-10.41438743,0.0031415926535897933,-0.03210168850997751,3.945e-05
96.35,0.05488586,0.001,-10.39553786,0.0031415926535897933,-0.031864988333189695,3.945e-05
96.4,0.05029297,0.001,-10.37982988,0.0031415926535897933,-0.031667738123079894,3.945e-05
96.45,0.04859924,0.001,-10.37236859,0.0031415926535897933,-0.03157404427955639,3.945e-05
96.5,0.0456543,0.001,-10.35626792,0.0031415926535897933,-0.03137186293348841,3.945e-05
96.55,0.04298401,0.001,-10.34252344,0.0031415926535897933,-0.03119926903103569,3.945e-05
96.6,0.0415802,0.001,-10.33898915,0.0031415926535897933,-0.0311548878028262,3.945e-05
96.65,0.04017639,0.001,-10.33270596,0.0031415926535897933,-0.031075987743897013,3.945e-05
96.7,0.03793335,0.001,-10.31621258,0.0031415926535897933,-0.030868875010724398,3.945e-05
96.75,0.03521729,0.001,-10.29382872,0.0031415926535897933,-0.030587793605727095,3.945e-05
96.8,0.03102112,0.001,-10.26830326,0.0031415926535897933,-0.03026726210847859,3.945e-05
96.85,0.03082275,0.001,-10.25730768,0.0031415926535897933,-0.030129187036745705,3.945e-05
96.9,0.0307312,0.001,-10.25180988,0.0031415926535897933,-0.030060149375306003,3.945e-05
96.95,0.03065491,0.001,-10.24984639,0.0031415926535897933,-0.0300354931932222,3.945e-05
97.0,0.03053284,0.001,-10.24788289,0.0031415926535897933,-0.030010836885565204,3.945e-05
97.05,0.03012085,0.001,-10.23138952,0.0031415926535897933,-0.029803724277965807,3.945e-05
97.1,0.03005981,0.001,-10.20861295,0.0031415926535897933,-0.029517711485863893,3.945e-05
97.15,0.03007507,0.001,-10.19643927,0.0031415926535897933,-0.0293648426295368,3.945e-05
97.2,0.03060913,0.001,-10.18819259,0.0031415926535897933,-0.029261286388523697,3.945e-05
97.25,0.03132629,0.001,-10.1791605,0.0031415926535897933,-0.02914786749887459,3.945e-05
97.3,0.03288269,0.001,-10.16227443,0.0031415926535897933,-0.028935823629743798,3.945e-05
97.35,0.03491211,0.001,-10.13596357,0.0031415926535897933,-0.028605429609432506,3.945e-05
97.4,0.03770447,0.001,-10.1159359,0.0031415926535897933,-0.028353935648050513,3.945e-05
97.45,0.04049683,0.001,-10.10808191,0.0031415926535897933,-0.028255310542995613,3.945e-05
97.5,0.0423584,0.001,-10.09787173,0.0031415926535897933,-0.028127097994325487,3.945e-05
97.55,0.0450592,0.001,-10.08177105,0.0031415926535897933,-0.027924916522684293,3.945e-05
97.6,0.04872131,0.001,-10.05938719,0.0031415926535897933,-0.0276438351176871,3.945e-05
97.65,0.05734253,0.001,-10.04093032,0.0031415926535897933,-0.0274120662024306,3.945e-05
97.7,0.05915833,0.001,-10.03111284,0.0031415926535897933,-0.027288784915292005,3.945e-05
97.75,0.06056213,0.001,-10.02600774,0.0031415926535897933,-0.027224678515383696,3.945e-05
97.8,0.06248474,0.001,-10.01854646,0.0031415926535897933,-0.027130984797433408,3.945e-05
97.85,0.06451416,0.001,-10.01461946,0.0031415926535897933,-0.02708167218211939,3.945e-05
97.9,0.06628418,0.001,-10.00912167,0.0031415926535897933,-0.027012634646252906,3.945e-05
97.95,0.06878662,0.001,-10.00244578,0.0031415926535897933,-0.026928803325792186,3.945e-05
98.0,0.07008362,0.001,-9.99655529,0.0031415926535897933,-0.026854834528394392,3.945e-05
98.05,0.07394409,0.001,-9.9887013,0.0031415926535897933,-0.02675620942333949,3.945e-05
98.1,0.07783508,0.001,-9.97613492,0.0031415926535897933,-0.026598409305480894,3.945e-05
98.15,0.08181763,0.001,-9.96356854,0.0031415926535897933,-0.026440609187622408,3.945e-05
98.2,0.08657837,0.001,-9.95257296,0.0031415926535897933,-0.026302534115889398,3.945e-05
98.25,0.08898926,0.001,-9.94157738,0.0031415926535897933,-0.0261644590441565,3.945e-05
98.3,0.09147644,0.001,-9.9258694,0.0031415926535897933,-0.0259672088340467,3.945e-05
98.35,0.09346008,0.001,-9.91605192,0.0031415926535897933,-0.025843927546907994,3.945e-05
98.4,0.09469604,0.001,-9.90859063,0.0031415926535897933,-0.025750233703384598,3.945e-05
99.05,0.09402466,0.001,-9.89602425,0.0031415926535897933,-0.025592433585526,3.945e-05
99.0,0.09420776,0.001,-9.89602425,0.0031415926535897933,-0.025592433585526,3.945e-05
98.95,0.09448242,0.001,-9.89602425,0.0031415926535897933,-0.025592433585526,3.945e-05
98.8,0.09475708,0.001,-9.89602425,0.0031415926535897933,-0.025592433585526,3.945e-05
98.85,0.09449768,0.001,-9.89602425,0.0031415926535897933,-0.025592433585526,3.945e-05
98.9,0.09495544,0.001,-9.89602425,0.0031415926535897933,-0.025592433585526,3.945e-05
99.1,0.09442139,0.001,-9.89523885,0.0031415926535897933,-0.0255825710624632,3.945e-05
99.15,0.09518433,0.001,-9.89327535,0.0031415926535897933,-0.025557914754806094,3.945e-05
99.2,0.09580994,0.001,-9.89288266,0.0031415926535897933,-0.025552983618848002,3.945e-05
98.45,0.09524536,0.001,-9.89248996,0.0031415926535897933,-0.025548052357316595,3.945e-05
99.25,0.09544373,0.001,-9.88974106,0.0031415926535897933,-0.0255135335265967,3.945e-05
98.5,0.09515381,0.001,-9.88581407,0.0031415926535897933,-0.025464221036855902,3.945e-05
98.55,0.09490967,0.001,-9.88385057,0.0031415926535897933,-0.025439564729198894,3.945e-05
98.75,0.0947113,0.001,-9.88345787,0.0031415926535897933,-0.0254346334676675,3.945e-05
98.7,0.09451294,0.001,-9.88188707,0.0031415926535897933,-0.0254149084215418,3.945e-05
98.65,0.09451294,0.001,-9.88031628,0.0031415926535897933,-0.0253951835009895,3.945e-05
98.6,0.09455872,0.001,-9.88031628,0.0031415926535897933,-0.0253951835009895,3.945e-05
99.3,0.09432983,0.001,-9.87717468,0.0031415926535897933,-0.0253557334087382,3.945e-05
99.35,0.09237671,0.001,-9.86107401,0.0031415926535897933,-0.025153552062670198,3.945e-05
99.4,0.0891571,0.001,-9.84418793,0.0031415926535897933,-0.024941508067966203,3.945e-05
99.45,0.08482361,0.001,-9.82337487,0.0031415926535897933,-0.0246801517090946,3.945e-05
99.5,0.07678223,0.001,-9.80884499,0.0031415926535897933,-0.024497695283578994,3.945e-05
99.55,0.07444763,0.001,-9.8002056,0.0031415926535897933,-0.024389207655461292,3.945e-05
99.6,0.07058716,0.001,-9.78606843,0.0031415926535897933,-0.024211682617050395,3.945e-05
99.65,0.06837463,0.001,-9.78253413,0.0031415926535897933,-0.0241673012632677,3.945e-05
99.7,0.06596375,0.001,-9.77821444,0.0031415926535897933,-0.024113057511995495,3.945e-05
99.75,0.06134033,0.001,-9.76564806,0.0031415926535897933,-0.023955257394136995,3.945e-05
99.8,0.0554657,0.001,-9.74679849,0.0031415926535897933,-0.0237185572173491,3.945e-05
99.85,0.05154419,0.001,-9.73423211,0.0031415926535897933,-0.023560757099490598,3.945e-05
99.9,0.04638672,0.001,-9.72480732,0.0031415926535897933,-0.023442406948310096,3.945e-05
99.95,0.042099,0.001,-9.70713585,0.0031415926535897933,-0.023220500556116505,3.945e-05
100.0,0.03897095,0.001,-9.69182058,0.0031415926535897933,-0.023028181733111303,3.945e-05
100.05,0.03689575,0.001,-9.68239579,0.0031415926535897933,-0.0229098315819308,3.945e-05
100.1,0.03450012,0.001,-9.6745418,0.0031415926535897933,-0.0228112064768759,3.945e-05
100.15,0.03208923,0.001,-9.66197542,0.0031415926535897933,-0.022653406359017303,3.945e-05
100.2,0.03059387,0.001,-9.64783825,0.0031415926535897933,-0.022475881320606406,3.945e-05
100.25,0.0295105,0.001,-9.63487917,0.0031415926535897933,-0.022313149941216498,3.945e-05
100.3,0.02816772,0.001,-9.62113469,0.0031415926535897933,-0.022140556038763692,3.945e-05
100.35,0.02815247,0.001,-9.6156369,0.0031415926535897933,-0.022071518502897194,3.945e-05
100.4,0.02807617,0.001,-9.61013911,0.0031415926535897933,-0.022002480967030794,3.945e-05
100.45,0.0282135,0.001,-9.59678733,0.0031415926535897933,-0.021834818326109395,3.945e-05
100.5,0.02883911,0.001,-9.58579174,0.0031415926535897933,-0.021696743128803306,3.945e-05
100.55,0.02946472,0.001,-9.57597426,0.0031415926535897933,-0.0215734618416646,3.945e-05
100.6,0.02996826,0.001,-9.56929837,0.0031415926535897933,-0.021489630521203895,3.945e-05
100.65,0.0308075,0.001,-9.56026628,0.0031415926535897933,-0.0213762116315548,3.945e-05
100.7,0.03161621,0.001,-9.55437579,0.0031415926535897933,-0.021302242834156895,3.945e-05
100.75,0.03305054,0.001,-9.5484853,0.0031415926535897933,-0.021228274036759004,3.945e-05
100.8,0.03439331,0.001,-9.54102402,0.0031415926535897933,-0.0211345803188088,3.945e-05
100.85,0.03538513,0.001,-9.53317003,0.0031415926535897933,-0.0210359552137539,3.945e-05
100.9,0.03713989,0.001,-9.52217445,0.0031415926535897933,-0.020897880142021,3.945e-05
100.95,0.04217529,0.001,-9.51000076,0.0031415926535897933,-0.020745011160120605,3.945e-05
101.0,0.04402161,0.001,-9.50332488,0.0031415926535897933,-0.0206611799652332,3.945e-05
101.05,0.04663086,0.001,-9.49193659,0.0031415926535897933,-0.020518173506395593,3.945e-05
101.1,0.05131531,0.001,-9.47347972,0.0031415926535897933,-0.0202864045911392,3.945e-05
101.15,0.06306458,0.001,-9.45384475,0.0031415926535897933,-0.0200398418912886,3.945e-05
101.2,0.0667572,0.001,-9.44206377,0.0031415926535897933,-0.0198919042964929,3.945e-05
101.25,0.07006836,0.001,-9.43146089,0.0031415926535897933,-0.019758760486291396,3.945e-05
101.3,0.07502747,0.001,-9.41928721,0.0031415926535897933,-0.019605891629964192,3.945e-05
101.35,0.08345032,0.001,-9.40946972,0.0031415926535897933,-0.019482610217252297,3.945e-05
101.4,0.09022522,0.001,-9.39336905,0.0031415926535897933,-0.019280428871184294,3.945e-05
101.45,0.09770203,0.001,-9.37569758,0.0031415926535897933,-0.019058522478990703,3.945e-05
101.5,0.10404968,0.001,-9.36823629,0.0031415926535897933,-0.018964828635467196,3.945e-05
101.55,0.10644531,0.001,-9.3631312,0.0031415926535897933,-0.018900722361132202,3.945e-05
101.6,0.10914612,0.001,-9.35566991,0.0031415926535897933,-0.018807028517608695,3.945e-05
101.65,0.11228943,0.001,-9.34742322,0.0031415926535897933,-0.0187034721510224,3.945e-05
101.7,0.12010193,0.001,-9.33682034,0.0031415926535897933,-0.018570328340820896,3.945e-05
101.75,0.12385559,0.001,-9.32503936,0.0031415926535897933,-0.0184223907460251,3.945e-05
101.8,0.12687683,0.001,-9.31482918,0.0031415926535897933,-0.0182941781973551,3.945e-05
101.85,0.13009644,0.001,-9.30461899,0.0031415926535897933,-0.0181659655231117,3.945e-05
101.9,0.13516235,0.001,-9.29440881,0.0031415926535897933,-0.0180377529744416,3.945e-05
102.5,0.13891602,0.001,-9.29126721,0.0031415926535897933,-0.017998302882190398,3.945e-05
102.45,0.13870239,0.001,-9.28891102,0.0031415926535897933,-0.0179687154385752,3.945e-05
102.55,0.13818359,0.001,-9.28655482,0.0031415926535897933,-0.0179391278693867,3.945e-05
101.95,0.13696289,0.001,-9.28655482,0.0031415926535897933,-0.0179391278693867,3.945e-05
102.6,0.13705444,0.001,-9.28498402,0.0031415926535897933,-0.0179194028232611,3.945e-05
102.0,0.13796997,0.001,-9.28027163,0.0031415926535897933,-0.017860227810457402,3.945e-05
102.4,0.13870239,0.001,-9.28027163,0.0031415926535897933,-0.017860227810457402,3.945e-05
102.3,0.13865662,0.001,-9.28027163,0.0031415926535897933,-0.017860227810457402,3.945e-05
102.35,0.13865662,0.001,-9.28027163,0.0031415926535897933,-0.017860227810457402,3.945e-05
102.05,0.13865662,0.001,-9.27595194,0.0031415926535897933,-0.017805984059185195,3.945e-05
102.65,0.13986206,0.001,-9.27516654,0.0031415926535897933,-0.017796121536122395,3.945e-05
102.25,0.13877869,0.001,-9.27438114,0.0031415926535897933,-0.017786259013059594,3.945e-05
102.1,0.14038086,0.001,-9.26770525,0.0031415926535897933,-0.0177024276925989,3.945e-05
102.15,0.14105225,0.001,-9.26063666,0.0031415926535897933,-0.017613665110606802,3.945e-05
102.7,0.14157104,0.001,-9.26063666,0.0031415926535897933,-0.017613665110606802,3.945e-05
102.2,0.14091492,0.001,-9.25985126,0.0031415926535897933,-0.017603802587544,3.945e-05
102.75,0.14207458,0.001,-9.25199728,0.0031415926535897933,-0.017505177608062306,3.945e-05
102.8,0.14183044,0.001,-9.25042648,0.0031415926535897933,-0.017485452561936704,3.945e-05
102.85,0.14135742,0.001,-9.24532139,0.0031415926535897933,-0.017421346287601697,3.945e-05
102.9,0.13548279,0.001,-9.21351274,0.0031415926535897933,-0.017021914731423893,3.945e-05
102.95,0.12445068,0.001,-9.18406028,0.0031415926535897933,-0.0166520706188613,3.945e-05
103.0,0.12162781,0.001,-9.18131139,0.0031415926535897933,-0.016617551913714695,3.945e-05
103.05,0.12123108,0.001,-9.18052599,0.0031415926535897933,-0.016607689390651895,3.945e-05
103.1,0.1187439,0.001,-9.1742428,0.0031415926535897933,-0.016528789331722596,3.945e-05
103.15,0.11210632,0.001,-9.16089102,0.0031415926535897933,-0.016361126690801295,3.945e-05
103.2,0.10217285,0.001,-9.15303703,0.0031415926535897933,-0.016262501585746394,3.945e-05
103.25,0.09532166,0.001,-9.14164875,0.0031415926535897933,-0.016119495252482102,3.945e-05
103.3,0.08383179,0.001,-9.12319188,0.0031415926535897933,-0.015887726337225697,3.945e-05
103.35,0.07290649,0.001,-9.10355691,0.0031415926535897933,-0.015641163637375,3.945e-05
103.4,0.04885864,0.001,-9.07920955,0.0031415926535897933,-0.0153354259247208,3.945e-05
103.45,0.04127502,0.001,-9.06114538,0.0031415926535897933,-0.015108588270995704,3.945e-05
103.5,0.0381012,0.001,-9.05250599,0.0031415926535897933,-0.015000100642878003,3.945e-05
103.55,0.03691101,0.001,-9.0474009,0.0031415926535897933,-0.014935994368542996,3.945e-05
103.6,0.03070068,0.001,-9.03365642,0.0031415926535897933,-0.014763400466090204,3.945e-05
103.65,0.02893066,0.001,-9.01716305,0.0031415926535897933,-0.014556287858490904,3.945e-05
103.7,0.02882385,0.001,-9.00695287,0.0031415926535897933,-0.014428075309820793,3.945e-05
103.75,0.02877808,0.001,-9.00263317,0.0031415926535897933,-0.014373831432975298,3.945e-05
103.8,0.03024292,0.001,-8.99438649,0.0031415926535897933,-0.014270275191962195,3.945e-05
103.85,0.03123474,0.001,-8.9849617,0.0031415926535897933,-0.014151925040781693,3.945e-05
103.9,0.03131104,0.001,-8.9841763,0.0031415926535897933,-0.014142062517718892,3.945e-05
103.95,0.03239441,0.001,-8.97867851,0.0031415926535897933,-0.014073024981852394,3.945e-05
104.0,0.03511047,0.001,-8.97396612,0.0031415926535897933,-0.014013849969048794,3.945e-05
104.05,0.03579712,0.001,-8.97200262,0.0031415926535897933,-0.013989193661391702,3.945e-05
104.1,0.03672791,0.001,-8.96925373,0.0031415926535897933,-0.013954674956245097,3.945e-05
104.15,0.03762817,0.001,-8.96768293,0.0031415926535897933,-0.013934949910119496,3.945e-05
104.2,0.03904724,0.001,-8.96611213,0.0031415926535897933,-0.013915224863993894,3.945e-05
104.25,0.03988647,0.001,-8.96257784,0.0031415926535897933,-0.013870843635784502,3.945e-05
104.3,0.04081726,0.001,-8.96139974,0.0031415926535897933,-0.013856049851190197,3.945e-05
104.35,0.04141235,0.001,-8.95786544,0.0031415926535897933,-0.0138116684974076,3.945e-05
104.4,0.05342102,0.001,-8.94412097,0.0031415926535897933,-0.013639074720528097,3.945e-05
104.45,0.05778503,0.001,-8.93430348,0.0031415926535897933,-0.013515793307816104,3.945e-05
104.5,0.05841064,0.001,-8.93233998,0.0031415926535897933,-0.013491137000159095,3.945e-05
104.55,0.05908203,0.001,-8.93037649,0.0031415926535897933,-0.013466480818075305,3.945e-05
104.6,0.06304932,0.001,-8.92841299,0.0031415926535897933,-0.013441824510418296,3.945e-05
104.65,0.06391907,0.001,-8.9248787,0.0031415926535897933,-0.013397443282208793,3.945e-05
104.7,0.06491089,0.001,-8.9229152,0.0031415926535897933,-0.013372786974551798,3.945e-05
104.75,0.06590271,0.001,-8.9221298,0.0031415926535897933,-0.013362924451488997,3.945e-05
104.8,0.06672668,0.001,-8.920559,0.0031415926535897933,-0.013343199405363396,3.945e-05
104.85,0.06846619,0.001,-8.9197736,0.0031415926535897933,-0.013333336882300498,3.945e-05
104.9,0.07176208,0.001,-8.91349041,0.0031415926535897933,-0.013254436823371296,3.945e-05
104.95,0.08049011,0.001,-8.89660434,0.0031415926535897933,-0.013042392954240506,3.945e-05
105.0,0.11853027,0.001,-8.87029348,0.0031415926535897933,-0.0127119989339292,3.945e-05
105.05,0.12818909,0.001,-8.8589052,0.0031415926535897933,-0.012568992600664894,3.945e-05
105.1,0.139328,0.001,-8.84594612,0.0031415926535897933,-0.012406261221274903,3.945e-05
105.15,0.15391541,0.001,-8.83063085,0.0031415926535897933,-0.012213942398269798,3.945e-05
105.2,0.18130493,0.001,-8.81531557,0.0031415926535897933,-0.012021623449691404,3.945e-05
105.25,0.19326782,0.001,-8.80039299,0.0031415926535897933,-0.011834235762644404,3.945e-05
105.3,0.20378113,0.001,-8.78782661,0.0031415926535897933,-0.011676435644785793,3.945e-05
105.8,0.22090149,0.001,-8.78704122,0.0031415926535897933,-0.011666573247296294,3.945e-05
105.75,0.22120667,0.001,-8.78704122,0.0031415926535897933,-0.011666573247296294,3.945e-05
105.7,0.22129822,0.001,-8.78704122,0.0031415926535897933,-0.011666573247296294,3.945e-05
105.65,0.22238159,0.001,-8.78704122,0.0031415926535897933,-0.011666573247296294,3.945e-05
105.9,0.21995544,0.001,-8.78704122,0.0031415926535897933,-0.011666573247296294,3.945e-05
105.85,0.2205658,0.001,-8.78704122,0.0031415926535897933,-0.011666573247296294,3.945e-05
105.95,0.21284485,0.001,-8.78350692,0.0031415926535897933,-0.0116221918935136,3.945e-05
106.0,0.21263123,0.001,-8.78232882,0.0031415926535897933,-0.011607398108919392,3.945e-05
105.35,0.22212219,0.001,-8.77643833,0.0031415926535897933,-0.0115334293115215,3.945e-05
105.4,0.23042297,0.001,-8.76505005,0.0031415926535897933,-0.011390422978257195,3.945e-05
106.05,0.23251343,0.001,-8.76387195,0.0031415926535897933,-0.011375629193663,3.945e-05
105.6,0.23348999,0.001,-8.76190846,0.0031415926535897933,-0.011350973011579196,3.945e-05
105.45,0.23509216,0.001,-8.75994496,0.0031415926535897933,-0.011326316703922201,3.945e-05
105.5,0.23612976,0.001,-8.75876686,0.0031415926535897933,-0.011311522919327896,3.945e-05
105.55,0.23522949,0.001,-8.75876686,0.0031415926535897933,-0.011311522919327896,3.945e-05
106.1,0.23454285,0.001,-8.75876686,0.0031415926535897933,-0.011311522919327896,3.945e-05
106.15,0.24595642,0.001,-8.74188079,0.0031415926535897933,-0.011099479050197106,3.945e-05
106.2,0.26208496,0.001,-8.72420932,0.0031415926535897933,-0.010877572658003598,3.945e-05
106.25,0.26785278,0.001,-8.72028232,0.0031415926535897933,-0.010828260042689497,3.945e-05
106.3,0.27856445,0.001,-8.69907656,0.0031415926535897933,-0.0105619724222865,3.945e-05
106.35,0.28573608,0.001,-8.66608981,0.0031415926535897933,-0.010147747081514502,3.945e-05
106.4,0.28544617,0.001,-8.64724024,0.0031415926535897933,-0.009911046904726703,3.945e-05
106.45,0.2817688,0.001,-8.63742275,0.0031415926535897933,-0.009787765492014794,3.945e-05
106.5,0.27462769,0.001,-8.61425349,0.0031415926535897933,-0.009496821563954705,3.945e-05
106.55,0.25613403,0.001,-8.57459085,0.0031415926535897933,-0.008998764902722,3.945e-05
106.6,0.20526123,0.001,-8.5451384,0.0031415926535897933,-0.008628920915732696,3.945e-05
106.65,0.19216919,0.001,-8.52903773,0.0031415926535897933,-0.008426739569664804,3.945e-05
106.7,0.19046021,0.001,-8.52785963,0.0031415926535897933,-0.008411945785070499,3.945e-05
106.75,0.18347168,0.001,-8.52432533,0.0031415926535897933,-0.008367564431287902,3.945e-05
106.8,0.17129517,0.001,-8.51529325,0.0031415926535897933,-0.008254145667211998,3.945e-05
106.85,0.14884949,0.001,-8.49722908,0.0031415926535897933,-0.008027308013487,3.945e-05
106.9,0.14411926,0.001,-8.49408748,0.0031415926535897933,-0.0079878579212357,3.945e-05
106.95,0.13839722,0.001,-8.49094589,0.0031415926535897933,-0.007948407954557701,3.945e-05
107.0,0.12789917,0.001,-8.4838773,0.0031415926535897933,-0.007859645372565602,3.945e-05
107.05,0.10440063,0.001,-8.46463503,0.0031415926535897933,-0.007618013934246395,3.945e-05
107.1,0.1005249,0.001,-8.46267153,0.0031415926535897933,-0.0075933576265894,3.945e-05
107.15,0.09785461,0.001,-8.46188613,0.0031415926535897933,-0.0075834951035266,3.945e-05
107.2,0.09474182,0.001,-8.45874454,0.0031415926535897933,-0.007544045136848504,3.945e-05
107.25,0.09161377,0.001,-8.45717374,0.0031415926535897933,-0.007524320090722902,3.945e-05
107.3,0.08929443,0.001,-8.45638834,0.0031415926535897933,-0.007514457567660102,3.945e-05
107.35,0.08850098,0.001,-8.45560294,0.0031415926535897933,-0.007504595044597301,3.945e-05
107.4,0.08847046,0.001,-8.45560294,0.0031415926535897933,-0.007504595044597301,3.945e-05
107.45,0.08799744,0.001,-8.45403215,0.0031415926535897933,-0.007484870124044904,3.945e-05
107.5,0.08622742,0.001,-8.45403215,0.0031415926535897933,-0.007484870124044904,3.945e-05
107.55,0.08473206,0.001,-8.45285405,0.0031415926535897933,-0.007470076339450696,3.945e-05
107.6,0.06938171,0.001,-8.43518258,0.0031415926535897933,-0.007248169947257105,3.945e-05
107.65,0.04858398,0.001,-8.4190819,0.0031415926535897933,-0.007045988475615897,3.945e-05
107.7,0.04573059,0.001,-8.4171184,0.0031415926535897933,-0.007021332167958805,3.945e-05
107.75,0.04388428,0.001,-8.41397681,0.0031415926535897933,-0.006981882201280792,3.945e-05
107.8,0.04188538,0.001,-8.41004982,0.0031415926535897933,-0.006932569711539993,3.945e-05
107.85,0.03746033,0.001,-8.39512724,0.0031415926535897933,-0.006745182024492993,3.945e-05
107.9,0.0344696,0.001,-8.38020466,0.0031415926535897933,-0.0065577943374459935,3.945e-05
107.95,0.03486633,0.001,-8.37470687,0.0031415926535897933,-0.006488756801579593,3.945e-05
108.0,0.04086304,0.001,-8.3582135,0.0031415926535897933,-0.006281644193980196,3.945e-05
108.05,0.08071899,0.001,-8.31894356,0.0031415926535897933,-0.005788518794278899,3.945e-05
108.1,0.15818787,0.001,-8.30087939,0.0031415926535897933,-0.005561681140553998,3.945e-05
108.15,0.20265198,0.001,-8.28752761,0.0031415926535897933,-0.0053940184996326,3.945e-05
108.2,0.21011353,0.001,-8.28438602,0.0031415926535897933,-0.005354568532954601,3.945e-05
108.25,0.21435547,0.001,-8.28124442,0.0031415926535897933,-0.005315118440703301,3.945e-05
108.3,0.26615906,0.001,-8.27339043,0.0031415926535897933,-0.0052164933356484006,3.945e-05
108.85,0.30728149,0.001,-8.27181964,0.0031415926535897933,-0.005196768415096004,3.945e-05
108.9,0.30749512,0.001,-8.27103424,0.0031415926535897933,-0.005186905892033203,3.945e-05
108.8,0.30839539,0.001,-8.27024884,0.0031415926535897933,-0.005177043368970402,3.945e-05
108.75,0.30934143,0.001,-8.27024884,0.0031415926535897933,-0.005177043368970402,3.945e-05
108.7,0.30654907,0.001,-8.27024884,0.0031415926535897933,-0.005177043368970402,3.945e-05
108.65,0.30647278,0.001,-8.27024884,0.0031415926535897933,-0.005177043368970402,3.945e-05
108.95,0.28204346,0.001,-8.27024884,0.0031415926535897933,-0.005177043368970402,3.945e-05
108.6,0.30653381,0.001,-8.26867804,0.0031415926535897933,-0.0051573183228448005,3.945e-05
109.0,0.27793884,0.001,-8.26867804,0.0031415926535897933,-0.0051573183228448005,3.945e-05
108.35,0.29992676,0.001,-8.26318025,0.0031415926535897933,-0.0050882807869783026,3.945e-05
109.05,0.29898071,0.001,-8.26239485,0.0031415926535897933,-0.005078418263915502,3.945e-05
108.4,0.36080933,0.001,-8.25297007,0.0031415926535897933,-0.0049600682383082045,3.945e-05
108.55,0.37721252,0.001,-8.25139927,0.0031415926535897933,-0.004940343192182603,3.945e-05
108.5,0.37940979,0.001,-8.25139927,0.0031415926535897933,-0.004940343192182603,3.945e-05
108.45,0.38136292,0.001,-8.25139927,0.0031415926535897933,-0.004940343192182603,3.945e-05
109.1,0.39086914,0.001,-8.25139927,0.0031415926535897933,-0.004940343192182603,3.945e-05
109.15,0.39413452,0.001,-8.24865037,0.0031415926535897933,-0.004905824361462793,3.945e-05
109.2,0.40071106,0.001,-8.24825767,0.0031415926535897933,-0.004900893099931303,3.945e-05
109.25,0.4046936,0.001,-8.24668688,0.0031415926535897933,-0.004881168179379003,3.945e-05
109.3,0.4239502,0.001,-8.24511608,0.0031415926535897933,-0.004861443133253304,3.945e-05
109.35,0.4446106,0.001,-8.24236718,0.0031415926535897933,-0.004826924302533495,3.945e-05
109.4,0.52445984,0.001,-8.22312491,0.0031415926535897933,-0.004585292864214205,3.945e-05
109.45,0.90829468,0.001,-8.20034835,0.0031415926535897933,-0.004299280197685593,3.945e-05
109.5,0.92015076,0.001,-8.19720675,0.0031415926535897933,-0.004259830105434292,3.945e-05
109.55,0.95219421,0.001,-8.19170896,0.0031415926535897933,-0.0041907925695679055,3.945e-05
109.6,1.26008606,0.001,-8.17443019,0.0031415926535897933,-0.003973817438905694,3.945e-05
109.65,1.36634827,0.001,-8.16147111,0.0031415926535897933,-0.0038110860595158003,3.945e-05
109.7,1.39002991,0.001,-8.15793682,0.0031415926535897933,-0.0037667048313062973,3.945e-05
109.75,1.62405396,0.001,-8.14497774,0.0031415926535897933,-0.0036039734519164035,3.945e-05
109.8,1.79074097,0.001,-8.12730627,0.0031415926535897933,-0.0033820670597227986,3.945e-05
109.85,1.8547821,0.001,-8.12063038,0.0031415926535897933,-0.0032982357392620926,3.945e-05
109.9,2.12579346,0.001,-8.1076713,0.0031415926535897933,-0.0031355043598721988,3.945e-05
109.95,2.20419312,0.001,-8.09824651,0.0031415926535897933,-0.0030171542086915998,3.945e-05
110.0,2.23576355,0.001,-8.09589032,0.0031415926535897933,-0.002987566765076499,3.945e-05
110.05,2.35380554,0.001,-8.08960713,0.0031415926535897933,-0.0029086667061472005,3.945e-05
110.1,2.47967529,0.001,-8.07939694,0.0031415926535897933,-0.0027804540319038007,3.945e-05
110.15,2.59365845,0.001,-8.07154295,0.0031415926535897933,-0.0026818289268489004,3.945e-05
110.2,2.6738739,0.001,-8.06918676,0.0031415926535897933,-0.0026522414832337027,3.945e-05
110.25,2.76119995,0.001,-8.06290357,0.0031415926535897933,-0.002573341424304501,3.945e-05
110.3,2.93434143,0.001,-8.05583498,0.0031415926535897933,-0.0024845788423124016,3.945e-05
110.35,3.03813171,0.001,-8.04876639,0.0031415926535897933,-0.002395816260320302,3.945e-05
110.4,3.31585693,0.001,-8.02991682,0.0031415926535897933,-0.002159116083532503,3.945e-05
110.45,3.62078857,0.001,-8.02088473,0.0031415926535897933,-0.0020456971938833945,3.945e-05
110.5,3.70401001,0.001,-8.01499424,0.0031415926535897933,-0.001971728396485503,3.945e-05
110.55,3.84832764,0.001,-8.00085707,0.0031415926535897933,-0.0017942033580746058,3.945e-05
110.6,4.29911804,0.001,-7.98436369,0.0031415926535897933,-0.0015870906249018935,3.945e-05
110.65,4.37878418,0.001,-7.97611701,0.0031415926535897933,-0.0014835343838889015,3.945e-05
110.7,4.63032532,0.001,-7.96237253,0.0031415926535897933,-0.0013109404814360959,3.945e-05
110.75,4.7699585,0.001,-7.95687474,0.0031415926535897933,-0.001241902945569695,3.945e-05
110.8,4.88746643,0.001,-7.94980615,0.0031415926535897933,-0.0011531403635775955,3.945e-05
110.85,5.03120422,0.001,-7.94548645,0.0031415926535897933,-0.001098896486732101,3.945e-05
110.9,5.25143433,0.001,-7.93252738,0.0031415926535897933,-0.000936165232915398,3.945e-05
110.95,5.35444641,0.001,-7.9195683,0.0031415926535897933,-0.0007734338535253932,3.945e-05
111.0,5.71038818,0.001,-7.90111143,0.0031415926535897933,-0.0005416649382690014,3.945e-05
111.05,5.80075073,0.001,-7.89247204,0.0031415926535897933,-0.00043317731015130034,3.945e-05
111.1,5.91812134,0.001,-7.88540345,0.0031415926535897933,-0.0003444147281592008,3.945e-05
111.15,6.00456238,0.001,-7.87362247,0.0031415926535897933,-0.00019647713336350126,3.945e-05
111.2,6.07276917,0.001,-7.86341229,0.0031415926535897933,-6.826458469340324e-05,3.945e-05
111.25,6.1312561,0.001,-7.85869989,0.0031415926535897933,-9.089446316501437e-06,3.945e-05
111.3,6.20243835,0.001,-7.84848971,0.0031415926535897933,0.00011912310235359658,3.945e-05
112.1,6.39245605,0.001,-7.83985032,0.0031415926535897933,0.00022761073047129765,3.945e-05
112.05,6.39555359,0.001,-7.83985032,0.0031415926535897933,0.00022761073047129765,3.945e-05
112.0,6.39599609,0.001,-7.83985032,0.0031415926535897933,0.00022761073047129765,3.945e-05
111.95,6.3946991,0.001,-7.83985032,0.0031415926535897933,0.00022761073047129765,3.945e-05
111.65,6.38899231,0.001,-7.83985032,0.0031415926535897933,0.00022761073047129765,3.945e-05
111.7,6.39025879,0.001,-7.83985032,0.0031415926535897933,0.00022761073047129765,3.945e-05
111.75,6.39268494,0.001,-7.83985032,0.0031415926535897933,0.00022761073047129765,3.945e-05
111.8,6.39245605,0.001,-7.83985032,0.0031415926535897933,0.00022761073047129765,3.945e-05
111.85,6.39233398,0.001,-7.83985032,0.0031415926535897933,0.00022761073047129765,3.945e-05
111.9,6.3883667,0.001,-7.83985032,0.0031415926535897933,0.00022761073047129765,3.945e-05
111.35,6.2961731,0.001,-7.83945762,0.0031415926535897933,0.00023254199200270498,3.945e-05
112.15,6.37957764,0.001,-7.83867222,0.0031415926535897933,0.00024240451506550575,3.945e-05
112.2,6.36654663,0.001,-7.83827953,0.0031415926535897933,0.0002473356510236946,3.945e-05
112.25,6.36581421,0.001,-7.83592333,0.0031415926535897933,0.0002769232202120969,3.945e-05
111.4,6.32632446,0.001,-7.83513793,0.0031415926535897933,0.0002867857432748977,3.945e-05
112.3,6.38630676,0.001,-7.83121094,0.0031415926535897933,0.0003360982330157941,3.945e-05
111.45,6.36845398,0.001,-7.82689124,0.0031415926535897933,0.0003903421098612053,3.945e-05
112.35,6.43751526,0.001,-7.82296425,0.0031415926535897933,0.00043965459960210174,3.945e-05
111.6,6.46484375,0.001,-7.82257155,0.0031415926535897933,0.0004445858611334952,3.945e-05
111.5,6.463974,0.001,-7.81942996,0.0031415926535897933,0.00048403582781150756,3.945e-05
111.55,6.46273804,0.001,-7.81785916,0.0031415926535897933,0.0005037608739370952,3.945e-05
112.4,6.51020813,0.001,-7.81314677,0.0031415926535897933,0.0005629358867408063,3.945e-05
112.45,6.54685974,0.001,-7.79704609,0.0031415926535897933,0.0007651173583820003,3.945e-05
112.5,6.55583191,0.001,-7.77152063,0.0031415926535897933,0.0010856488556305055,3.945e-05
112.55,6.39958191,0.001,-7.74835137,0.0031415926535897933,0.0013765927836904973,3.945e-05
112.6,6.24778748,0.001,-7.71575732,0.0031415926535897933,0.001785886862931102,3.945e-05
112.65,5.85351563,0.001,-7.68944646,0.0031415926535897933,0.002116280883242394,3.945e-05
112.7,5.65663147,0.001,-7.66941879,0.0031415926535897933,0.0023677748446244012,3.945e-05
112.75,5.4561615,0.001,-7.64703493,0.0031415926535897933,0.002648856249621606,3.945e-05
112.8,4.84188843,0.001,-7.61993867,0.0031415926535897933,0.002989112792995796,3.945e-05
112.85,4.74031067,0.001,-7.60972849,0.0031415926535897933,0.003117325341665894,3.945e-05
112.9,4.69180298,0.001,-7.6034453,0.0031415926535897933,0.0031962254005952068,3.945e-05
112.95,4.47824097,0.001,-7.59362781,0.0031415926535897933,0.003319506813307102,3.945e-05
113.0,4.43367004,0.001,-7.58852272,0.0031415926535897933,0.0033836130876420956,3.945e-05
113.05,4.24684143,0.001,-7.58106143,0.0031415926535897933,0.0034773069311656024,3.945e-05
113.1,3.98895264,0.001,-7.56496076,0.0031415926535897933,0.0036794882772336057,3.945e-05
113.15,3.76390076,0.001,-7.55003818,0.0031415926535897933,0.0038668759642806055,3.945e-05
113.2,3.45245361,0.001,-7.5382572,0.0031415926535897933,0.004014813559076305,3.945e-05
113.25,3.21524048,0.001,-7.52451272,0.0031415926535897933,0.004187407461529097,3.945e-05
113.3,2.85861206,0.001,-7.50291426,0.0031415926535897933,0.004458626343463501,3.945e-05
113.35,2.32574463,0.001,-7.48249389,0.0031415926535897933,0.004715051566376902,3.945e-05
113.4,2.13450623,0.001,-7.46442972,0.0031415926535897933,0.0049418892201019,3.945e-05
113.45,1.86268616,0.001,-7.44008236,0.0031415926535897933,0.005247626932756197,3.945e-05
113.5,1.49673462,0.001,-7.42437438,0.0031415926535897933,0.0054448771428659976,3.945e-05
113.55,1.32037354,0.001,-7.40866641,0.0031415926535897933,0.005642127227402607,3.945e-05
113.6,1.07754517,0.001,-7.38746064,0.0031415926535897933,0.005908414973378795,3.945e-05
113.65,0.78128052,0.001,-7.37175267,0.0031415926535897933,0.006105665057915405,3.945e-05
113.7,0.67668152,0.001,-7.35918629,0.0031415926535897933,0.006263465175773905,3.945e-05
114.25,0.56967163,0.001,-7.3544739,0.0031415926535897933,0.006322640188577505,3.945e-05
114.2,0.56945801,0.001,-7.3544739,0.0031415926535897933,0.006322640188577505,3.945e-05
114.15,0.57067871,0.001,-7.3544739,0.0031415926535897933,0.006322640188577505,3.945e-05
114.0,0.57191467,0.001,-7.3544739,0.0031415926535897933,0.006322640188577505,3.945e-05
114.05,0.57019043,0.001,-7.3544739,0.0031415926535897933,0.006322640188577505,3.945e-05
114.1,0.57264709,0.001,-7.3544739,0.0031415926535897933,0.006322640188577505,3.945e-05
113.75,0.63378906,0.001,-7.3536885,0.0031415926535897933,0.006332502711640403,3.945e-05
114.3,0.58178711,0.001,-7.3536885,0.0031415926535897933,0.006332502711640403,3.945e-05
114.35,0.6089325,0.001,-7.3529031,0.0031415926535897933,0.006342365234703204,3.945e-05
114.4,0.59793091,0.001,-7.3513323,0.0031415926535897933,0.0063620902808288055,3.945e-05
113.95,0.55828857,0.001,-7.3497615,0.0031415926535897933,0.006381815326954407,3.945e-05
113.8,0.56164551,0.001,-7.34819071,0.0031415926535897933,0.006401540247506804,3.945e-05
114.45,0.56785583,0.001,-7.34661991,0.0031415926535897933,0.0064212652936324055,3.945e-05
113.9,0.55393982,0.001,-7.34504911,0.0031415926535897933,0.006440990339758104,3.945e-05
113.85,0.55119324,0.001,-7.34504911,0.0031415926535897933,0.006440990339758104,3.945e-05
114.5,0.49864197,0.001,-7.33326813,0.0031415926535897933,0.006588927934553804,3.945e-05
114.55,0.38929749,0.001,-7.31166966,0.0031415926535897933,0.006860146942061496,3.945e-05
114.6,0.24734497,0.001,-7.29478359,0.0031415926535897933,0.007072190811192203,3.945e-05
114.65,0.17964172,0.001,-7.27907562,0.0031415926535897933,0.007269440895728799,3.945e-05
114.7,0.13043213,0.001,-7.26258224,0.0031415926535897933,0.0074765536289014,3.945e-05
114.75,0.04277039,0.001,-7.23430789,0.0031415926535897933,0.007831603831296496,3.945e-05
114.8,0.03115845,0.001,-7.20367734,0.0031415926535897933,0.008216241602880106,3.945e-05
114.85,0.03323364,0.001,-7.18404237,0.0031415926535897933,0.008462804302730706,3.945e-05
114.9,0.04141235,0.001,-7.16754899,0.0031415926535897933,0.008669917035903307,3.945e-05
114.95,0.05532837,0.001,-7.15812421,0.0031415926535897933,0.008788267061510605,3.945e-05
115.0,0.06636047,0.001,-7.14712863,0.0031415926535897933,0.008926342133243503,3.945e-05
115.05,0.08216858,0.001,-7.13416955,0.0031415926535897933,0.009089073512633397,3.945e-05
115.1,0.10147095,0.001,-7.11571268,0.0031415926535897933,0.0093208424278899,3.945e-05
115.15,0.15185547,0.001,-7.09607771,0.0031415926535897933,0.0095674051277405,3.945e-05
115.2,0.18156433,0.001,-7.07330114,0.0031415926535897933,0.0098534179198424,3.945e-05
115.25,0.21548462,0.001,-7.04699028,0.0031415926535897933,0.010183811940153706,3.945e-05
115.3,0.2326355,0.001,-7.0387436,0.0031415926535897933,0.010287368181166698,3.945e-05
115.35,0.2339325,0.001,-7.0375655,0.0031415926535897933,0.010302161965760906,3.945e-05
115.4,0.23986816,0.001,-7.03246041,0.0031415926535897933,0.010366268240095997,3.945e-05
115.45,0.24726868,0.001,-7.02342832,0.0031415926535897933,0.010479687129745105,3.945e-05
115.5,0.2706604,0.001,-7.00968384,0.0031415926535897933,0.010652281032197897,3.945e-05
115.55,0.28123474,0.001,-6.99358317,0.0031415926535897933,0.0108544623782659,3.945e-05
115.6,0.28839111,0.001,-6.9759117,0.0031415926535897933,0.011076368770459408,3.945e-05
115.65,0.29318237,0.001,-6.94410305,0.0031415926535897933,0.011475800326637198,3.945e-05
115.7,0.28248596,0.001,-6.911509,0.0031415926535897933,0.011885094405877802,3.945e-05
116.35,0.27441406,0.001,-6.90208422,0.0031415926535897933,0.0120034444314851,3.945e-05
116.3,0.27310181,0.001,-6.90129882,0.0031415926535897933,0.0120133069545479,3.945e-05
116.4,0.27653503,0.001,-6.89894262,0.0031415926535897933,0.012042894523736303,3.945e-05
116.25,0.27189636,0.001,-6.89580103,0.0031415926535897933,0.012082344490414301,3.945e-05
116.45,0.27662659,0.001,-6.89540833,0.0031415926535897933,0.012087275751945695,3.945e-05
116.0,0.27226257,0.001,-6.89423023,0.0031415926535897933,0.01210206953654,3.945e-05
116.05,0.27230835,0.001,-6.89423023,0.0031415926535897933,0.01210206953654,3.945e-05
116.1,0.27272034,0.001,-6.89423023,0.0031415926535897933,0.01210206953654,3.945e-05
116.15,0.27253723,0.001,-6.89423023,0.0031415926535897933,0.01210206953654,3.945e-05
116.2,0.2722168,0.001,-6.89423023,0.0031415926535897933,0.01210206953654,3.945e-05
115.75,0.27394104,0.001,-6.89305213,0.0031415926535897933,0.012116863321134194,3.945e-05
115.95,0.27288818,0.001,-6.89226673,0.0031415926535897933,0.012126725844196995,3.945e-05
115.9,0.27290344,0.001,-6.89108863,0.0031415926535897933,0.012141519628791203,3.945e-05
115.85,0.27308655,0.001,-6.89108863,0.0031415926535897933,0.012141519628791203,3.945e-05
115.8,0.27308655,0.001,-6.89108863,0.0031415926535897933,0.012141519628791203,3.945e-05
116.5,0.27485657,0.001,-6.88951784,0.0031415926535897933,0.0121612445493436,3.945e-05
116.55,0.25291443,0.001,-6.87302446,0.0031415926535897933,0.012368357282516201,3.945e-05
116.6,0.22396851,0.001,-6.83925232,0.0031415926535897933,0.012792445020777796,3.945e-05
116.65,0.1993103,0.001,-6.80783637,0.0031415926535897933,0.013186945315424095,3.945e-05
116.7,0.16723633,0.001,-6.7866306,0.0031415926535897933,0.013453233061400408,3.945e-05
116.75,0.15354919,0.001,-6.77013723,0.0031415926535897933,0.013660345668999804,3.945e-05
116.8,0.14691162,0.001,-6.76228324,0.0031415926535897933,0.013758970774054705,3.945e-05
116.85,0.14022827,0.001,-6.75403655,0.0031415926535897933,0.013862527140640998,3.945e-05
116.9,0.12367249,0.001,-6.74421907,0.0031415926535897933,0.013985808427779703,3.945e-05
116.95,0.10595703,0.001,-6.7261549,0.0031415926535897933,0.014212646081504701,3.945e-05
117.0,0.08143616,0.001,-6.69630974,0.0031415926535897933,0.014587421455598604,3.945e-05
117.05,0.06692505,0.001,-6.67746017,0.0031415926535897933,0.014824121632386403,3.945e-05
117.1,0.05038452,0.001,-6.6625376,0.0031415926535897933,0.015011509193860198,3.945e-05
117.15,0.04440308,0.001,-6.64761502,0.0031415926535897933,0.015198896880907198,3.945e-05
117.2,0.03901672,0.001,-6.63033625,0.0031415926535897933,0.015415872011569395,3.945e-05
117.25,0.03591919,0.001,-6.62326766,0.0031415926535897933,0.015504634593561398,3.945e-05
117.3,0.03233337,0.001,-6.61462827,0.0031415926535897933,0.015613122221679196,3.945e-05
117.35,0.03018188,0.001,-6.6000984,0.0031415926535897933,0.0157955785216215,3.945e-05
117.4,0.02934265,0.001,-6.58478312,0.0031415926535897933,0.015987897470199908,3.945e-05
118.0,0.02908325,0.001,-6.56750435,0.0031415926535897933,0.016204872600862105,3.945e-05
117.9,0.0291748,0.001,-6.56750435,0.0031415926535897933,0.016204872600862105,3.945e-05
117.95,0.02919006,0.001,-6.56750435,0.0031415926535897933,0.016204872600862105,3.945e-05
117.85,0.02923584,0.001,-6.56632625,0.0031415926535897933,0.0162196663854563,3.945e-05
118.05,0.02915955,0.001,-6.56593355,0.0031415926535897933,0.016224597646987707,3.945e-05
117.65,0.0295105,0.001,-6.56436275,0.0031415926535897933,0.016244322693113294,3.945e-05
117.7,0.02929688,0.001,-6.56436275,0.0031415926535897933,0.016244322693113294,3.945e-05
117.75,0.02914429,0.001,-6.56436275,0.0031415926535897933,0.016244322693113294,3.945e-05
117.8,0.02928162,0.001,-6.56436275,0.0031415926535897933,0.016244322693113294,3.945e-05
118.1,0.02944946,0.001,-6.56279196,0.0031415926535897933,0.016264047613665705,3.945e-05
117.45,0.02911377,0.001,-6.56043576,0.0031415926535897933,0.016293635182854205,3.945e-05
117.55,0.02972412,0.001,-6.55807956,0.0031415926535897933,0.016323222752042607,3.945e-05
117.5,0.02973938,0.001,-6.55807956,0.0031415926535897933,0.016323222752042607,3.945e-05
117.6,0.02966309,0.001,-6.55807956,0.0031415926535897933,0.016323222752042607,3.945e-05
118.15,0.0302124,0.001,-6.55258177,0.0031415926535897933,0.016392260287909105,3.945e-05
118.2,0.0322876,0.001,-6.5360884,0.0031415926535897933,0.016599372895508405,3.945e-05
118.25,0.03646851,0.001,-6.51606073,0.0031415926535897933,0.016850866856890495,3.945e-05
118.3,0.03808594,0.001,-6.51095564,0.0031415926535897933,0.016914973131225503,3.945e-05
118.35,0.04530334,0.001,-6.49642576,0.0031415926535897933,0.017097429556741095,3.945e-05
118.4,0.05543518,0.001,-6.46854411,0.0031415926535897933,0.017447548497604798,3.945e-05
118.45,0.06452942,0.001,-6.44498214,0.0031415926535897933,0.0177434238127695,3.945e-05
118.5,0.07324219,0.001,-6.41906398,0.0031415926535897933,0.018068886571549397,3.945e-05
118.55,0.09924316,0.001,-6.38018675,0.0031415926535897933,0.018557080584146,3.945e-05
118.6,0.10772705,0.001,-6.3460219,0.0031415926535897933,0.018986099709512205,3.945e-05
118.65,0.10951233,0.001,-6.33934601,0.0031415926535897933,0.019069931029972897,3.945e-05
118.7,0.11029053,0.001,-6.33738251,0.0031415926535897933,0.019094587337629906,3.945e-05
118.75,0.1108551,0.001,-6.33541902,0.0031415926535897933,0.019119243519713697,3.945e-05
118.8,0.11265564,0.001,-6.32717233,0.0031415926535897933,0.019222799886300004,3.945e-05
118.85,0.11448669,0.001,-6.31067896,0.0031415926535897933,0.0194299124938994,3.945e-05
118.9,0.11715698,0.001,-6.29182939,0.0031415926535897933,0.0196666126706872,3.945e-05
118.95,0.1171875,0.001,-6.27415791,0.0031415926535897933,0.019888519188453996,3.945e-05
119.0,0.11489868,0.001,-6.25020325,0.0031415926535897933,0.0201893256395769,3.945e-05
119.05,0.11126709,0.001,-6.22978289,0.0031415926535897933,0.020445750736917095,3.945e-05
119.1,0.10743713,0.001,-6.2227143,0.0031415926535897933,0.020534513318909195,3.945e-05
119.15,0.10404968,0.001,-6.21328951,0.0031415926535897933,0.020652863470089697,3.945e-05
119.2,0.09501648,0.001,-6.18737135,0.0031415926535897933,0.020978326228869595,3.945e-05
119.25,0.08433533,0.001,-6.16106049,0.0031415926535897933,0.0213087202491809,3.945e-05
119.3,0.06732178,0.001,-6.13710583,0.0031415926535897933,0.021609526700303805,3.945e-05
119.35,0.06277466,0.001,-6.12257596,0.0031415926535897933,0.021791983000246096,3.945e-05
119.9,0.06282043,0.001,-6.11982706,0.0031415926535897933,0.021826501830965905,3.945e-05
119.85,0.06262207,0.001,-6.11982706,0.0031415926535897933,0.021826501830965905,3.945e-05
119.8,0.06239319,0.001,-6.11982706,0.0031415926535897933,0.021826501830965905,3.945e-05
119.75,0.06259155,0.001,-6.11982706,0.0031415926535897933,0.021826501830965905,3.945e-05
119.7,0.06282043,0.001,-6.11982706,0.0031415926535897933,0.021826501830965905,3.945e-05
119.95,0.06271362,0.001,-6.11982706,0.0031415926535897933,0.021826501830965905,3.945e-05
119.6,0.06297302,0.001,-6.11982706,0.0031415926535897933,0.021826501830965905,3.945e-05
119.55,0.0632019,0.001,-6.11982706,0.0031415926535897933,0.021826501830965905,3.945e-05
119.5,0.06317139,0.001,-6.11982706,0.0031415926535897933,0.021826501830965905,3.945e-05
119.45,0.06278992,0.001,-6.11982706,0.0031415926535897933,0.021826501830965905,3.945e-05
119.4,0.06285095,0.001,-6.11982706,0.0031415926535897933,0.021826501830965905,3.945e-05
119.65,0.06309509,0.001,-6.11982706,0.0031415926535897933,0.021826501830965905,3.945e-05
120.0,0.06256104,0.001,-6.11825626,0.0031415926535897933,0.021846226877091604,3.945e-05
120.05,0.05839539,0.001,-6.0962651,0.0031415926535897933,0.0221223770205574,3.945e-05
120.1,0.03121948,0.001,-6.04835577,0.0031415926535897933,0.0227239900483764,3.945e-05
120.15,0.0272522,0.001,-6.01458363,0.0031415926535897933,0.023148077786637897,3.945e-05
120.2,0.02601624,0.001,-5.99730486,0.0031415926535897933,0.023365052917300094,3.945e-05
120.25,0.02566528,0.001,-5.97374289,0.0031415926535897933,0.023660928232464795,3.945e-05
120.3,0.03652954,0.001,-5.92033578,0.0031415926535897933,0.024331578670577003,3.945e-05
120.35,0.03993225,0.001,-5.88695633,0.0031415926535897933,0.024750735272880395,3.945e-05
120.4,0.04000854,0.001,-5.88420744,0.0031415926535897933,0.024785253978027,3.945e-05
120.45,0.04092407,0.001,-5.88067314,0.0031415926535897933,0.024829635331809707,3.945e-05
120.5,0.0425415,0.001,-5.87713885,0.0031415926535897933,0.0248740165600191,3.945e-05
120.55,0.04568481,0.001,-5.86535787,0.0031415926535897933,0.0250219541548148,3.945e-05
120.6,0.04956055,0.001,-5.8465083,0.0031415926535897933,0.025258654331602598,3.945e-05
120.65,0.05102539,0.001,-5.8421886,0.0031415926535897933,0.025312898208448106,3.945e-05
120.7,0.05412292,0.001,-5.83315652,0.0031415926535897933,0.025426316972523996,3.945e-05
120.75,0.05833435,0.001,-5.80998725,0.0031415926535897933,0.025717261026157304,3.945e-05
120.8,0.06176758,0.001,-5.7836764,0.0031415926535897933,0.026047654920895294,3.945e-05
120.85,0.0632019,0.001,-5.77111002,0.0031415926535897933,0.026205455038753905,3.945e-05
121.35,0.06555176,0.001,-5.76168523,0.0031415926535897933,0.026323805189934407,3.945e-05
121.3,0.0655365,0.001,-5.76168523,0.0031415926535897933,0.026323805189934407,3.945e-05
121.25,0.06562805,0.001,-5.76168523,0.0031415926535897933,0.026323805189934407,3.945e-05
121.2,0.06546021,0.001,-5.76168523,0.0031415926535897933,0.026323805189934407,3.945e-05
121.45,0.0655365,0.001,-5.76168523,0.0031415926535897933,0.026323805189934407,3.945e-05
121.4,0.06552124,0.001,-5.76168523,0.0031415926535897933,0.026323805189934407,3.945e-05
120.9,0.06507874,0.001,-5.76168523,0.0031415926535897933,0.026323805189934407,3.945e-05
121.5,0.0655365,0.001,-5.76011443,0.0031415926535897933,0.026343530236059995,3.945e-05
121.15,0.06596375,0.001,-5.75736554,0.0031415926535897933,0.0263780489412066,3.945e-05
121.55,0.06549072,0.001,-5.75736554,0.0031415926535897933,0.0263780489412066,3.945e-05
121.6,0.0655365,0.001,-5.75697284,0.0031415926535897933,0.026382980202738007,3.945e-05
120.95,0.06616211,0.001,-5.75226045,0.0031415926535897933,0.026442155215541704,3.945e-05
121.65,0.06562805,0.001,-5.75186775,0.0031415926535897933,0.026447086477073098,3.945e-05
121.05,0.06591797,0.001,-5.74911885,0.0031415926535897933,0.026481605307792908,3.945e-05
121.0,0.06604004,0.001,-5.74911885,0.0031415926535897933,0.026481605307792908,3.945e-05
121.1,0.06581116,0.001,-5.74911885,0.0031415926535897933,0.026481605307792908,3.945e-05
121.7,0.06738281,0.001,-5.73812327,0.0031415926535897933,0.026619680379525903,3.945e-05
121.75,0.0682373,0.001,-5.72202259,0.0031415926535897933,0.026821861851167098,3.945e-05
121.8,0.06925964,0.001,-5.67057898,0.0031415926535897933,0.0274678559816222,3.945e-05
121.85,0.06773376,0.001,-5.62620395,0.0031415926535897933,0.028025087655658504,3.945e-05
121.9,0.06486511,0.001,-5.61010327,0.0031415926535897933,0.028227269127299698,3.945e-05
121.95,0.06292725,0.001,-5.5928245,0.0031415926535897933,0.028444244257961895,3.945e-05
122.0,0.06097412,0.001,-5.57318953,0.0031415926535897933,0.028690806957812495,3.945e-05
122.05,0.05818176,0.001,-5.55433996,0.0031415926535897933,0.028927507134600405,3.945e-05
122.1,0.05264282,0.001,-5.53549039,0.0031415926535897933,0.029164207311388204,3.945e-05
122.15,0.04966736,0.001,-5.51428462,0.0031415926535897933,0.029430495057364406,3.945e-05
122.2,0.04632568,0.001,-5.49622045,0.0031415926535897933,0.029657332711089404,3.945e-05
122.25,0.04249573,0.001,-5.47462199,0.0031415926535897933,0.029928551593023794,3.945e-05
122.3,0.03811646,0.001,-5.45930671,0.0031415926535897933,0.0301208705416022,3.945e-05
122.35,0.03752136,0.001,-5.45459432,0.0031415926535897933,0.0301800455544059,3.945e-05
122.4,0.03634644,0.001,-5.44752573,0.0031415926535897933,0.030268808136398,3.945e-05
122.45,0.03315735,0.001,-5.42789076,0.0031415926535897933,0.030515370836248598,3.945e-05
122.5,0.0292511,0.001,-5.41296819,0.0031415926535897933,0.030702758397722296,3.945e-05
122.55,0.02836609,0.001,-5.4015799,0.0031415926535897933,0.030845764856559904,3.945e-05
122.6,0.02700806,0.001,-5.37526905,0.0031415926535897933,0.031176158751298005,3.945e-05
122.65,0.02702332,0.001,-5.35131438,0.0031415926535897933,0.0314769653279941,3.945e-05
123.15,0.02841187,0.001,-5.33756991,0.0031415926535897933,0.031649559104873604,3.945e-05
123.1,0.02824402,0.001,-5.33756991,0.0031415926535897933,0.031649559104873604,3.945e-05
123.05,0.02828979,0.001,-5.33756991,0.0031415926535897933,0.031649559104873604,3.945e-05
123.0,0.02807617,0.001,-5.33756991,0.0031415926535897933,0.031649559104873604,3.945e-05
122.9,0.02822876,0.001,-5.33756991,0.0031415926535897933,0.031649559104873604,3.945e-05
122.95,0.0280304,0.001,-5.33756991,0.0031415926535897933,0.031649559104873604,3.945e-05
123.2,0.02818298,0.001,-5.33442831,0.0031415926535897933,0.03168900919712481,3.945e-05
123.25,0.02781677,0.001,-5.33089402,0.0031415926535897933,0.031733390425334296,3.945e-05
122.7,0.02781677,0.001,-5.32971592,0.0031415926535897933,0.031748184209928504,3.945e-05
122.85,0.02812195,0.001,-5.32814512,0.0031415926535897933,0.031767909256054105,3.945e-05
123.3,0.02828979,0.001,-5.32657432,0.0031415926535897933,0.03178763430217971,3.945e-05
122.8,0.02806091,0.001,-5.32343273,0.0031415926535897933,0.031827084268857705,3.945e-05
122.75,0.02806091,0.001,-5.32343273,0.0031415926535897933,0.031827084268857705,3.945e-05
123.35,0.02958679,0.001,-5.31636414,0.0031415926535897933,0.031915846850849805,3.945e-05
123.4,0.03285217,0.001,-5.28573359,0.0031415926535897933,0.0323004846224334,3.945e-05
123.45,0.03834534,0.001,-5.23193377,0.0031415926535897933,0.03297606644765021,3.945e-05
123.5,0.04298401,0.001,-5.19305654,0.0031415926535897933,0.033464260460246795,3.945e-05
123.55,0.04408264,0.001,-5.18598795,0.0031415926535897933,0.033553023042238894,3.945e-05
123.6,0.04542542,0.001,-5.16635298,0.0031415926535897933,0.033799585742089494,3.945e-05
123.65,0.04708862,0.001,-5.13336623,0.0031415926535897933,0.034213811082861506,3.945e-05
123.7,0.04800415,0.001,-5.10744807,0.0031415926535897933,0.034539273841641405,3.945e-05
123.75,0.04814148,0.001,-5.09920138,0.0031415926535897933,0.0346428302082277,3.945e-05
123.8,0.04824829,0.001,-5.09566709,0.0031415926535897933,0.034687211436437104,3.945e-05
123.85,0.04841614,0.001,-5.08231531,0.0031415926535897933,0.0348548740773585,3.945e-05
123.9,0.04888916,0.001,-5.06739274,0.0031415926535897933,0.0350422616388322,3.945e-05
123.95,0.0486145,0.001,-5.05482636,0.0031415926535897933,0.0352000617566908,3.945e-05
124.0,0.04878235,0.001,-5.03754758,0.0031415926535897933,0.0354170370129262,3.945e-05
124.05,0.04795837,0.001,-5.00259734,0.0031415926535897933,0.035855918535782,3.945e-05
124.1,0.04621887,0.001,-4.95272452,0.0031415926535897933,0.0364821877456848,3.945e-05
124.6,0.04281616,0.001,-4.93858734,0.0031415926535897933,0.0366597129096689,3.945e-05
124.55,0.04270935,0.001,-4.93858734,0.0031415926535897933,0.0366597129096689,3.945e-05
124.5,0.04289246,0.001,-4.93780194,0.0031415926535897933,0.0366695754327317,3.945e-05
124.45,0.04322815,0.001,-4.93701654,0.0031415926535897933,0.0366794379557946,3.945e-05
124.4,0.04302979,0.001,-4.93701654,0.0031415926535897933,0.0366794379557946,3.945e-05
124.35,0.04299927,0.001,-4.93623114,0.0031415926535897933,0.0366893004788574,3.945e-05
124.65,0.04299927,0.001,-4.93544575,0.0031415926535897933,0.0366991628763469,3.945e-05
124.3,0.04330444,0.001,-4.92994795,0.0031415926535897933,0.0367682005377866,3.945e-05
124.15,0.04353333,0.001,-4.92759176,0.0031415926535897933,0.0367977879814018,3.945e-05
124.25,0.04325867,0.001,-4.92602096,0.0031415926535897933,0.036817513027527504,3.945e-05
124.2,0.0430603,0.001,-4.92602096,0.0031415926535897933,0.036817513027527504,3.945e-05
124.7,0.04386902,0.001,-4.92602096,0.0031415926535897933,0.036817513027527504,3.945e-05
124.75,0.04119873,0.001,-4.90481519,0.0031415926535897933,0.0370838007735037,3.945e-05
124.8,0.0401001,0.001,-4.89460501,0.0031415926535897933,0.037212013322173804,3.945e-05
124.85,0.03959656,0.001,-4.88596562,0.0031415926535897933,0.0373205009502915,3.945e-05
124.9,0.03674316,0.001,-4.84669569,0.0031415926535897933,0.037813626224419604,3.945e-05
124.95,0.0280304,0.001,-4.79093238,0.0031415926535897933,0.0385138642317202,3.945e-05
125.0,0.02732849,0.001,-4.75480403,0.0031415926535897933,0.0389675396647434,3.945e-05
125.05,0.02767944,0.001,-4.73595446,0.0031415926535897933,0.0392042398415312,3.945e-05
125.1,0.02754211,0.001,-4.7131779,0.0031415926535897933,0.0394902525080599,3.945e-05
125.15,0.03010559,0.001,-4.68097655,0.0031415926535897933,0.039894615325769,3.945e-05
125.2,0.03103638,0.001,-4.66369778,0.0031415926535897933,0.0401115904564312,3.945e-05
125.25,0.03140259,0.001,-4.6523095,0.0031415926535897933,0.0402545967896955,3.945e-05
125.3,0.03236389,0.001,-4.63463802,0.0031415926535897933,0.0404765033074624,3.945e-05
125.35,0.03433228,0.001,-4.61461036,0.0031415926535897933,0.0407279971432712,3.945e-05
125.4,0.03533936,0.001,-4.59772428,0.0031415926535897933,0.040940041137975204,3.945e-05
125.45,0.03639221,0.001,-4.57730392,0.0031415926535897933,0.0411964662353154,3.945e-05
125.5,0.03744507,0.001,-4.55609815,0.0031415926535897933,0.0414627539812916,3.945e-05
125.55,0.03947449,0.001,-4.53842668,0.0031415926535897933,0.0416846603734852,3.945e-05
126.05,0.04077148,0.001,-4.53017999,0.0031415926535897933,0.041788216740071604,3.945e-05
125.85,0.04060364,0.001,-4.53017999,0.0031415926535897933,0.041788216740071604,3.945e-05
125.9,0.04057312,0.001,-4.53017999,0.0031415926535897933,0.041788216740071604,3.945e-05
125.95,0.04084778,0.001,-4.53017999,0.0031415926535897933,0.041788216740071604,3.945e-05
126.0,0.04078674,0.001,-4.53017999,0.0031415926535897933,0.041788216740071604,3.945e-05
126.1,0.0410614,0.001,-4.52860919,0.0031415926535897933,0.0418079417861972,3.945e-05
125.8,0.04100037,0.001,-4.52075521,0.0031415926535897933,0.041906566765678804,3.945e-05
125.6,0.04090881,0.001,-4.51604281,0.0031415926535897933,0.0419657419040557,3.945e-05
126.15,0.04173279,0.001,-4.51172312,0.0031415926535897933,0.042019985655328,3.945e-05
125.75,0.04159546,0.001,-4.50308373,0.0031415926535897933,0.042128473283445704,3.945e-05
125.7,0.04211426,0.001,-4.50190564,0.0031415926535897933,0.0421432669424666,3.945e-05
125.65,0.04177856,0.001,-4.50190564,0.0031415926535897933,0.0421432669424666,3.945e-05
126.2,0.04173279,0.001,-4.49719324,0.0031415926535897933,0.0422024420808435,3.945e-05
126.25,0.04351807,0.001,-4.47009699,0.0031415926535897933,0.0425426984986444,3.945e-05
126.3,0.04566956,0.001,-4.42572196,0.0031415926535897933,0.0430999301726807,3.945e-05
126.35,0.04650879,0.001,-4.37781263,0.0031415926535897933,0.0437015432004997,3.945e-05
126.4,0.04469299,0.001,-4.34639668,0.0031415926535897933,0.044096043495146,3.945e-05
126.45,0.04174805,0.001,-4.31576613,0.0031415926535897933,0.0444806812667296,3.945e-05
126.5,0.03890991,0.001,-4.28592098,0.0031415926535897933,0.0448554565152503,3.945e-05
126.55,0.03237915,0.001,-4.25371963,0.0031415926535897933,0.0452598193329595,3.945e-05
126.6,0.03100586,0.001,-4.22858687,0.0031415926535897933,0.0455754195686766,3.945e-05
126.65,0.02998352,0.001,-4.20188331,0.0031415926535897933,0.045910744850519304,3.945e-05
126.7,0.02874756,0.001,-4.16496957,0.0031415926535897933,0.0463742826810321,3.945e-05
126.75,0.0280304,0.001,-4.13159012,0.0031415926535897933,0.0467934392833355,3.945e-05
126.8,0.02824402,0.001,-4.11077706,0.0031415926535897933,0.0470547956422071,3.945e-05
126.85,0.02870178,0.001,-4.0852516,0.0031415926535897933,0.0473753271394556,3.945e-05
126.9,0.02949524,0.001,-4.05501375,0.0031415926535897933,0.0477550336495077,3.945e-05
126.95,0.03034973,0.001,-4.03066639,0.0031415926535897933,0.048060771362162004,3.945e-05
127.4,0.03308105,0.001,-4.00867522,0.0031415926535897933,0.0483369216312011,3.945e-05
127.2,0.0335083,0.001,-4.00867522,0.0031415926535897933,0.0483369216312011,3.945e-05
127.25,0.03349304,0.001,-4.00867522,0.0031415926535897933,0.0483369216312011,3.945e-05
127.3,0.03311157,0.001,-4.00867522,0.0031415926535897933,0.0483369216312011,3.945e-05
127.35,0.03341675,0.001,-4.00867522,0.0031415926535897933,0.0483369216312011,3.945e-05
127.45,0.0330658,0.001,-4.00749712,0.0031415926535897933,0.0483517154157953,3.945e-05
127.15,0.03381348,0.001,-4.00317743,0.0031415926535897933,0.048405959167067504,3.945e-05
127.0,0.03352356,0.001,-3.99925044,0.0031415926535897933,0.0484552716568083,3.945e-05
127.5,0.03317261,0.001,-3.99846504,0.0031415926535897933,0.048465134179871104,3.945e-05
127.1,0.03398132,0.001,-3.98825485,0.0031415926535897933,0.048593346854114504,3.945e-05
127.05,0.03417969,0.001,-3.98511326,0.0031415926535897933,0.0486327968207925,3.945e-05
127.55,0.03425598,0.001,-3.98236436,0.0031415926535897933,0.0486673156515124,3.945e-05
127.6,0.0349884,0.001,-3.97411768,0.0031415926535897933,0.0487708718925254,3.945e-05
127.65,0.03721619,0.001,-3.92228136,0.0031415926535897933,0.0494217974100852,3.945e-05
127.7,0.03709412,0.001,-3.86180565,0.0031415926535897933,0.050181210555762704,3.945e-05
127.75,0.0348053,0.001,-3.80015185,0.0031415926535897933,0.0509554173604612,3.945e-05
127.8,0.03216553,0.001,-3.74478124,0.0031415926535897933,0.0516507241062304,3.945e-05
127.85,0.03160095,0.001,-3.71179449,0.0031415926535897933,0.0520649494470024,3.945e-05
127.9,0.03117371,0.001,-3.69058873,0.0031415926535897933,0.0523312370674054,3.945e-05
127.95,0.0302887,0.001,-3.63993051,0.0031415926535897933,0.052967368800371,3.945e-05
128.0,0.02885437,0.001,-3.5829891,0.0031415926535897933,0.0536824005922659,3.945e-05
128.05,0.02825928,0.001,-3.57631321,0.0031415926535897933,0.0537662319127265,3.945e-05
128.1,0.02804565,0.001,-3.55550014,0.0031415926535897933,0.0540275883971714,3.945e-05
128.6,0.02758789,0.001,-3.52801119,0.0031415926535897933,0.054372776076503704,3.945e-05
128.55,0.02748108,0.001,-3.52801119,0.0031415926535897933,0.054372776076503704,3.945e-05
128.5,0.02740479,0.001,-3.52801119,0.0031415926535897933,0.054372776076503704,3.945e-05
128.45,0.0275116,0.001,-3.52683309,0.0031415926535897933,0.0543875698610979,3.945e-05
128.65,0.0275116,0.001,-3.52486959,0.0031415926535897933,0.0544122261687549,3.945e-05
128.15,0.02760315,0.001,-3.5205499,0.0031415926535897933,0.054466469920027204,3.945e-05
128.7,0.02740479,0.001,-3.50680542,0.0031415926535897933,0.0546390638224799,3.945e-05
128.4,0.02761841,0.001,-3.50444922,0.0031415926535897933,0.0546686513916684,3.945e-05
128.2,0.02770996,0.001,-3.50130763,0.0031415926535897933,0.0547081013583464,3.945e-05
128.35,0.02742004,0.001,-3.49973683,0.0031415926535897933,0.054727826404472,3.945e-05
128.3,0.02746582,0.001,-3.49973683,0.0031415926535897933,0.054727826404472,3.945e-05
128.25,0.02740479,0.001,-3.49973683,0.0031415926535897933,0.054727826404472,3.945e-05
128.75,0.02755737,0.001,-3.49463174,0.0031415926535897933,0.0547919326788071,3.945e-05
128.8,0.0279541,0.001,-3.46203769,0.0031415926535897933,0.0552012267580476,3.945e-05
128.85,0.02920532,0.001,-3.40234739,0.0031415926535897933,0.0559507772550891,3.945e-05
128.9,0.03044128,0.001,-3.34422788,0.0031415926535897933,0.0566806028315782,3.945e-05
128.95,0.03205872,0.001,-3.29082076,0.0031415926535897933,0.0573512533952636,3.945e-05
129.0,0.03276062,0.001,-3.24683843,0.0031415926535897933,0.0579035538077685,3.945e-05
129.05,0.03251648,0.001,-3.21581518,0.0031415926535897933,0.0582931228408834,3.945e-05
129.1,0.03070068,0.001,-3.16986936,0.0031415926535897933,0.0588700794354721,3.945e-05
129.15,0.02914429,0.001,-3.10389586,0.0031415926535897933,0.0596985301170161,3.945e-05
129.2,0.02894592,0.001,-3.06305513,0.0031415926535897933,0.0602113804372697,3.945e-05
129.25,0.02838135,0.001,-3.03438807,0.0031415926535897933,0.0605713620267695,3.945e-05
129.3,0.02737427,0.001,-2.98765685,0.0031415926535897933,0.061158181144421,3.945e-05
129.55,0.02693176,0.001,-2.9546701,0.0031415926535897933,0.061572406485193,3.945e-05
129.6,0.02722168,0.001,-2.9546701,0.0031415926535897933,0.061572406485193,3.945e-05
129.65,0.02671814,0.001,-2.9546701,0.0031415926535897933,0.061572406485193,3.945e-05
129.7,0.02696228,0.001,-2.9546701,0.0031415926535897933,0.061572406485193,3.945e-05
129.75,0.02670288,0.001,-2.9546701,0.0031415926535897933,0.061572406485193,3.945e-05
129.5,0.02696228,0.001,-2.94838691,0.0031415926535897933,0.0616513065441222,3.945e-05
129.8,0.02674866,0.001,-2.94838691,0.0031415926535897933,0.0616513065441222,3.945e-05
129.35,0.02745056,0.001,-2.94210372,0.0031415926535897933,0.0617302066030515,3.945e-05
129.45,0.0272522,0.001,-2.92914464,0.0031415926535897933,0.0618929379824415,3.945e-05
129.4,0.02754211,0.001,-2.92482495,0.0031415926535897933,0.0619471817337137,3.945e-05
129.85,0.0266571,0.001,-2.92246875,0.0031415926535897933,0.0619767693029021,3.945e-05
129.9,0.02674866,0.001,-2.91068777,0.0031415926535897933,0.062124706897697904,3.945e-05
129.95,0.02680969,0.001,-2.86827624,0.0031415926535897933,0.0626572822640771,3.945e-05
130.0,0.0269928,0.001,-2.80858593,0.0031415926535897933,0.0634068328866918,3.945e-05
130.05,0.02720642,0.001,-2.77599188,0.0031415926535897933,0.0638161269659324,3.945e-05
130.1,0.02832031,0.001,-2.71905047,0.0031415926535897933,0.0645311587578273,3.945e-05
130.15,0.02848816,0.001,-2.66328716,0.0031415926535897933,0.0652313967651279,3.945e-05
130.2,0.02874756,0.001,-2.63422741,0.0031415926535897933,0.0655963094905858,3.945e-05
130.25,0.02851868,0.001,-2.59731367,0.0031415926535897933,0.0660598473210986,3.945e-05
130.3,0.02757263,0.001,-2.53369637,0.0031415926535897933,0.0668587104334541,3.945e-05
130.35,0.02734375,0.001,-2.46654477,0.0031415926535897933,0.0677019548995923,3.945e-05
130.4,0.02685547,0.001,-2.42845294,0.0031415926535897933,0.0681802863891261,3.945e-05
130.45,0.02677917,0.001,-2.3868268,0.0031415926535897933,0.0687029993580158,3.945e-05
130.5,0.02685547,0.001,-2.34520067,0.0031415926535897933,0.0692257122013323,3.945e-05
130.9,0.02677917,0.001,-2.33263429,0.0031415926535897933,0.0693835123191908,3.945e-05
130.85,0.02708435,0.001,-2.33263429,0.0031415926535897933,0.0693835123191908,3.945e-05
130.8,0.0269165,0.001,-2.33263429,0.0031415926535897933,0.0693835123191908,3.945e-05
130.75,0.0269165,0.001,-2.33263429,0.0031415926535897933,0.0693835123191908,3.945e-05
130.65,0.02667236,0.001,-2.33263429,0.0031415926535897933,0.0693835123191908,3.945e-05
130.7,0.02713013,0.001,-2.33263429,0.0031415926535897933,0.0693835123191908,3.945e-05
130.95,0.02687073,0.001,-2.32085331,0.0031415926535897933,0.0695314499139866,3.945e-05
130.6,0.02687073,0.001,-2.31692631,0.0031415926535897933,0.0695807625293006,3.945e-05
130.55,0.02694702,0.001,-2.31417742,0.0031415926535897933,0.0696152812344472,3.945e-05
131.0,0.02693176,0.001,-2.29807674,0.0031415926535897933,0.0698174627060884,3.945e-05
131.05,0.02684021,0.001,-2.28551036,0.0031415926535897933,0.069975262823947,3.945e-05
131.1,0.02703857,0.001,-2.22739086,0.0031415926535897933,0.0707050882748628,3.945e-05
131.15,0.02746582,0.001,-2.16809325,0.0031415926535897933,0.0714497076359461,3.945e-05
131.2,0.02757263,0.001,-2.12843061,0.0031415926535897933,0.0719477642971788,3.945e-05
131.25,0.0272522,0.001,-2.09190957,0.0031415926535897933,0.0724063708661602,3.945e-05
131.3,0.02746582,0.001,-2.04674914,0.0031415926535897933,0.0729734650632593,3.945e-05
131.35,0.02748108,0.001,-2.00394491,0.0031415926535897933,0.07351097169117,3.945e-05
131.4,0.02748108,0.001,-1.97920485,0.0031415926535897933,0.0738216406653556,3.945e-05
131.45,0.02709961,0.001,-1.9509305,0.0031415926535897933,0.0741766908677507,3.945e-05
131.5,0.02738953,0.001,-1.93914951,0.0031415926535897933,0.0743246285881197,3.945e-05
131.55,0.02737427,0.001,-1.92029994,0.0031415926535897933,0.07456132876490751,3.945e-05
131.6,0.0272522,0.001,-1.89752338,0.0031415926535897933,0.0748473414314362,3.945e-05
131.65,0.02740479,0.001,-1.87081982,0.0031415926535897933,0.0751826667132789,3.945e-05
131.7,0.0272522,0.001,-1.83704768,0.0031415926535897933,0.0756067544515404,3.945e-05
132.05,0.02732849,0.001,-1.83469148,0.0031415926535897933,0.0756363420207289,3.945e-05
132.0,0.02735901,0.001,-1.83469148,0.0031415926535897933,0.0756363420207289,3.945e-05
131.95,0.0272522,0.001,-1.83469148,0.0031415926535897933,0.0756363420207289,3.945e-05
132.1,0.02726746,0.001,-1.83469148,0.0031415926535897933,0.0756363420207289,3.945e-05
131.9,0.02719116,0.001,-1.83469148,0.0031415926535897933,0.0756363420207289,3.945e-05
131.85,0.02711487,0.001,-1.81702001,0.0031415926535897933,0.0758582484129225,3.945e-05
132.15,0.02729797,0.001,-1.81702001,0.0031415926535897933,0.0758582484129225,3.945e-05
131.75,0.02716064,0.001,-1.81152222,0.0031415926535897933,0.0759272859487889,3.945e-05
131.8,0.02731323,0.001,-1.80798792,0.0031415926535897933,0.0759716673025716,3.945e-05
132.2,0.02723694,0.001,-1.79699234,0.0031415926535897933,0.0761097423743045,3.945e-05
132.25,0.02745056,0.001,-1.7616494,0.0031415926535897933,0.0765535551586917,3.945e-05
132.3,0.02728271,0.001,-1.70510069,0.0031415926535897933,0.0772636556890551,3.945e-05
132.35,0.02737427,0.001,-1.66740155,0.0031415926535897933,0.0777370560426308,3.945e-05
132.4,0.02729797,0.001,-1.6336294,0.0031415926535897933,0.0781611439064655,3.945e-05
132.45,0.0274353,0.001,-1.58179308,0.0031415926535897933,0.0788120694240254,3.945e-05
132.5,0.02722168,0.001,-1.53623996,0.0031415926535897933,0.07938409475708261,3.945e-05
132.55,0.02760315,0.001,-1.5107145,0.0031415926535897933,0.0797046262543311,3.945e-05
132.6,0.02763367,0.001,-1.46398327,0.0031415926535897933,0.0802914454975559,3.945e-05
132.65,0.02790833,0.001,-1.41528855,0.0031415926535897933,0.0809029209228644,3.945e-05
132.95,0.02770996,0.001,-1.41214695,0.0031415926535897933,0.0809423710151157,3.945e-05
132.9,0.02770996,0.001,-1.41214695,0.0031415926535897933,0.0809423710151157,3.945e-05
133.0,0.02748108,0.001,-1.41214695,0.0031415926535897933,0.0809423710151157,3.945e-05
133.05,0.02758789,0.001,-1.41175425,0.0031415926535897933,0.08094730227664709,3.945e-05
132.85,0.02764893,0.001,-1.41096885,0.0031415926535897933,0.08095716479970991,3.945e-05
133.1,0.02760315,0.001,-1.40586376,0.0031415926535897933,0.0810212710740449,3.945e-05
133.15,0.0275116,0.001,-1.39761708,0.0031415926535897933,0.081124827315058,3.945e-05
132.7,0.02784729,0.001,-1.39722438,0.0031415926535897933,0.0811297585765894,3.945e-05
132.8,0.0275116,0.001,-1.39329738,0.0031415926535897933,0.0811790711919035,3.945e-05
132.75,0.02778625,0.001,-1.39211928,0.0031415926535897933,0.08119386497649769,3.945e-05
133.2,0.02774048,0.001,-1.37601861,0.0031415926535897933,0.0813960463225657,3.945e-05
133.25,0.0272522,0.001,-1.3178991,0.0031415926535897933,0.08212587189905471,3.945e-05
133.3,0.02729797,0.001,-1.27784377,0.0031415926535897933,0.0826288596962456,3.945e-05
133.35,0.02713013,0.001,-1.25192561,0.0031415926535897933,0.0829543224550255,3.945e-05
133.4,0.02729797,0.001,-1.22050966,0.0031415926535897933,0.0833488227496718,3.945e-05
133.45,0.02732849,0.001,-1.17692003,0.0031415926535897933,0.0838961919006453,3.945e-05
133.5,0.02700806,0.001,-1.14746757,0.0031415926535897933,0.0842660360132079,3.945e-05
133.55,0.02706909,0.001,-1.1321523,0.0031415926535897933,0.084458354836213,3.945e-05
133.6,0.02720642,0.001,-1.10112905,0.0031415926535897933,0.084847923869328,3.945e-05
133.65,0.02690125,0.001,-1.05007813,0.0031415926535897933,0.085488986863825,3.945e-05
134.2,0.02711487,0.001,-1.02415997,0.0031415926535897933,0.0858144496226049,3.945e-05
134.15,0.02719116,0.001,-1.02415997,0.0031415926535897933,0.0858144496226049,3.945e-05
133.95,0.02738953,0.001,-1.02415997,0.0031415926535897933,0.0858144496226049,3.945e-05
134.0,0.02716064,0.001,-1.02415997,0.0031415926535897933,0.0858144496226049,3.945e-05
134.05,0.02696228,0.001,-1.02415997,0.0031415926535897933,0.0858144496226049,3.945e-05
134.1,0.02702332,0.001,-1.02415997,0.0031415926535897933,0.0858144496226049,3.945e-05
134.25,0.02700806,0.001,-1.02376727,0.0031415926535897933,0.0858193808841363,3.945e-05
133.9,0.02729797,0.001,-1.01944758,0.0031415926535897933,0.0858736246354085,3.945e-05
134.3,0.02711487,0.001,-1.01630598,0.0031415926535897933,0.0859130747276598,3.945e-05
133.7,0.02700806,0.001,-1.01473519,0.0031415926535897933,0.0859327996482121,3.945e-05
133.85,0.02722168,0.001,-1.01120089,0.0031415926535897933,0.0859771810019948,3.945e-05
133.8,0.0271759,0.001,-1.01002279,0.0031415926535897933,0.085991974786589,3.945e-05
133.75,0.02696228,0.001,-1.01002279,0.0031415926535897933,0.085991974786589,3.945e-05
134.35,0.02738953,0.001,-1.0076666,0.0031415926535897933,0.0860215622302042,3.945e-05
134.4,0.02723694,0.001,-1.0037396,0.0031415926535897933,0.0860708748455183,3.945e-05
134.45,0.02752686,0.001,-0.96721856,0.0031415926535897933,0.0865294814144997,3.945e-05
134.5,0.02760315,0.001,-0.90477936,0.0031415926535897933,0.087313550742261,3.945e-05
134.55,0.02781677,0.001,-0.84823065,0.0031415926535897933,0.0880236512726244,3.945e-05
134.6,0.02798462,0.001,-0.79325274,0.0031415926535897933,0.0887140267568623,3.945e-05
134.65,0.02793884,0.001,-0.7520193,0.0031415926535897933,0.0892318084642205,3.945e-05
134.7,0.02761841,0.001,-0.72649384,0.0031415926535897933,0.089552339961469,3.945e-05
134.75,0.02760315,0.001,-0.68800931,0.0031415926535897933,0.0900356027125342,3.945e-05
134.8,0.02740479,0.001,-0.64559777,0.0031415926535897933,0.0905681782044868,3.945e-05
134.85,0.02752686,0.001,-0.62360661,0.0031415926535897933,0.0908443283479526,3.945e-05
135.2,0.02688599,0.001,-0.61732342,0.0031415926535897933,0.0909232284068818,3.945e-05
135.15,0.02708435,0.001,-0.61732342,0.0031415926535897933,0.0909232284068818,3.945e-05
135.1,0.02702332,0.001,-0.61732342,0.0031415926535897933,0.0909232284068818,3.945e-05
135.25,0.02685547,0.001,-0.61732342,0.0031415926535897933,0.0909232284068818,3.945e-05
135.05,0.02711487,0.001,-0.61614532,0.0031415926535897933,0.0909380221914761,3.945e-05
135.3,0.02688599,0.001,-0.61575262,0.0031415926535897933,0.0909429534530075,3.945e-05
135.0,0.02737427,0.001,-0.61418182,0.0031415926535897933,0.0909626784991331,3.945e-05
135.35,0.02688599,0.001,-0.61418182,0.0031415926535897933,0.0909626784991331,3.945e-05
134.9,0.02742004,0.001,-0.61339642,0.0031415926535897933,0.0909725410221959,3.945e-05
134.95,0.02723694,0.001,-0.61261103,0.0031415926535897933,0.0909824034196855,3.945e-05
135.4,0.02694702,0.001,-0.61261103,0.0031415926535897933,0.0909824034196855,3.945e-05
135.45,0.02694702,0.001,-0.58747827,0.0031415926535897933,0.0912980036554026,3.945e-05
135.5,0.02679443,0.001,-0.51050919,0.0031415926535897933,0.0922645294086795,3.945e-05
135.55,0.02684021,0.001,-0.46534876,0.0031415926535897933,0.0928316236057786,3.945e-05
135.6,0.02664185,0.001,-0.45081888,0.0031415926535897933,0.0930140800312942,3.945e-05
135.65,0.02658081,0.001,-0.40330226,0.0031415926535897933,0.0936107616720085,3.945e-05
135.7,0.02680969,0.001,-0.35107324,0.0031415926535897933,0.0942666184510997,3.945e-05
135.75,0.02693176,0.001,-0.3141595,0.0031415926535897933,0.09473015628161251,3.945e-05
135.8,0.02720642,0.001,-0.25603999,0.0031415926535897933,0.0954599818581016,3.945e-05
135.85,0.02722168,0.001,-0.21480656,0.0031415926535897933,0.09597776343988661,3.945e-05
135.9,0.02763367,0.001,-0.19242269,0.0031415926535897933,0.0962588449704571,3.945e-05
135.95,0.02770996,0.001,-0.15707975,0.0031415926535897933,0.0967026577548443,3.945e-05
136.0,0.0271759,0.001,-0.10995583,0.0031415926535897933,0.0972944081340272,3.945e-05
136.05,0.0272522,0.001,-0.05851221,0.0031415926535897933,0.0979404023900556,3.945e-05
136.1,0.02720642,0.001,-0.02277656,0.0031415926535897933,0.0983891465615474,3.945e-05
136.55,0.02723694,0.001,-0.01099558,0.0031415926535897933,0.0985370841563431,3.945e-05
136.5,0.02702332,0.001,-0.01099558,0.0031415926535897933,0.0985370841563431,3.945e-05
136.4,0.0269928,0.001,-0.01099558,0.0031415926535897933,0.0985370841563431,3.945e-05
136.35,0.02722168,0.001,-0.01099558,0.0031415926535897933,0.0985370841563431,3.945e-05
136.45,0.02728271,0.001,-0.01099558,0.0031415926535897933,0.0985370841563431,3.945e-05
137.65,0.02735901,0.001,-0.00628319,0.0031415926535897933,0.09859625916914673,3.945e-05
137.15,0.02713013,0.001,-0.00628319,0.0031415926535897933,0.09859625916914673,3.945e-05
137.7,0.02708435,0.001,-0.00628319,0.0031415926535897933,0.09859625916914673,3.945e-05
137.75,0.02723694,0.001,-0.00628319,0.0031415926535897933,0.09859625916914673,3.945e-05
137.55,0.02732849,0.001,-0.00628319,0.0031415926535897933,0.09859625916914673,3.945e-05
137.5,0.02731323,0.001,-0.00628319,0.0031415926535897933,0.09859625916914673,3.945e-05
137.45,0.02735901,0.001,-0.00628319,0.0031415926535897933,0.09859625916914673,3.945e-05
137.4,0.02745056,0.001,-0.00628319,0.0031415926535897933,0.09859625916914673,3.945e-05
137.35,0.02714539,0.001,-0.00628319,0.0031415926535897933,0.09859625916914673,3.945e-05
137.3,0.02757263,0.001,-0.00628319,0.0031415926535897933,0.09859625916914673,3.945e-05
137.25,0.0275116,0.001,-0.00628319,0.0031415926535897933,0.09859625916914673,3.945e-05
137.2,0.02709961,0.001,-0.00628319,0.0031415926535897933,0.09859625916914673,3.945e-05
137.6,0.02748108,0.001,-0.00628319,0.0031415926535897933,0.09859625916914673,3.945e-05
137.1,0.0271759,0.001,-0.00628319,0.0031415926535897933,0.09859625916914673,3.945e-05
137.85,0.02728271,0.001,-0.00628319,0.0031415926535897933,0.09859625916914673,3.945e-05
137.0,0.0271759,0.001,-0.00628319,0.0031415926535897933,0.09859625916914673,3.945e-05
136.3,0.0272522,0.001,-0.00628319,0.0031415926535897933,0.09859625916914673,3.945e-05
137.8,0.0274353,0.001,-0.00628319,0.0031415926535897933,0.09859625916914673,3.945e-05
137.05,0.02723694,0.001,-0.00628319,0.0031415926535897933,0.09859625916914673,3.945e-05
136.95,0.02720642,0.001,-0.00510509,0.0031415926535897933,0.09861105295374095,3.945e-05
136.15,0.0272522,0.001,-0.0023562,0.0031415926535897933,0.09864557165888756,3.945e-05
136.6,0.02722168,0.001,-0.0015708,0.0031415926535897933,0.09865543418195037,3.945e-05
136.65,0.02716064,0.001,-0.0011781,0.0031415926535897933,0.09866036544348178,3.945e-05
136.9,0.02738953,0.001,-0.00078539875,0.0031415926535897933,0.09866529672070984,3.945e-05
136.25,0.02700806,0.001,-0.000392699375,0.0031415926535897933,0.09867022797439293,3.945e-05
136.85,0.02711487,0.001,-4.97572903e-14,0.0031415926535897933,0.09867515922807538,3.945e-05
136.8,0.02702332,0.001,-4.97572903e-14,0.0031415926535897933,0.09867515922807538,3.945e-05
136.75,0.02722168,0.001,-4.97572903e-14,0.0031415926535897933,0.09867515922807538,3.945e-05
136.7,0.02705383,0.001,-4.97572903e-14,0.0031415926535897933,0.09867515922807538,3.945e-05
136.2,0.02726746,0.001,-4.97570735e-14,0.0031415926535897933,0.09867515922807538,3.945e-05
