Time (s)	Light Intensity (% of scale max)	Position (m)
0.0	0.0	0.0
0.05	0.0	0.0
0.1	0.0	0.0
0.15	0.0	0.0
0.2	0.0	0.0
0.25	0.0	0.0
0.3	0.0	0.0
0.35	0.0	-2.8125e-05
0.4	0.0	-3.75e-05
0.45	0.0	-3.75e-05
0.5	0.0	-3.75e-05
0.55	0.0	-3.75e-05
0.6	0.0	-0.00015
0.65	0.0	-0.00046875
0.7	0.0	-0.0006375
0.75	0.0	-0.00069375
0.8	0.0	-0.0007875
0.85	0.0	-0.00092813
0.9	0.0	-0.0012
0.95	0.0	-0.0015
1.0	0.0	-0.0021
1.05	0.0	-0.0027
1.1	0.0	-0.003
1.15	0.0	-0.0033
1.2	0.0	-0.0033
1.25	0.0	-0.0033
1.3	0.0	-0.0033
1.35	0.0	-0.0033
1.4	0.0	-0.0033
1.45	0.0	-0.0033
1.5	0.0	-0.0033
1.55	0.0	-0.0033
1.6	0.0	-0.0033
1.65	0.0	-0.0033
1.7	0.0	-0.0035
1.75	0.0	-0.0039
1.8	0.0	-0.0041
1.85	0.0	-0.0042
1.9	0.0	-0.0051
1.95	0.0	-0.006
2.0	0.0	-0.0061
2.05	0.0	-0.0061
2.1	0.0	-0.0061
2.15	0.0	-0.0061
2.2	0.0	-0.0061
2.25	0.0	-0.006
2.3	0.0	-0.006
2.35	0.0	-0.006
2.4	0.0	-0.006
2.45	0.0	-0.006
2.5	0.0	-0.0061
2.55	0.0	-0.0066
2.6	0.0	-0.0074
2.65	0.0	-0.0075
2.7	0.0	-0.0078
2.75	0.0	-0.0086
2.8	0.0	-0.0091
2.85	0.0	-0.0094
2.9	0.0	-0.0095
2.95	0.0	-0.0095
3.0	0.0	-0.0095
3.05	0.0	-0.0092
3.1	0.0	-0.0091
3.15	0.0	-0.0091
3.2	0.0	-0.0091
3.25	0.0	-0.0091
3.3	0.0	-0.0092
3.35	0.0	-0.0095
3.4	0.0	-0.0098
3.45	0.0	-0.0102
3.5	0.0	-0.0106
3.55	0.0	-0.0114
3.6	0.0	-0.0118
3.65	0.0	-0.0121
3.7	0.0	-0.0123
3.75	0.0	-0.0124
3.8	0.0	-0.0124
3.85	0.0	-0.0122
3.9	0.0	-0.012
3.95	0.0	-0.012
4.0	0.0	-0.012
4.05	0.0	-0.012
4.1	0.0	-0.012
4.15	0.0	-0.0122
4.2	0.0	-0.0123
4.25	0.0	-0.0127
4.3	0.0	-0.0133
4.35	0.0	-0.0135
4.4	0.0	-0.0137
4.45	0.0	-0.0143
4.5	0.0	-0.015
4.55	0.0	-0.0155
4.6	0.0	-0.0159
4.65	0.0	-0.0159
4.7	0.0	-0.0159
4.75	0.0	-0.0158
4.8	0.0	-0.0158
4.85	0.0	-0.0158
4.9	0.0	-0.0158
4.95	0.0	-0.0158
5.0	0.0	-0.0159
5.05	0.0	-0.0162
5.1	0.0	-0.0167
5.15	0.0	-0.0178
5.2	0.0	-0.019
5.25	0.0	-0.0199
5.3	0.0	-0.0204
5.35	0.0	-0.0206
5.4	0.0	-0.0206
5.45	0.0	-0.0205
5.5	0.0	-0.0203
5.55	0.0	-0.0203
5.6	0.0	-0.0203
5.65	0.0	-0.0203
5.7	0.0	-0.0203
5.75	0.0	-0.0204
5.8	0.0	-0.0207
5.85	0.0	-0.021
5.9	0.0	-0.0215
5.95	0.0	-0.022
6.0	0.0	-0.0226
6.05	0.0	-0.0231
6.1	0.0	-0.0236
6.15	0.0	-0.0238
6.2	0.0	-0.0238
6.25	0.0	-0.0237
6.3	0.0	-0.0235
6.35	0.0	-0.0235
6.4	0.0	-0.0235
6.45	0.0	-0.0235
6.5	0.0	-0.0235
6.55	0.0	-0.0235
6.6	0.0	-0.0238
6.65	0.0	-0.0244
6.7	0.0	-0.0252
6.75	0.0	-0.0258
6.8	0.0	-0.0264
6.85	0.0	-0.0269
6.9	0.0	-0.027
6.95	0.0	-0.027
7.0	0.0	-0.0268
7.05	0.0	-0.0267
7.1	0.0	-0.0267
7.15	0.0	-0.0267
7.2	0.0	-0.0267
7.25	0.0	-0.0268
7.3	0.0	-0.0268
7.35	0.0	-0.0269
7.4	0.0	-0.027
7.45	0.0	-0.0276
7.5	0.0	-0.0282
7.55	0.0	-0.0288
7.6	0.0	-0.0291
7.65	0.0	-0.0295
7.7	0.0	-0.0296
7.75	0.0	-0.0296
7.8	0.0	-0.0296
7.85	0.0	-0.0296
7.9	0.0	-0.0294
7.95	0.0	-0.0294
8.0	0.0	-0.0294
8.05	0.0	-0.0294
8.1	0.0	-0.0295
8.15	0.0	-0.0295
8.2	0.0	-0.0299
8.25	0.0	-0.0306
8.3	0.0	-0.0311
8.35	0.0	-0.0317
8.4	0.0	-0.0321
8.45	0.0	-0.0326
8.5	0.0	-0.0328
8.55	0.0	-0.0328
8.6	0.0	-0.0327
8.65	0.0	-0.0326
8.7	0.0	-0.0326
8.75	0.0	-0.0326
8.8	0.0	-0.0326
8.85	0.0	-0.0326
8.9	0.0	-0.0326
8.95	0.0	-0.0327
9.0	0.0	-0.0333
9.05	0.0	-0.034
9.1	0.0	-0.0348
9.15	0.0	-0.0351
9.2	0.0	-0.0354
9.25	0.0	-0.0361
9.3	0.0	-0.0368
9.35	0.0	-0.0371
9.4	0.0	-0.0372
9.45	0.0	-0.0372
9.5	0.0	-0.0372
9.55	0.0	-0.0369
9.6	0.0	-0.0368
9.65	0.0	-0.0368
9.7	0.0	-0.0368
9.75	0.0	-0.0368
9.8	0.0	-0.0371
9.85	0.0	-0.0372
9.9	0.0	-0.0377
9.95	0.0	-0.0385
10.0	0.0	-0.039
10.05	0.0	-0.0395
10.1	0.0	-0.0399
10.15	0.0	-0.0399
10.2	0.0	-0.0399
10.25	0.0	-0.0399
10.3	0.0	-0.0397
10.35	0.0	-0.0396
10.4	0.0	-0.0396
10.45	0.0	-0.0396
10.5	0.0	-0.0396
10.55	0.0	-0.0396
10.6	0.0	-0.0398
10.65	0.0	-0.04
10.7	0.0	-0.0407
10.75	0.0	-0.0412
10.8	0.0	-0.0416
10.85	0.0	-0.042
10.9	0.0	-0.042
10.95	0.0	-0.042
11.0	0.0	-0.042
11.05	0.0	-0.0415
11.1	0.0	-0.0414
11.15	0.0	-0.0414
11.2	0.0	-0.0414
11.25	0.0	-0.0415
11.3	0.0	-0.0417
11.35	0.0	-0.042
11.4	0.0	-0.0424
11.45	0.0	-0.043
11.5	0.0	-0.0434
11.55	0.0	-0.044
11.6	0.0	-0.0442
11.65	0.0	-0.0444
11.7	0.0	-0.0444
11.75	0.0	-0.0442
11.8	0.0	-0.0438
11.85	0.0	-0.0438
11.9	0.0	-0.0438
11.95	0.0	-0.0438
12.0	0.0	-0.0438
12.05	0.0	-0.0443
12.1	0.0	-0.0449
12.15	0.0	-0.0457
12.2	0.0	-0.0465
12.25	0.0	-0.0477
12.3	0.0	-0.0482
12.35	0.0	-0.0483
12.4	0.0	-0.0483
12.45	0.0	-0.0483
12.5	0.0	-0.048
12.55	0.0	-0.0479
12.6	0.0	-0.0479
12.65	0.0	-0.0479
12.7	0.0	-0.0479
12.75	0.0	-0.0481
12.8	0.0	-0.0487
12.85	0.0	-0.0492
12.9	0.0	-0.0495
12.95	0.0	-0.0499
13.0	0.0	-0.0503
13.05	0.0	-0.0504
13.1	0.0	-0.0504
13.15	0.0	-0.0503
13.2	0.0	-0.0499
13.25	0.0	-0.0499
13.3	0.0	-0.0499
13.35	0.0	-0.0499
13.4	0.0	-0.0499
13.45	0.0	-0.0499
13.5	0.0	-0.05
13.55	0.0	-0.0502
13.6	0.0	-0.0506
13.65	0.0	-0.0513
13.7	0.0	-0.0518
13.75	0.0	-0.0522
13.8	0.0	-0.0526
13.85	0.0	-0.053
13.9	0.0	-0.0534
13.95	0.0	-0.0537
14.0	0.0	-0.054
14.05	0.0	-0.0541
14.1	0.0	-0.0542
14.15	0.0	-0.0544
14.2	0.0	-0.0548
14.25	0.0	-0.0548
14.3	0.0	-0.0551
14.35	0.0	-0.0553
14.4	0.0	-0.0557
14.45	0.0	-0.0561
14.5	0.0	-0.0564
14.55	0.0	-0.0565
14.6	0.0	-0.0567
14.65	0.0	-0.0571
14.7	0.0	-0.0575
14.75	0.0	-0.0579
14.8	0.0	-0.0581
14.85	0.0	-0.0584
14.9	0.0	-0.0585
14.95	0.0	-0.0587
15.0	0.0	-0.0589
15.05	0.0	-0.0592
15.1	0.0	-0.0594
15.15	0.0	-0.0595
15.2	0.0	-0.0597
15.25	0.0	-0.0601
15.3	0.0	-0.0604
15.35	0.0	-0.0606
15.4	0.0	-0.0607
15.45	0.0	-0.0609
15.5	0.0	-0.0613
15.55	0.0	-0.0614
15.6	0.0	-0.0615
15.65	0.0	-0.0617
15.7	0.0	-0.0619
15.75	0.0	-0.0619
15.8	0.0	-0.0621
15.85	0.0	-0.0624
15.9	0.0	-0.0627
15.95	0.0	-0.0628
16.0	0.0	-0.063
16.05	0.0	-0.0631
16.1	0.0	-0.0632
16.15	0.0	-0.0634
16.2	0.0	-0.0635
16.25	0.0	-0.0636
16.3	0.0	-0.0639
16.35	0.0	-0.0642
16.4	0.0	-0.0642
16.45	0.0	-0.0642
16.5	0.0	-0.0642
16.55	0.0	-0.0642
16.6	0.0	-0.0642
16.65	0.0	-0.064
16.7	0.0	-0.064
16.75	0.0	-0.0639
16.8	0.0	-0.0639
16.85	0.0	-0.0639
16.9	0.0	-0.0639
16.95	0.0	-0.0639
17.0	0.0	-0.0639
17.05	0.0	-0.0639
17.1	0.0	-0.0639
17.15	0.0	-0.0639
17.2	0.0	-0.0639
17.25	0.0	-0.0639
17.3	0.0	-0.0639
17.35	0.0	-0.064
17.4	0.0	-0.0641
17.45	0.0	-0.0641
17.5	0.0	-0.0642
17.55	0.0	-0.0642
17.6	0.0	-0.0642
17.65	0.0	-0.0647
17.7	0.0	-0.0651
17.75	0.0	-0.0652
17.8	0.0	-0.0652
17.85	0.0	-0.0653
17.9	0.0	-0.0657
17.95	0.0	-0.0659
18.0	0.0	-0.066
18.05	0.0	-0.0661
18.1	0.0	-0.0663
18.15	0.0	-0.0664
18.2	0.0	-0.0665
18.25	0.0	-0.0667
18.3	0.0	-0.0671
18.35	0.0	-0.0673
18.4	0.0	-0.0675
18.45	0.0	-0.0677
18.5	0.0	-0.0679
18.55	0.0	-0.0682
18.6	0.0	-0.0685
18.65	0.0	-0.069
18.7	0.0	-0.0695
18.75	0.0	-0.0698
18.8	0.0	-0.0701
18.85	0.0	-0.0702
18.9	0.0	-0.0705
18.95	0.0	-0.071
19.0	0.0	-0.0712
19.05	0.0	-0.0717
19.1	0.0	-0.072
19.15	0.0	-0.072
19.2	0.0	-0.0722
19.25	0.0	-0.0724
19.3	0.0	-0.0726
19.35	0.0	-0.0728
19.4	0.0	-0.0731
19.45	0.0	-0.0732
19.5	0.0	-0.0732
19.55	0.0	-0.0732
19.6	0.0	-0.0732
19.65	0.0	-0.073
19.7	0.0	-0.0729
19.75	0.0	-0.0728
19.8	0.0	-0.0728
19.85	0.0	-0.0728
19.9	0.0	-0.0729
19.95	0.0	-0.073
20.0	0.0	-0.0731
20.05	0.0	-0.0732
20.1	0.0	-0.0734
20.15	0.0	-0.0736
20.2	0.0	-0.0738
20.25	0.0	-0.0741
20.3	0.0	-0.0744
20.35	0.0	-0.0745
20.4	0.0	-0.0747
20.45	0.0	-0.075
20.5	0.0	-0.0752
20.55	0.0	-0.0756
20.6	0.0	-0.0759
20.65	0.0	-0.0762
20.7	0.0	-0.0763
20.75	0.0	-0.0762
20.8	0.0	-0.0762
20.85	0.0	-0.0758
20.9	0.0	-0.0757
20.95	0.0	-0.0757
21.0	0.0	-0.0757
21.05	0.0	-0.0757
21.1	0.0	-0.0757
21.15	0.0	-0.0757
21.2	0.0	-0.0758
21.25	0.0	-0.076
21.3	0.0	-0.0763
21.35	0.0	-0.0767
21.4	0.0	-0.0774
21.45	0.0	-0.0779
21.5	0.0	-0.0783
21.55	0.0	-0.0786
21.6	0.0	-0.079
21.65	0.0	-0.0796
21.7	0.0	-0.0798
21.75	0.1	-0.08
21.8	0.1	-0.0802
21.85	0.1	-0.0804
21.9	0.1	-0.0807
21.95	0.1	-0.0811
22.0	0.1	-0.0814
22.05	0.1	-0.0819
22.1	0.0	-0.0824
22.15	0.0	-0.0828
22.2	0.0	-0.0831
22.25	0.0	-0.0834
22.3	0.0	-0.0836
22.35	0.0	-0.0839
22.4	0.0	-0.0843
22.45	0.0	-0.0847
22.5	0.0	-0.0851
22.55	0.0	-0.0856
22.6	0.0	-0.0858
22.65	0.0	-0.0859
22.7	0.0	-0.086
22.75	0.0	-0.086
22.8	0.0	-0.086
22.85	0.0	-0.0859
22.9	0.0	-0.0858
22.95	0.0	-0.0857
23.0	0.0	-0.0857
23.05	0.0	-0.0857
23.1	0.0	-0.0857
23.15	0.0	-0.0857
23.2	0.0	-0.0857
23.25	0.0	-0.0857
23.3	0.0	-0.0857
23.35	0.0	-0.0858
23.4	0.0	-0.0858
23.45	0.0	-0.0862
23.5	0.0	-0.0866
23.55	0.0	-0.087
23.6	0.0	-0.0875
23.65	0.0	-0.0879
23.7	0.0	-0.0883
23.75	0.0	-0.0886
23.8	0.0	-0.089
23.85	0.0	-0.0894
23.9	0.0	-0.0899
23.95	0.0	-0.0902
24.0	0.0	-0.0903
24.05	0.0	-0.0905
24.1	0.0	-0.0908
24.15	0.0	-0.0912
24.2	0.1	-0.0917
24.25	0.1	-0.092
24.3	0.1	-0.0922
24.35	0.1	-0.0925
24.4	0.1	-0.0929
24.45	0.1	-0.0931
24.5	0.1	-0.0932
24.55	0.1	-0.0933
24.6	0.1	-0.0933
24.65	0.1	-0.0933
24.7	0.1	-0.0935
24.75	0.1	-0.0938
24.8	0.1	-0.0939
24.85	0.1	-0.0942
24.9	0.1	-0.0945
24.95	0.1	-0.0948
25.0	0.1	-0.095
25.05	0.1	-0.0952
25.1	0.1	-0.0955
25.15	0.1	-0.0958
25.2	0.1	-0.0961
25.25	0.1	-0.0963
25.3	0.1	-0.0963
25.35	0.1	-0.0963
25.4	0.1	-0.0963
25.45	0.1	-0.0962
25.5	0.1	-0.0961
25.55	0.1	-0.096
25.6	0.1	-0.096
25.65	0.1	-0.096
25.7	0.1	-0.096
25.75	0.1	-0.096
25.8	0.1	-0.096
25.85	0.1	-0.096
25.9	0.1	-0.096
25.95	0.1	-0.096
26.0	0.1	-0.096
26.05	0.1	-0.096
26.1	0.1	-0.0961
26.15	0.1	-0.0961
26.2	0.1	-0.0963
26.25	0.1	-0.0968
26.3	0.1	-0.0973
26.35	0.0	-0.0979
26.4	0.0	-0.0982
26.45	0.0	-0.0986
26.5	0.0	-0.099
26.55	0.0	-0.0994
26.6	0.0	-0.0997
26.65	0.0	-0.1001
26.7	0.0	-0.1005
26.75	0.0	-0.1007
26.8	0.0	-0.101
26.85	0.0	-0.1011
26.9	0.0	-0.1014
26.95	0.0	-0.1017
27.0	0.0	-0.102
27.05	0.0	-0.1023
27.1	0.0	-0.1026
27.15	0.0	-0.1029
27.2	0.0	-0.1032
27.25	0.0	-0.1033
27.3	0.0	-0.1036
27.35	0.0	-0.1038
27.4	0.0	-0.1038
27.45	0.0	-0.1039
27.5	0.0	-0.104
27.55	0.0	-0.1041
27.6	0.0	-0.1043
27.65	0.0	-0.1044
27.7	0.0	-0.1045
27.75	0.1	-0.1045
27.8	0.1	-0.1047
27.85	0.1	-0.1048
27.9	0.1	-0.1048
27.95	0.1	-0.1048
28.0	0.1	-0.1049
28.05	0.1	-0.1051
28.1	0.1	-0.1052
28.15	0.1	-0.1053
28.2	0.1	-0.1053
28.25	0.1	-0.1053
28.3	0.1	-0.1056
28.35	0.1	-0.1056
28.4	0.1	-0.1056
28.45	0.1	-0.1056
28.5	0.1	-0.1055
28.55	0.1	-0.1054
28.6	0.1	-0.1053
28.65	0.1	-0.1053
28.7	0.1	-0.1053
28.75	0.1	-0.1053
28.8	0.1	-0.1053
28.85	0.1	-0.1053
28.9	0.1	-0.1053
28.95	0.1	-0.1053
29.0	0.1	-0.1053
29.05	0.1	-0.1054
29.1	0.1	-0.1055
29.15	0.1	-0.1056
29.2	0.1	-0.1057
29.25	0.1	-0.1057
29.3	0.1	-0.106
29.35	0.1	-0.1066
29.4	0.1	-0.1069
29.45	0.1	-0.1071
29.5	0.1	-0.1075
29.55	0.1	-0.1081
29.6	0.1	-0.1087
29.65	0.1	-0.1091
29.7	0.1	-0.1096
29.75	0.1	-0.1102
29.8	0.1	-0.1105
29.85	0.1	-0.1111
29.9	0.1	-0.1115
29.95	0.1	-0.1118
30.0	0.1	-0.1125
30.05	0.1	-0.1125
30.1	0.1	-0.1125
30.15	0.1	-0.1125
30.2	0.1	-0.1125
30.25	0.1	-0.1126
30.3	0.1	-0.1128
30.35	0.1	-0.1129
30.4	0.1	-0.1129
30.45	0.0	-0.113
30.5	0.0	-0.1132
30.55	0.0	-0.1133
30.6	0.0	-0.1135
30.65	0.0	-0.1136
30.7	0.0	-0.1137
30.75	0.0	-0.1139
30.8	0.0	-0.1142
30.85	0.0	-0.1144
30.9	0.0	-0.1146
30.95	0.0	-0.1149
31.0	0.0	-0.115
31.05	0.0	-0.1153
31.1	0.0	-0.1155
31.15	0.0	-0.1157
31.2	0.0	-0.116
31.25	0.0	-0.116
31.3	0.0	-0.1161
31.35	0.0	-0.1161
31.4	0.0	-0.1162
31.45	0.0	-0.1163
31.5	0.0	-0.1163
31.55	0.0	-0.1163
31.6	0.0	-0.1163
31.65	0.0	-0.1163
31.7	0.0	-0.1163
31.75	0.0	-0.116
31.8	0.0	-0.1159
31.85	0.0	-0.1159
31.9	0.0	-0.1159
31.95	0.0	-0.1159
32.0	0.0	-0.1159
32.05	0.0	-0.1159
32.1	0.0	-0.1159
32.15	0.0	-0.1159
32.2	0.0	-0.1159
32.25	0.0	-0.116
32.3	0.0	-0.1161
32.35	0.0	-0.1162
32.4	0.0	-0.1162
32.45	0.0	-0.1164
32.5	0.0	-0.1164
32.55	0.0	-0.1165
32.6	0.0	-0.1166
32.65	0.0	-0.1168
32.7	0.0	-0.1169
32.75	0.0	-0.117
32.8	0.0	-0.117
32.85	0.0	-0.1172
32.9	0.0	-0.1175
32.95	0.0	-0.1178
33.0	0.0	-0.118
33.05	0.0	-0.1181
33.1	0.0	-0.1181
33.15	0.1	-0.1182
33.2	0.1	-0.1183
33.25	0.1	-0.1188
33.3	0.1	-0.119
33.35	0.1	-0.1192
33.4	0.1	-0.1195
33.45	0.1	-0.1198
33.5	0.1	-0.1201
33.55	0.1	-0.1203
33.6	0.1	-0.1204
33.65	0.1	-0.1207
33.7	0.1	-0.1209
33.75	0.1	-0.1211
33.8	0.1	-0.1213
33.85	0.1	-0.1214
33.9	0.1	-0.1216
33.95	0.1	-0.1218
34.0	0.1	-0.1219
34.05	0.1	-0.1222
34.1	0.1	-0.1227
34.15	0.1	-0.1229
34.2	0.1	-0.1231
34.25	0.1	-0.1235
34.3	0.1	-0.1235
34.35	0.1	-0.1236
34.4	0.1	-0.1236
34.45	0.1	-0.1236
34.5	0.1	-0.1236
34.55	0.1	-0.1236
34.6	0.1	-0.1233
34.65	0.1	-0.1232
34.7	0.1	-0.1232
34.75	0.1	-0.1232
34.8	0.1	-0.1232
34.85	0.1	-0.1232
34.9	0.1	-0.1232
34.95	0.1	-0.1232
35.0	0.1	-0.1232
35.05	0.1	-0.1232
35.1	0.1	-0.1233
35.15	0.1	-0.1233
35.2	0.1	-0.1236
35.25	0.1	-0.1237
35.3	0.1	-0.1239
35.35	0.1	-0.1241
35.4	0.1	-0.1243
35.45	0.1	-0.1248
35.5	0.1	-0.125
35.55	0.1	-0.1251
35.6	0.1	-0.1254
35.65	0.1	-0.1257
35.7	0.1	-0.1261
35.75	0.1	-0.1266
35.8	0.1	-0.1269
35.85	0.1	-0.127
35.9	0.1	-0.1271
35.95	0.1	-0.1271
36.0	0.1	-0.1273
36.05	0.1	-0.1276
36.1	0.0	-0.1278
36.15	0.0	-0.1279
36.2	0.0	-0.128
36.25	0.0	-0.1283
36.3	0.0	-0.1285
36.35	0.0	-0.1286
36.4	0.0	-0.1289
36.45	0.0	-0.1291
36.5	0.0	-0.1293
36.55	0.0	-0.1296
36.6	0.0	-0.1298
36.65	0.0	-0.1301
36.7	0.0	-0.1303
36.75	0.0	-0.1304
36.8	0.0	-0.1306
36.85	0.0	-0.1308
36.9	0.0	-0.131
36.95	0.0	-0.1312
37.0	0.0	-0.1314
37.05	0.1	-0.1316
37.1	0.1	-0.1317
37.15	0.1	-0.1318
37.2	0.1	-0.132
37.25	0.1	-0.1321
37.3	0.1	-0.1323
37.35	0.1	-0.1326
37.4	0.1	-0.1326
37.45	0.1	-0.133
37.5	0.1	-0.1333
37.55	0.1	-0.1335
37.6	0.1	-0.1337
37.65	0.1	-0.1339
37.7	0.1	-0.1341
37.75	0.1	-0.1341
37.8	0.1	-0.134
37.85	0.1	-0.1338
37.9	0.1	-0.1337
37.95	0.1	-0.1337
38.0	0.1	-0.1337
38.05	0.1	-0.1337
38.1	0.1	-0.1337
38.15	0.1	-0.1337
38.2	0.1	-0.1337
38.25	0.1	-0.1337
38.3	0.1	-0.1337
38.35	0.1	-0.1337
38.4	0.1	-0.1342
38.45	0.1	-0.1347
38.5	0.1	-0.1351
38.55	0.1	-0.1354
38.6	0.1	-0.1356
38.65	0.1	-0.1358
38.7	0.1	-0.1359
38.75	0.1	-0.1362
38.8	0.1	-0.1365
38.85	0.1	-0.1368
38.9	0.1	-0.1373
38.95	0.1	-0.1377
39.0	0.1	-0.1379
39.05	0.1	-0.1382
39.1	0.1	-0.1387
39.15	0.1	-0.1391
39.2	0.1	-0.1394
39.25	0.1	-0.1398
39.3	0.1	-0.1401
39.35	0.1	-0.1402
39.4	0.1	-0.1404
39.45	0.1	-0.1404
39.5	0.1	-0.1404
39.55	0.1	-0.1404
39.6	0.1	-0.1404
39.65	0.1	-0.1403
39.7	0.1	-0.1402
39.75	0.1	-0.1401
39.8	0.1	-0.14
39.85	0.1	-0.1399
39.9	0.1	-0.1399
39.95	0.1	-0.1399
40.0	0.1	-0.1399
40.05	0.1	-0.1399
40.1	0.1	-0.1399
40.15	0.1	-0.1399
40.2	0.1	-0.14
40.25	0.1	-0.14
40.3	0.1	-0.1402
40.35	0.1	-0.1404
40.4	0.1	-0.1405
40.45	0.1	-0.1409
40.5	0.1	-0.141
40.55	0.1	-0.1412
40.6	0.1	-0.1414
40.65	0.1	-0.1417
40.7	0.1	-0.1419
40.75	0.1	-0.1421
40.8	0.1	-0.1426
40.85	0.0	-0.1427
40.9	0.0	-0.1428
40.95	0.0	-0.1431
41.0	0.0	-0.1433
41.05	0.0	-0.1435
41.1	0.0	-0.1436
41.15	0.0	-0.1437
41.2	0.0	-0.1437
41.25	0.0	-0.144
41.3	0.0	-0.1443
41.35	0.0	-0.1444
41.4	0.0	-0.1446
41.45	0.1	-0.1447
41.5	0.1	-0.1448
41.55	0.1	-0.1449
41.6	0.1	-0.145
41.65	0.1	-0.1451
41.7	0.1	-0.1452
41.75	0.1	-0.1453
41.8	0.1	-0.1454
41.85	0.1	-0.1454
41.9	0.1	-0.1455
41.95	0.1	-0.1458
42.0	0.1	-0.1461
42.05	0.1	-0.1461
42.1	0.1	-0.1462
42.15	0.1	-0.1462
42.2	0.1	-0.1464
42.25	0.1	-0.1465
42.3	0.1	-0.1466
42.35	0.1	-0.1466
42.4	0.1	-0.1467
42.45	0.1	-0.1468
42.5	0.1	-0.1471
42.55	0.1	-0.1473
42.6	0.1	-0.1473
42.65	0.1	-0.1474
42.7	0.1	-0.1475
42.75	0.1	-0.1476
42.8	0.1	-0.1476
42.85	0.1	-0.1476
42.9	0.1	-0.1479
42.95	0.1	-0.1479
43.0	0.1	-0.1479
43.05	0.1	-0.1481
43.1	0.1	-0.1482
43.15	0.1	-0.1483
43.2	0.1	-0.1483
43.25	0.1	-0.1484
43.3	0.1	-0.1485
43.35	0.1	-0.1485
43.4	0.1	-0.1487
43.45	0.1	-0.149
43.5	0.1	-0.1491
43.55	0.1	-0.1491
43.6	0.1	-0.1492
43.65	0.1	-0.1494
43.7	0.2	-0.1496
43.75	0.2	-0.1497
43.8	0.2	-0.1499
43.85	0.2	-0.15
43.9	0.2	-0.1501
43.95	0.2	-0.1502
44.0	0.2	-0.1504
44.05	0.2	-0.1505
44.1	0.2	-0.1506
44.15	0.2	-0.1508
44.2	0.2	-0.1509
44.25	0.2	-0.1511
44.3	0.2	-0.1513
44.35	0.2	-0.1513
44.4	0.2	-0.1514
44.45	0.2	-0.1515
44.5	0.2	-0.1517
44.55	0.2	-0.1518
44.6	0.2	-0.1522
44.65	0.2	-0.1522
44.7	0.2	-0.1522
44.75	0.2	-0.1523
44.8	0.2	-0.1523
44.85	0.2	-0.1523
44.9	0.2	-0.1522
44.95	0.2	-0.1521
45.0	0.2	-0.1521
45.05	0.2	-0.1521
45.1	0.2	-0.1521
45.15	0.2	-0.1521
45.2	0.2	-0.1521
45.25	0.2	-0.1521
45.3	0.2	-0.1521
45.35	0.2	-0.1521
45.4	0.2	-0.1521
45.45	0.2	-0.1521
45.5	0.2	-0.1521
45.55	0.2	-0.1521
45.6	0.2	-0.1521
45.65	0.2	-0.1521
45.7	0.2	-0.1522
45.75	0.2	-0.1523
45.8	0.2	-0.1524
45.85	0.2	-0.1526
45.9	0.2	-0.1529
45.95	0.2	-0.153
46.0	0.2	-0.1531
46.05	0.2	-0.1534
46.1	0.2	-0.1537
46.15	0.2	-0.1539
46.2	0.2	-0.1542
46.25	0.1	-0.1545
46.3	0.1	-0.1547
46.35	0.1	-0.1548
46.4	0.1	-0.155
46.45	0.1	-0.1552
46.5	0.1	-0.1555
46.55	0.1	-0.1558
46.6	0.1	-0.156
46.65	0.1	-0.1563
46.7	0.1	-0.1565
46.75	0.1	-0.1566
46.8	0.1	-0.1567
46.85	0.1	-0.157
46.9	0.1	-0.1571
46.95	0.1	-0.1572
47.0	0.1	-0.1574
47.05	0.1	-0.1576
47.1	0.1	-0.1577
47.15	0.1	-0.1578
47.2	0.1	-0.158
47.25	0.1	-0.1582
47.3	0.1	-0.1585
47.35	0.1	-0.1586
47.4	0.1	-0.1587
47.45	0.1	-0.1587
47.5	0.1	-0.1587
47.55	0.1	-0.1588
47.6	0.1	-0.159
47.65	0.1	-0.1591
47.7	0.1	-0.1592
47.75	0.1	-0.1592
47.8	0.1	-0.1593
47.85	0.1	-0.1594
47.9	0.1	-0.1594
47.95	0.1	-0.1595
48.0	0.1	-0.1597
48.05	0.1	-0.1598
48.1	0.1	-0.1599
48.15	0.1	-0.1599
48.2	0.1	-0.1599
48.25	0.1	-0.1599
48.3	0.1	-0.16
48.35	0.1	-0.1601
48.4	0.1	-0.1601
48.45	0.1	-0.1603
48.5	0.1	-0.1604
48.55	0.1	-0.1604
48.6	0.1	-0.1605
48.65	0.1	-0.1606
48.7	0.1	-0.1607
48.75	0.1	-0.1608
48.8	0.1	-0.1608
48.85	0.2	-0.161
48.9	0.2	-0.1611
48.95	0.2	-0.1612
49.0	0.2	-0.1612
49.05	0.2	-0.1613
49.1	0.2	-0.1613
49.15	0.2	-0.1614
49.2	0.2	-0.1614
49.25	0.2	-0.1616
49.3	0.2	-0.1618
49.35	0.2	-0.1618
49.4	0.2	-0.1618
49.45	0.2	-0.1618
49.5	0.2	-0.1619
49.55	0.2	-0.162
49.6	0.3	-0.1621
49.65	0.3	-0.1622
49.7	0.3	-0.1623
49.75	0.3	-0.1624
49.8	0.3	-0.1625
49.85	0.3	-0.1626
49.9	0.3	-0.1627
49.95	0.3	-0.1627
50.0	0.3	-0.1628
50.05	0.3	-0.1628
50.1	0.3	-0.1628
50.15	0.3	-0.1629
50.2	0.4	-0.163
50.25	0.4	-0.1631
50.3	0.4	-0.1632
50.35	0.4	-0.1633
50.4	0.4	-0.1633
50.45	0.4	-0.1636
50.5	0.4	-0.1638
50.55	0.4	-0.1638
50.6	0.5	-0.1639
50.65	0.5	-0.1641
50.7	0.5	-0.1642
50.75	0.5	-0.1645
50.8	0.5	-0.1646
50.85	0.5	-0.1647
50.9	0.6	-0.1648
50.95	0.6	-0.1649
51.0	0.6	-0.165
51.05	0.6	-0.1651
51.1	0.6	-0.1651
51.15	0.6	-0.1651
51.2	0.6	-0.1652
51.25	0.6	-0.1653
51.3	0.6	-0.1654
51.35	0.6	-0.1656
51.4	0.6	-0.1656
51.45	0.6	-0.1656
51.5	0.6	-0.1657
51.55	0.6	-0.1658
51.6	0.6	-0.1659
51.65	0.6	-0.1659
51.7	0.6	-0.166
51.75	0.6	-0.1661
51.8	0.6	-0.1662
51.85	0.6	-0.1663
51.9	0.6	-0.1664
51.95	0.6	-0.1664
52.0	0.6	-0.1664
52.05	0.6	-0.1664
52.1	0.6	-0.1664
52.15	0.6	-0.1664
52.2	0.6	-0.1663
52.25	0.6	-0.1663
52.3	0.6	-0.1663
52.35	0.6	-0.1663
52.4	0.6	-0.1663
52.45	0.6	-0.1663
52.5	0.6	-0.1663
52.55	0.6	-0.1663
52.6	0.6	-0.1663
52.65	0.6	-0.1663
52.7	0.6	-0.1663
52.75	0.6	-0.1663
52.8	0.6	-0.1663
52.85	0.6	-0.1663
52.9	0.6	-0.1663
52.95	0.6	-0.1663
53.0	0.6	-0.1663
53.05	0.6	-0.1663
53.1	0.6	-0.1663
53.15	0.6	-0.1663
53.2	0.6	-0.1664
53.25	0.6	-0.1665
53.3	0.6	-0.1665
53.35	0.6	-0.1665
53.4	0.6	-0.1665
53.45	0.6	-0.1667
53.5	0.6	-0.1668
53.55	0.6	-0.1668
53.6	0.6	-0.1669
53.65	0.6	-0.1669
53.7	0.6	-0.1669
53.75	0.6	-0.1672
53.8	0.6	-0.1675
53.85	0.6	-0.1676
53.9	0.6	-0.1676
53.95	0.6	-0.1676
54.0	0.6	-0.1676
54.05	0.6	-0.1678
54.1	0.5	-0.1682
54.15	0.5	-0.1683
54.2	0.5	-0.1683
54.25	0.5	-0.1683
54.3	0.5	-0.1684
54.35	0.5	-0.1685
54.4	0.5	-0.1686
54.45	0.5	-0.1687
54.5	0.5	-0.1689
54.55	0.4	-0.1691
54.6	0.4	-0.1693
54.65	0.4	-0.1694
54.7	0.4	-0.1696
54.75	0.4	-0.1697
54.8	0.4	-0.1698
54.85	0.3	-0.17
54.9	0.3	-0.1701
54.95	0.3	-0.1701
55.0	0.3	-0.1703
55.05	0.3	-0.1704
55.1	0.3	-0.1706
55.15	0.2	-0.1707
55.2	0.2	-0.1708
55.25	0.2	-0.1708
55.3	0.2	-0.1708
55.35	0.2	-0.171
55.4	0.2	-0.1711
55.45	0.2	-0.1711
55.5	0.2	-0.1712
55.55	0.2	-0.1712
55.6	0.2	-0.1714
55.65	0.1	-0.1717
55.7	0.1	-0.1717
55.75	0.1	-0.1718
55.8	0.1	-0.1719
55.85	0.1	-0.172
55.9	0.1	-0.1723
55.95	0.1	-0.1725
56.0	0.1	-0.1727
56.05	0.1	-0.1728
56.1	0.1	-0.1729
56.15	0.1	-0.1731
56.2	0.1	-0.1731
56.25	0.1	-0.1731
56.3	0.1	-0.1732
56.35	0.1	-0.1732
56.4	0.1	-0.1732
56.45	0.1	-0.1734
56.5	0.1	-0.1734
56.55	0.1	-0.1735
56.6	0.1	-0.1735
56.65	0.2	-0.1737
56.7	0.2	-0.1739
56.75	0.2	-0.174
56.8	0.2	-0.174
56.85	0.2	-0.1741
56.9	0.2	-0.1741
56.95	0.2	-0.1741
57.0	0.2	-0.1741
57.05	0.2	-0.1741
57.1	0.2	-0.1741
57.15	0.3	-0.1742
57.2	0.3	-0.1743
57.25	0.3	-0.1743
57.3	0.3	-0.1744
57.35	0.3	-0.1744
57.4	0.3	-0.1744
57.45	0.3	-0.1745
57.5	0.3	-0.1745
57.55	0.4	-0.1746
57.6	0.4	-0.1746
57.65	0.4	-0.1746
57.7	0.4	-0.1748
57.75	0.5	-0.1749
57.8	0.5	-0.175
57.85	0.5	-0.175
57.9	0.5	-0.175
57.95	0.5	-0.175
58.0	0.6	-0.175
58.05	0.6	-0.1752
58.1	0.7	-0.1753
58.15	0.7	-0.1753
58.2	0.7	-0.1753
58.25	0.7	-0.1753
58.3	0.7	-0.1753
58.35	0.7	-0.1753
58.4	0.7	-0.1753
58.45	0.7	-0.1753
58.5	0.7	-0.1753
58.55	0.7	-0.1753
58.6	0.7	-0.1753
58.65	0.7	-0.1753
58.7	0.7	-0.1753
58.75	0.7	-0.1753
58.8	0.7	-0.1753
58.85	0.7	-0.1753
58.9	0.9	-0.1756
58.95	1.1	-0.176
59.0	1.1	-0.1761
59.05	1.1	-0.1761
59.1	1.1	-0.1761
59.15	1.1	-0.1761
59.2	1.1	-0.1761
59.25	1.1	-0.1761
59.3	1.1	-0.1761
59.35	1.3	-0.1762
59.4	1.4	-0.1765
59.45	1.4	-0.1766
59.5	1.4	-0.1766
59.55	1.4	-0.1766
59.6	1.4	-0.1766
59.65	1.4	-0.1766
59.7	1.5	-0.1767
59.75	1.5	-0.1768
59.8	1.6	-0.1768
59.85	1.6	-0.1768
59.9	1.6	-0.1768
59.95	1.6	-0.1768
60.0	1.6	-0.1769
60.05	1.6	-0.1769
60.1	1.7	-0.177
60.15	1.7	-0.1771
60.2	1.8	-0.1771
60.25	1.8	-0.1772
60.3	1.8	-0.1772
60.35	1.8	-0.1772
60.4	1.9	-0.1773
60.45	2.0	-0.1774
60.5	2.1	-0.1775
60.55	2.2	-0.1775
60.6	2.3	-0.1777
60.65	2.5	-0.1778
60.7	2.6	-0.1779
60.75	2.7	-0.178
60.8	2.8	-0.178
60.85	2.9	-0.1781
60.9	3.0	-0.1782
60.95	3.2	-0.1784
61.0	3.5	-0.1786
61.05	3.6	-0.1788
61.1	3.8	-0.1789
61.15	3.9	-0.1789
61.2	4.2	-0.1791
61.25	4.4	-0.1793
61.3	4.5	-0.1794
61.35	4.7	-0.1795
61.4	4.9	-0.1797
61.45	5.0	-0.1798
61.5	5.1	-0.1798
61.55	5.2	-0.1799
61.6	5.3	-0.18
61.65	5.5	-0.1801
61.7	5.8	-0.1804
61.75	6.1	-0.1805
61.8	6.3	-0.1806
61.85	6.4	-0.1807
61.9	6.4	-0.1807
61.95	6.5	-0.1808
62.0	6.8	-0.1809
62.05	6.9	-0.181
62.1	7.0	-0.1811
62.15	7.4	-0.1813
62.2	7.4	-0.1813
62.25	7.5	-0.1813
62.3	7.5	-0.1814
62.35	7.6	-0.1814
62.4	7.6	-0.1815
62.45	7.8	-0.1815
62.5	7.8	-0.1816
62.55	7.9	-0.1817
62.6	8.1	-0.1818
62.65	8.3	-0.1819
62.7	8.4	-0.182
62.75	8.6	-0.1821
62.8	8.7	-0.1822
62.85	8.8	-0.1822
62.9	8.8	-0.1822
62.95	8.9	-0.1823
63.0	9.0	-0.1824
63.05	9.2	-0.1825
63.1	9.2	-0.1826
63.15	9.4	-0.1827
63.2	9.6	-0.1828
63.25	9.6	-0.1829
63.3	9.8	-0.183
63.35	9.8	-0.1831
63.4	9.9	-0.1831
63.45	10.0	-0.1832
63.5	10.1	-0.1833
63.55	10.2	-0.1834
63.6	10.2	-0.1834
63.65	10.2	-0.1834
63.7	10.2	-0.1834
63.75	10.2	-0.1834
63.8	10.3	-0.1834
63.85	10.3	-0.1835
63.9	10.4	-0.1836
63.95	10.9	-0.1838
64.0	11.2	-0.1839
64.05	11.2	-0.184
64.1	11.2	-0.184
64.15	11.2	-0.184
64.2	11.3	-0.184
64.25	11.3	-0.1841
64.3	11.7	-0.1843
64.35	11.8	-0.1844
64.4	11.9	-0.1844
64.45	11.9	-0.1844
64.5	12.0	-0.1845
64.55	12.1	-0.1846
64.6	12.2	-0.1847
64.65	12.4	-0.1849
64.7	12.5	-0.185
64.75	12.6	-0.185
64.8	12.6	-0.1851
64.85	12.6	-0.1851
64.9	12.8	-0.1853
64.95	13.0	-0.1854
65.0	13.0	-0.1855
65.05	13.0	-0.1855
65.1	13.0	-0.1855
65.15	13.1	-0.1855
65.2	13.1	-0.1856
65.25	13.2	-0.1857
65.3	13.2	-0.1857
65.35	13.2	-0.1858
65.4	13.3	-0.1858
65.45	13.3	-0.186
65.5	13.4	-0.1861
65.55	13.4	-0.1861
65.6	13.5	-0.1862
65.65	13.5	-0.1863
65.7	13.6	-0.1864
65.75	13.7	-0.1866
65.8	13.7	-0.1866
65.85	13.7	-0.1866
65.9	13.8	-0.1867
65.95	13.8	-0.1868
66.0	13.9	-0.1869
66.05	13.9	-0.187
66.1	13.9	-0.1871
66.15	14.0	-0.1871
66.2	14.0	-0.1872
66.25	14.0	-0.1874
66.3	14.0	-0.1875
66.35	14.0	-0.1876
66.4	14.0	-0.1876
66.45	14.0	-0.1876
66.5	14.0	-0.1877
66.55	14.0	-0.1877
66.6	14.0	-0.1877
66.65	14.0	-0.1877
66.7	14.0	-0.1878
66.75	14.0	-0.1879
66.8	14.0	-0.1879
66.85	14.0	-0.1879
66.9	14.0	-0.1879
66.95	14.0	-0.1879
67.0	14.0	-0.1879
67.05	14.0	-0.188
67.1	14.0	-0.188
67.15	13.9	-0.1881
67.2	13.9	-0.1882
67.25	13.9	-0.1882
67.3	13.9	-0.1883
67.35	13.9	-0.1883
67.4	13.9	-0.1884
67.45	13.9	-0.1884
67.5	13.9	-0.1885
67.55	13.9	-0.1885
67.6	13.8	-0.1885
67.65	13.9	-0.1884
67.7	14.3	-0.1881
67.75	14.5	-0.188
67.8	14.4	-0.188
67.85	14.4	-0.188
67.9	14.2	-0.188
67.95	14.2	-0.188
68.0	14.3	-0.188
68.05	14.3	-0.188
68.1	14.3	-0.188
68.15	14.3	-0.188
68.2	14.3	-0.188
68.25	14.3	-0.188
68.3	14.3	-0.1881
68.35	14.2	-0.1882
68.4	13.9	-0.1884
68.45	13.7	-0.1886
68.5	13.7	-0.1886
68.55	13.7	-0.1887
68.6	13.5	-0.189
68.65	13.3	-0.1891
68.7	13.3	-0.1893
68.75	13.1	-0.1895
68.8	13.1	-0.1895
68.85	13.1	-0.1896
68.9	13.0	-0.1897
68.95	12.9	-0.1899
69.0	12.6	-0.1902
69.05	12.5	-0.1904
69.1	12.4	-0.1904
69.15	12.3	-0.1906
69.2	12.1	-0.1908
69.25	12.0	-0.1908
69.3	11.9	-0.191
69.35	11.5	-0.1912
69.4	11.3	-0.1914
69.45	11.1	-0.1916
69.5	10.9	-0.1917
69.55	10.8	-0.1918
69.6	10.7	-0.1919
69.65	10.7	-0.192
69.7	10.5	-0.192
69.75	10.4	-0.1921
69.8	10.2	-0.1923
69.85	10.2	-0.1923
69.9	10.1	-0.1923
69.95	10.0	-0.1924
70.0	9.9	-0.1924
70.05	9.9	-0.1926
70.1	9.2	-0.1928
70.15	9.0	-0.193
70.2	9.1	-0.193
70.25	9.1	-0.193
70.3	9.0	-0.193
70.35	8.8	-0.1931
70.4	8.8	-0.1931
70.45	8.8	-0.1932
70.5	8.6	-0.1932
70.55	8.5	-0.1934
70.6	8.0	-0.1935
70.65	8.0	-0.1935
70.7	7.9	-0.1936
70.75	7.8	-0.1936
70.8	7.8	-0.1936
70.85	7.8	-0.1937
70.9	7.5	-0.1938
70.95	7.2	-0.194
71.0	6.8	-0.1942
71.05	6.7	-0.1942
71.1	6.7	-0.1943
71.15	6.5	-0.1944
71.2	6.3	-0.1945
71.25	5.9	-0.1947
71.3	5.8	-0.1948
71.35	5.7	-0.1949
71.4	5.6	-0.195
71.45	5.4	-0.1951
71.5	5.0	-0.1952
71.55	4.8	-0.1954
71.6	4.7	-0.1956
71.65	4.6	-0.1956
71.7	4.6	-0.1957
71.75	4.5	-0.1957
71.8	4.4	-0.1957
71.85	4.3	-0.1959
71.9	4.1	-0.1961
71.95	3.6	-0.1963
72.0	3.5	-0.1964
72.05	3.3	-0.1965
72.1	3.0	-0.1967
72.15	2.9	-0.1969
72.2	2.8	-0.1969
72.25	2.7	-0.197
72.3	2.6	-0.1972
72.35	2.4	-0.1973
72.4	2.4	-0.1973
72.45	2.3	-0.1974
72.5	2.3	-0.1974
72.55	2.3	-0.1974
72.6	2.3	-0.1974
72.65	2.1	-0.1975
72.7	2.1	-0.1976
72.75	2.1	-0.1976
72.8	2.1	-0.1976
72.85	2.1	-0.1976
72.9	2.0	-0.1977
72.95	1.9	-0.1978
73.0	1.9	-0.1978
73.05	1.8	-0.1978
73.1	1.8	-0.1979
73.15	1.7	-0.1981
73.2	1.5	-0.1982
73.25	1.5	-0.1982
73.3	1.5	-0.1982
73.35	1.4	-0.1983
73.4	1.4	-0.1983
73.45	1.3	-0.1984
73.5	1.3	-0.1984
73.55	1.3	-0.1985
73.6	1.3	-0.1985
73.65	1.3	-0.1984
73.7	1.3	-0.1984
73.75	1.2	-0.1984
73.8	1.2	-0.1984
73.85	1.2	-0.1984
73.9	1.1	-0.1981
73.95	0.7	-0.1978
74.0	0.7	-0.1978
74.05	0.7	-0.1978
74.1	0.7	-0.1978
74.15	0.7	-0.1978
74.2	0.7	-0.1978
74.25	0.7	-0.1978
74.3	0.7	-0.1978
74.35	0.7	-0.1978
74.4	0.7	-0.1978
74.45	0.7	-0.1978
74.5	0.7	-0.1978
74.55	0.7	-0.1978
74.6	0.7	-0.1978
74.65	0.7	-0.1978
74.7	0.8	-0.1979
74.75	0.8	-0.1979
74.8	0.8	-0.1979
74.85	0.8	-0.1981
74.9	0.8	-0.1982
74.95	0.8	-0.1983
75.0	0.9	-0.1984
75.05	0.9	-0.1986
75.1	0.9	-0.1987
75.15	0.9	-0.1989
75.2	0.9	-0.1989
75.25	0.8	-0.1992
75.3	0.6	-0.1994
75.35	0.6	-0.1995
75.4	0.6	-0.1996
75.45	0.5	-0.1997
75.5	0.4	-0.1998
75.55	0.4	-0.2001
75.6	0.3	-0.2003
75.65	0.2	-0.2004
75.7	0.2	-0.2006
75.75	0.2	-0.2009
75.8	0.1	-0.2011
75.85	0.1	-0.2012
75.9	0.1	-0.2013
75.95	0.1	-0.2014
76.0	0.1	-0.2015
76.05	0.1	-0.2018
76.1	0.1	-0.202
76.15	0.1	-0.202
76.2	0.1	-0.202
76.25	0.1	-0.2021
76.3	0.1	-0.2021
76.35	0.1	-0.2022
76.4	0.1	-0.2022
76.45	0.1	-0.2022
76.5	0.1	-0.2022
76.55	0.1	-0.2022
76.6	0.1	-0.2022
76.65	0.1	-0.2022
76.7	0.1	-0.2023
76.75	0.1	-0.2023
76.8	0.1	-0.2023
76.85	0.1	-0.2024
76.9	0.1	-0.2025
76.95	0.1	-0.2026
77.0	0.1	-0.2028
77.05	0.1	-0.2028
77.1	0.1	-0.2028
77.15	0.1	-0.2028
77.2	0.1	-0.2029
77.25	0.2	-0.203
77.3	0.2	-0.2031
77.35	0.2	-0.2032
77.4	0.2	-0.2032
77.45	0.2	-0.2035
77.5	0.2	-0.2036
77.55	0.2	-0.2036
77.6	0.3	-0.2037
77.65	0.3	-0.2037
77.7	0.3	-0.2038
77.75	0.3	-0.2039
77.8	0.3	-0.2039
77.85	0.3	-0.204
77.9	0.3	-0.204
77.95	0.3	-0.204
78.0	0.3	-0.204
78.05	0.3	-0.204
78.1	0.3	-0.204
78.15	0.3	-0.2039
78.2	0.3	-0.2037
78.25	0.4	-0.2035
78.3	0.5	-0.2034
78.35	0.5	-0.2034
78.4	0.5	-0.2034
78.45	0.5	-0.2034
78.5	0.5	-0.2034
78.55	0.5	-0.2034
78.6	0.5	-0.2035
78.65	0.5	-0.2035
78.7	0.5	-0.2035
78.75	0.5	-0.2036
78.8	0.4	-0.2037
78.85	0.4	-0.2039
78.9	0.4	-0.204
78.95	0.4	-0.204
79.0	0.4	-0.2041
79.05	0.4	-0.2041
79.1	0.4	-0.2041
79.15	0.4	-0.2043
79.2	0.4	-0.2045
79.25	0.4	-0.2046
79.3	0.4	-0.2047
79.35	0.4	-0.2047
79.4	0.4	-0.2047
79.45	0.4	-0.2047
79.5	0.4	-0.2047
79.55	0.4	-0.2047
79.6	0.4	-0.2049
79.65	0.4	-0.2049
79.7	0.4	-0.205
79.75	0.5	-0.2052
79.8	0.5	-0.2053
79.85	0.5	-0.2053
79.9	0.5	-0.2054
79.95	0.5	-0.2055
80.0	0.5	-0.2057
80.05	0.5	-0.2058
80.1	0.6	-0.2059
80.15	0.6	-0.2061
80.2	0.6	-0.2062
80.25	0.6	-0.2064
80.3	0.6	-0.2065
80.35	0.6	-0.2066
80.4	0.7	-0.2068
80.45	0.7	-0.207
80.5	0.7	-0.2071
80.55	0.7	-0.2073
80.6	0.7	-0.2073
80.65	0.7	-0.2073
80.7	0.7	-0.2074
80.75	0.7	-0.2075
80.8	0.7	-0.2075
80.85	0.7	-0.2079
80.9	0.7	-0.208
80.95	0.7	-0.2081
81.0	0.7	-0.2082
81.05	0.7	-0.2084
81.1	0.7	-0.2085
81.15	0.7	-0.2087
81.2	0.7	-0.2087
81.25	0.7	-0.2088
81.3	0.7	-0.2089
81.35	0.7	-0.2089
81.4	0.7	-0.2091
81.45	0.7	-0.2092
81.5	0.7	-0.2092
81.55	0.7	-0.2092
81.6	0.7	-0.2093
81.65	0.6	-0.2095
81.7	0.6	-0.2096
81.75	0.6	-0.2097
81.8	0.6	-0.2098
81.85	0.6	-0.2099
81.9	0.6	-0.21
81.95	0.6	-0.2102
82.0	0.6	-0.2103
82.05	0.6	-0.2104
82.1	0.6	-0.2105
82.15	0.6	-0.2106
82.2	0.5	-0.2107
82.25	0.5	-0.2109
82.3	0.5	-0.211
82.35	0.5	-0.2112
82.4	0.5	-0.2113
82.45	0.5	-0.2114
82.5	0.5	-0.2115
82.55	0.5	-0.2115
82.6	0.5	-0.2115
82.65	0.5	-0.2115
82.7	0.5	-0.2115
82.75	0.5	-0.2114
82.8	0.5	-0.2114
82.85	0.4	-0.2114
82.9	0.4	-0.2114
82.95	0.4	-0.2109
83.0	0.4	-0.2107
83.05	0.4	-0.2107
83.1	0.4	-0.2107
83.15	0.4	-0.2107
83.2	0.4	-0.2107
83.25	0.4	-0.2107
83.3	0.4	-0.2107
83.35	0.4	-0.2107
83.4	0.4	-0.2107
83.45	0.4	-0.2107
83.5	0.4	-0.2107
83.55	0.4	-0.2108
83.6	0.4	-0.211
83.65	0.4	-0.2112
83.7	0.4	-0.2112
83.75	0.4	-0.2113
83.8	0.4	-0.2113
83.85	0.4	-0.2114
83.9	0.4	-0.2114
83.95	0.4	-0.2114
84.0	0.4	-0.2115
84.05	0.4	-0.2117
84.1	0.4	-0.2118
84.15	0.4	-0.212
84.2	0.4	-0.2122
84.25	0.4	-0.2122
84.3	0.4	-0.2123
84.35	0.4	-0.2124
84.4	0.3	-0.2127
84.45	0.3	-0.2129
84.5	0.3	-0.2129
84.55	0.3	-0.213
84.6	0.3	-0.2133
84.65	0.3	-0.2136
84.7	0.2	-0.2139
84.75	0.2	-0.2142
84.8	0.2	-0.2143
84.85	0.2	-0.2145
84.9	0.2	-0.2146
84.95	0.1	-0.2148
85.0	0.1	-0.2151
85.05	0.1	-0.2153
85.1	0.1	-0.2155
85.15	0.1	-0.2157
85.2	0.1	-0.2159
85.25	0.1	-0.216
85.3	0.1	-0.2162
85.35	0.1	-0.2164
85.4	0.1	-0.2165
85.45	0.1	-0.2166
85.5	0.1	-0.2167
85.55	0.1	-0.2168
85.6	0.1	-0.2169
85.65	0.1	-0.217
85.7	0.1	-0.2172
85.75	0.1	-0.2174
85.8	0.1	-0.2175
85.85	0.1	-0.2177
85.9	0.1	-0.2178
85.95	0.1	-0.2179
86.0	0.1	-0.2181
86.05	0.1	-0.2181
86.1	0.1	-0.2183
86.15	0.1	-0.2184
86.2	0.1	-0.2186
86.25	0.1	-0.2188
86.3	0.1	-0.219
86.35	0.1	-0.2191
86.4	0.1	-0.2191
86.45	0.1	-0.2192
86.5	0.1	-0.2192
86.55	0.1	-0.2193
86.6	0.1	-0.2193
86.65	0.1	-0.2193
86.7	0.1	-0.2193
86.75	0.1	-0.2192
86.8	0.1	-0.2191
86.85	0.2	-0.219
86.9	0.2	-0.219
86.95	0.2	-0.2189
87.0	0.2	-0.2189
87.05	0.2	-0.2189
87.1	0.2	-0.2189
87.15	0.2	-0.2189
87.2	0.2	-0.2189
87.25	0.2	-0.2189
87.3	0.2	-0.2189
87.35	0.2	-0.2189
87.4	0.2	-0.2189
87.45	0.2	-0.219
87.5	0.2	-0.219
87.55	0.2	-0.2191
87.6	0.2	-0.2191
87.65	0.2	-0.2191
87.7	0.2	-0.2191
87.75	0.2	-0.2191
87.8	0.2	-0.2191
87.85	0.2	-0.2191
87.9	0.2	-0.2191
87.95	0.2	-0.2193
88.0	0.2	-0.2193
88.05	0.2	-0.2193
88.1	0.2	-0.2194
88.15	0.2	-0.2197
88.2	0.2	-0.2199
88.25	0.2	-0.2202
88.3	0.2	-0.2203
88.35	0.2	-0.2203
88.4	0.2	-0.2204
88.45	0.2	-0.2204
88.5	0.2	-0.2205
88.55	0.2	-0.2207
88.6	0.2	-0.2207
88.65	0.2	-0.2209
88.7	0.3	-0.2212
88.75	0.3	-0.2214
88.8	0.3	-0.2215
88.85	0.3	-0.2217
88.9	0.3	-0.2219
88.95	0.3	-0.222
89.0	0.3	-0.2223
89.05	0.3	-0.2224
89.1	0.3	-0.2226
89.15	0.3	-0.2227
89.2	0.3	-0.2227
89.25	0.3	-0.2228
89.3	0.3	-0.2228
89.35	0.3	-0.2229
89.4	0.3	-0.2229
89.45	0.3	-0.223
89.5	0.3	-0.2233
89.55	0.3	-0.2234
89.6	0.3	-0.2237
89.65	0.3	-0.2241
89.7	0.3	-0.2242
89.75	0.3	-0.2244
89.8	0.3	-0.2244
89.85	0.3	-0.2245
89.9	0.3	-0.2246
89.95	0.3	-0.2247
90.0	0.3	-0.2248
90.05	0.3	-0.225
90.1	0.3	-0.2251
90.15	0.3	-0.2252
90.2	0.3	-0.2253
90.25	0.3	-0.2253
90.3	0.3	-0.2253
90.35	0.3	-0.2253
90.4	0.3	-0.2253
90.45	0.3	-0.2253
90.5	0.3	-0.2252
90.55	0.3	-0.2252
90.6	0.3	-0.2251
90.65	0.3	-0.2248
90.7	0.2	-0.2246
90.75	0.2	-0.2246
90.8	0.2	-0.2245
90.85	0.2	-0.2245
90.9	0.2	-0.2245
90.95	0.2	-0.2245
91.0	0.2	-0.2245
91.05	0.2	-0.2245
91.1	0.2	-0.2245
91.15	0.2	-0.2245
91.2	0.2	-0.2245
91.25	0.2	-0.2245
91.3	0.2	-0.2245
91.35	0.2	-0.2245
91.4	0.2	-0.2245
91.45	0.2	-0.2245
91.5	0.2	-0.2245
91.55	0.2	-0.2245
91.6	0.2	-0.2245
91.65	0.2	-0.2245
91.7	0.2	-0.2245
91.75	0.2	-0.2246
91.8	0.2	-0.2248
91.85	0.2	-0.2249
91.9	0.2	-0.2249
91.95	0.2	-0.2249
92.0	0.2	-0.2251
92.05	0.2	-0.2251
92.1	0.2	-0.2252
92.15	0.2	-0.2253
92.2	0.2	-0.2253
92.25	0.2	-0.2255
92.3	0.2	-0.2258
92.35	0.2	-0.226
92.4	0.2	-0.2261
92.45	0.2	-0.2263
92.5	0.2	-0.2265
92.55	0.2	-0.2269
92.6	0.2	-0.2272
92.65	0.1	-0.2275
92.7	0.1	-0.2275
92.75	0.1	-0.2275
92.8	0.1	-0.2277
92.85	0.1	-0.2279
92.9	0.1	-0.2282
92.95	0.1	-0.2284
93.0	0.1	-0.2286
93.05	0.1	-0.2287
93.1	0.1	-0.2287
93.15	0.1	-0.2288
93.2	0.1	-0.229
93.25	0.1	-0.2293
93.3	0.1	-0.2295
93.35	0.1	-0.2295
93.4	0.1	-0.2296
93.45	0.1	-0.2298
93.5	0.1	-0.2299
93.55	0.1	-0.23
93.6	0.1	-0.2301
93.65	0.1	-0.2303
93.7	0.1	-0.2305
93.75	0.1	-0.2307
93.8	0.1	-0.2308
93.85	0.1	-0.2309
93.9	0.0	-0.231
93.95	0.0	-0.2314
94.0	0.0	-0.2316
94.05	0.0	-0.2317
94.1	0.0	-0.2317
94.15	0.0	-0.2317
94.2	0.0	-0.2317
94.25	0.0	-0.2317
94.3	0.0	-0.2317
94.35	0.0	-0.2316
94.4	0.0	-0.2314
94.45	0.1	-0.2313
94.5	0.1	-0.2313
94.55	0.1	-0.2312
94.6	0.1	-0.2311
94.65	0.1	-0.2311
94.7	0.1	-0.2311
94.75	0.1	-0.2311
94.8	0.1	-0.2311
94.85	0.1	-0.2311
94.9	0.1	-0.2311
94.95	0.1	-0.2312
95.0	0.1	-0.2313
95.05	0.1	-0.2315
95.1	0.1	-0.2317
95.15	0.1	-0.2318
95.2	0.0	-0.2319
95.25	0.0	-0.2319
95.3	0.1	-0.2321
95.35	0.1	-0.2325
95.4	0.1	-0.2328
95.45	0.1	-0.2332
95.5	0.1	-0.2334
95.55	0.1	-0.2337
95.6	0.1	-0.234
95.65	0.1	-0.2343
95.7	0.1	-0.2345
95.75	0.1	-0.2347
95.8	0.1	-0.2347
95.85	0.1	-0.2349
95.9	0.1	-0.235
95.95	0.1	-0.235
96.0	0.1	-0.235
96.05	0.1	-0.2351
96.1	0.1	-0.2353
96.15	0.1	-0.2355
96.2	0.1	-0.2356
96.25	0.1	-0.2358
96.3	0.2	-0.236
96.35	0.2	-0.2361
96.4	0.2	-0.2362
96.45	0.2	-0.2364
96.5	0.2	-0.2365
96.55	0.2	-0.2366
96.6	0.2	-0.2366
96.65	0.2	-0.2367
96.7	0.2	-0.2369
96.75	0.2	-0.237
96.8	0.2	-0.2372
96.85	0.2	-0.2372
96.9	0.2	-0.2372
96.95	0.2	-0.2372
97.0	0.2	-0.2372
97.05	0.2	-0.2372
97.1	0.2	-0.2371
97.15	0.2	-0.2369
97.2	0.2	-0.2368
97.25	0.2	-0.2368
97.3	0.2	-0.2368
97.35	0.2	-0.2367
97.4	0.2	-0.2367
97.45	0.2	-0.2367
97.5	0.2	-0.2367
97.55	0.2	-0.2367
97.6	0.2	-0.2367
97.65	0.2	-0.2368
97.7	0.2	-0.2368
97.75	0.2	-0.2368
97.8	0.2	-0.237
97.85	0.2	-0.2373
97.9	0.2	-0.2377
97.95	0.2	-0.238
98.0	0.2	-0.2383
98.05	0.2	-0.2386
98.1	0.2	-0.2389
98.15	0.2	-0.2392
98.2	0.2	-0.2395
98.25	0.1	-0.2399
98.3	0.1	-0.2403
98.35	0.1	-0.2407
98.4	0.1	-0.241
98.45	0.1	-0.2411
98.5	0.1	-0.2412
98.55	0.1	-0.2414
98.6	0.1	-0.2415
98.65	0.1	-0.2416
98.7	0.1	-0.2416
98.75	0.1	-0.2416
98.8	0.1	-0.2416
98.85	0.1	-0.2416
98.9	0.1	-0.2416
98.95	0.1	-0.2415
99.0	0.1	-0.2413
99.05	0.1	-0.2413
99.1	0.1	-0.2413
99.15	0.1	-0.2413
99.2	0.1	-0.2413
99.25	0.1	-0.2413
99.3	0.1	-0.2413
99.35	0.1	-0.2413
99.4	0.1	-0.2413
99.45	0.1	-0.2413
99.5	0.1	-0.2414
99.55	0.1	-0.2415
99.6	0.1	-0.2417
99.65	0.1	-0.2418
99.7	0.1	-0.242
99.75	0.1	-0.2422
99.8	0.1	-0.2423
99.85	0.1	-0.2425
99.9	0.1	-0.2428
99.95	0.1	-0.2431
100.0	0.1	-0.2433
100.05	0.1	-0.2436
100.1	0.1	-0.2437
100.15	0.1	-0.244
100.2	0.1	-0.2443
100.25	0.1	-0.2445
100.3	0.0	-0.2448
100.35	0.0	-0.245
100.4	0.0	-0.2451
100.45	0.0	-0.2453
100.5	0.0	-0.2455
100.55	0.0	-0.2456
100.6	0.0	-0.2457
100.65	0.0	-0.2458
100.7	0.0	-0.2458
100.75	0.0	-0.2458
100.8	0.0	-0.2458
100.85	0.0	-0.2457
100.9	0.0	-0.2454
100.95	0.0	-0.2453
101.0	0.0	-0.2453
101.05	0.0	-0.2453
101.1	0.0	-0.2453
101.15	0.0	-0.2453
101.2	0.0	-0.2453
101.25	0.0	-0.2453
101.3	0.0	-0.2454
101.35	0.0	-0.2454
101.4	0.0	-0.2455
101.45	0.0	-0.2457
101.5	0.0	-0.2458
101.55	0.0	-0.2461
101.6	0.0	-0.2462
101.65	0.0	-0.2463
101.7	0.0	-0.2465
101.75	0.0	-0.2467
101.8	0.0	-0.2468
101.85	0.0	-0.247
101.9	0.1	-0.2472
101.95	0.1	-0.2474
102.0	0.1	-0.2478
102.05	0.1	-0.248
102.1	0.1	-0.2483
102.15	0.1	-0.2487
102.2	0.1	-0.2489
102.25	0.1	-0.249
102.3	0.1	-0.2492
102.35	0.1	-0.2494
102.4	0.1	-0.2496
102.45	0.1	-0.2499
102.5	0.1	-0.2501
102.55	0.1	-0.2503
102.6	0.1	-0.2507
102.65	0.1	-0.2509
102.7	0.1	-0.2511
102.75	0.1	-0.2513
102.8	0.1	-0.2515
102.85	0.1	-0.2518
102.9	0.1	-0.252
102.95	0.1	-0.252
103.0	0.1	-0.2521
103.05	0.1	-0.2521
103.1	0.1	-0.2521
103.15	0.1	-0.252
103.2	0.1	-0.252
103.25	0.1	-0.2519
103.3	0.1	-0.2519
103.35	0.1	-0.2515
103.4	0.1	-0.2514
103.45	0.1	-0.2514
103.5	0.1	-0.2514
103.55	0.1	-0.2514
103.6	0.1	-0.2514
103.65	0.1	-0.2514
103.7	0.1	-0.2514
103.75	0.1	-0.2514
103.8	0.1	-0.2515
103.85	0.1	-0.2515
103.9	0.1	-0.2515
103.95	0.1	-0.2517
104.0	0.1	-0.2518
104.05	0.1	-0.2522
104.1	0.1	-0.2525
104.15	0.1	-0.2526
104.2	0.1	-0.253
104.25	0.1	-0.2533
104.3	0.1	-0.2535
104.35	0.1	-0.2536
104.4	0.1	-0.2539
104.45	0.1	-0.2542
104.5	0.1	-0.2545
104.55	0.1	-0.2549
104.6	0.1	-0.2551
104.65	0.1	-0.2555
104.7	0.1	-0.2558
104.75	0.1	-0.256
104.8	0.1	-0.2562
104.85	0.1	-0.2564
104.9	0.1	-0.2567
104.95	0.1	-0.2571
105.0	0.1	-0.2574
105.05	0.1	-0.2575
105.1	0.1	-0.2577
105.15	0.1	-0.2579
105.2	0.1	-0.2582
105.25	0.1	-0.2585
105.3	0.0	-0.2588
105.35	0.0	-0.2592
105.4	0.0	-0.2595
105.45	0.0	-0.2596
105.5	0.0	-0.2598
105.55	0.0	-0.2599
105.6	0.0	-0.2599
105.65	0.0	-0.2598
105.7	0.0	-0.2596
105.75	0.0	-0.2594
105.8	0.0	-0.2593
105.85	0.0	-0.2593
105.9	0.0	-0.2593
105.95	0.0	-0.2593
106.0	0.0	-0.2593
106.05	0.0	-0.2593
106.1	0.0	-0.2593
106.15	0.0	-0.2593
106.2	0.0	-0.2593
106.25	0.0	-0.2593
106.3	0.0	-0.2593
106.35	0.0	-0.2595
106.4	0.0	-0.2596
106.45	0.0	-0.2598
106.5	0.0	-0.2599
106.55	0.0	-0.26
106.6	0.0	-0.2602
106.65	0.0	-0.2606
106.7	0.0	-0.2608
106.75	0.0	-0.261
106.8	0.0	-0.2615
106.85	0.0	-0.2619
106.9	0.0	-0.2621
106.95	0.1	-0.2623
107.0	0.1	-0.2623
107.05	0.1	-0.2624
107.1	0.1	-0.263
107.15	0.1	-0.2635
107.2	0.1	-0.2637
107.25	0.1	-0.264
107.3	0.1	-0.2643
107.35	0.1	-0.2645
107.4	0.1	-0.2649
107.45	0.1	-0.265
107.5	0.1	-0.2652
107.55	0.1	-0.2653
107.6	0.1	-0.2655
107.65	0.1	-0.2657
107.7	0.1	-0.266
107.75	0.1	-0.2661
107.8	0.1	-0.2662
107.85	0.1	-0.2668
107.9	0.1	-0.2671
107.95	0.1	-0.2672
108.0	0.1	-0.2672
108.05	0.1	-0.2672
108.1	0.1	-0.267
108.15	0.1	-0.2668
108.2	0.1	-0.2666
108.25	0.1	-0.2666
108.3	0.1	-0.2666
108.35	0.1	-0.2666
108.4	0.1	-0.2666
108.45	0.1	-0.2666
108.5	0.1	-0.2666
108.55	0.1	-0.2666
108.6	0.1	-0.2666
108.65	0.1	-0.2666
108.7	0.1	-0.2667
108.75	0.1	-0.2668
108.8	0.1	-0.2669
108.85	0.1	-0.2669
108.9	0.1	-0.267
108.95	0.1	-0.2671
109.0	0.1	-0.2672
109.05	0.1	-0.2673
109.1	0.1	-0.2673
109.15	0.1	-0.2674
109.2	0.1	-0.2674
109.25	0.1	-0.2676
109.3	0.1	-0.2678
109.35	0.1	-0.268
109.4	0.1	-0.268
109.45	0.1	-0.2682
109.5	0.1	-0.2686
109.55	0.1	-0.2688
109.6	0.1	-0.269
109.65	0.1	-0.2693
109.7	0.1	-0.2694
109.75	0.1	-0.2695
109.8	0.1	-0.2696
109.85	0.1	-0.2698
109.9	0.1	-0.27
109.95	0.1	-0.2703
110.0	0.1	-0.2709
110.05	0.1	-0.2713
110.1	0.1	-0.2714
110.15	0.1	-0.2716
110.2	0.1	-0.2716
110.25	0.1	-0.2716
110.3	0.1	-0.2716
110.35	0.1	-0.2716
110.4	0.1	-0.2714
110.45	0.1	-0.2711
110.5	0.1	-0.271
110.55	0.1	-0.271
110.6	0.1	-0.271
110.65	0.1	-0.271
110.7	0.1	-0.271
110.75	0.1	-0.271
110.8	0.1	-0.271
110.85	0.1	-0.271
110.9	0.1	-0.2711
110.95	0.1	-0.2714
111.0	0.0	-0.2718
111.05	0.0	-0.2719
111.1	0.0	-0.2724
111.15	0.0	-0.2729
111.2	0.0	-0.273
111.25	0.0	-0.2735
111.3	0.0	-0.2739
111.35	0.0	-0.2745
111.4	0.0	-0.2749
111.45	0.0	-0.2752
111.5	0.0	-0.2755
111.55	0.0	-0.2758
111.6	0.0	-0.2764
111.65	0.0	-0.277
111.7	0.1	-0.2773
111.75	0.1	-0.2775
111.8	0.1	-0.2778
111.85	0.1	-0.2779
111.9	0.1	-0.278
111.95	0.1	-0.2782
112.0	0.1	-0.2789
112.05	0.1	-0.2796
112.1	0.1	-0.2801
112.15	0.1	-0.2806
112.2	0.1	-0.2809
112.25	0.1	-0.2814
112.3	0.1	-0.2817
112.35	0.1	-0.2818
112.4	0.1	-0.2819
112.45	0.1	-0.282
112.5	0.1	-0.282
112.55	0.1	-0.282
112.6	0.1	-0.282
112.65	0.1	-0.2817
112.7	0.1	-0.2815
112.75	0.1	-0.2815
112.8	0.1	-0.2815
112.85	0.1	-0.2815
112.9	0.1	-0.2815
112.95	0.1	-0.2815
113.0	0.1	-0.2815
113.05	0.1	-0.2815
113.1	0.1	-0.2815
113.15	0.1	-0.2815
113.2	0.1	-0.2815
113.25	0.1	-0.2815
113.3	0.1	-0.2818
113.35	0.1	-0.2822
113.4	0.1	-0.2829
113.45	0.1	-0.2832
113.5	0.1	-0.2833
113.55	0.1	-0.2836
113.6	0.1	-0.2844
113.65	0.1	-0.2846
113.7	0.1	-0.285
113.75	0.1	-0.2856
113.8	0.1	-0.2859
113.85	0.1	-0.2861
113.9	0.1	-0.2863
113.95	0.1	-0.2867
114.0	0.1	-0.2871
114.05	0.0	-0.2875
114.1	0.0	-0.2877
114.15	0.0	-0.2883
114.2	0.0	-0.2894
114.25	0.0	-0.29
114.3	0.0	-0.2906
114.35	0.0	-0.2913
114.4	0.0	-0.2919
114.45	0.0	-0.2921
114.5	0.1	-0.2924
114.55	0.1	-0.2926
114.6	0.1	-0.2926
114.65	0.1	-0.2926
114.7	0.1	-0.2922
114.75	0.1	-0.292
114.8	0.1	-0.292
114.85	0.1	-0.292
114.9	0.1	-0.292
114.95	0.1	-0.292
115.0	0.1	-0.292
115.05	0.1	-0.292
115.1	0.1	-0.292
115.15	0.1	-0.292
115.2	0.1	-0.292
115.25	0.1	-0.2921
115.3	0.1	-0.2926
115.35	0.1	-0.293
115.4	0.1	-0.2939
115.45	0.1	-0.295
115.5	0.1	-0.2957
115.55	0.1	-0.2963
115.6	0.1	-0.2968
115.65	0.1	-0.2974
115.7	0.1	-0.298
115.75	0.1	-0.2988
115.8	0.1	-0.2995
115.85	0.1	-0.2998
115.9	0.1	-0.3
115.95	0.1	-0.3003
116.0	0.1	-0.3008
116.05	0.1	-0.3013
116.1	0.0	-0.3014
116.15	0.0	-0.3017
116.2	0.0	-0.3022
116.25	0.0	-0.3028
116.3	0.0	-0.3031
116.35	0.0	-0.3031
116.4	0.0	-0.3031
116.45	0.0	-0.303
116.5	0.0	-0.3028
116.55	0.0	-0.3027
116.6	0.0	-0.3027
116.65	0.0	-0.3027
116.7	0.0	-0.3027
116.75	0.0	-0.3027
116.8	0.0	-0.3027
116.85	0.0	-0.3027
116.9	0.0	-0.3027
116.95	0.0	-0.3028
117.0	0.0	-0.3031
117.05	0.0	-0.3034
117.1	0.0	-0.3039
117.15	0.0	-0.3048
117.2	0.0	-0.3056
117.25	0.0	-0.3061
117.3	0.0	-0.3063
117.35	0.1	-0.3066
117.4	0.1	-0.3069
117.45	0.1	-0.3071
117.5	0.1	-0.3074
117.55	0.1	-0.3078
117.6	0.1	-0.3088
117.65	0.1	-0.3093
117.7	0.1	-0.3094
117.75	0.1	-0.3095
117.8	0.1	-0.3097
117.85	0.1	-0.3105
117.9	0.1	-0.3112
117.95	0.1	-0.3119
118.0	0.1	-0.3126
118.05	0.1	-0.3131
118.1	0.1	-0.3133
118.15	0.1	-0.3134
118.2	0.1	-0.3134
118.25	0.1	-0.3134
118.3	0.1	-0.3133
118.35	0.1	-0.3133
118.4	0.1	-0.3133
118.45	0.1	-0.3133
118.5	0.1	-0.3133
118.55	0.1	-0.3133
118.6	0.1	-0.3133
118.65	0.1	-0.3133
118.7	0.1	-0.3133
118.75	0.1	-0.3133
118.8	0.1	-0.3135
118.85	0.1	-0.3141
118.9	0.1	-0.3148
118.95	0.0	-0.3156
119.0	0.0	-0.3165
119.05	0.0	-0.3172
119.1	0.0	-0.318
119.15	0.0	-0.3185
119.2	0.0	-0.3189
119.25	0.0	-0.3194
119.3	0.0	-0.3199
119.35	0.0	-0.3202
119.4	0.0	-0.3207
119.45	0.0	-0.3213
119.5	0.0	-0.3215
119.55	0.0	-0.3216
119.6	0.0	-0.3216
119.65	0.0	-0.3216
119.7	0.0	-0.3217
119.75	0.0	-0.3218
119.8	0.1	-0.3223
119.85	0.1	-0.3234
119.9	0.1	-0.3244
119.95	0.1	-0.3251
120.0	0.1	-0.3261
120.05	0.1	-0.3277
120.1	0.1	-0.3293
120.15	0.0	-0.3315
120.2	0.0	-0.3333
120.25	0.0	-0.3357
120.3	0.0	-0.3381
120.35	0.1	-0.3392
120.4	0.1	-0.3393
120.45	0.1	-0.3391
120.5	0.1	-0.3388
120.55	0.1	-0.3388
120.6	0.1	-0.3388
120.65	0.1	-0.3388
120.7	0.1	-0.3388
120.75	0.1	-0.3388
120.8	0.1	-0.3388
120.85	0.1	-0.3388
120.9	0.1	-0.3389
120.95	0.1	-0.3389
121.0	0.1	-0.3391
121.05	0.1	-0.3393
121.1	0.1	-0.3394
121.15	0.1	-0.3397
121.2	0.1	-0.3398
121.25	0.1	-0.3408
121.3	0.1	-0.3414
121.35	0.1	-0.3415
121.4	0.1	-0.3415
121.45	0.1	-0.3416
121.5	0.1	-0.3416
121.55	0.1	-0.3416
121.6	0.1	-0.3416
121.65	0.1	-0.3416
121.7	0.1	-0.3416
121.75	0.1	-0.3416
121.8	0.1	-0.3416
121.85	0.1	-0.3416
121.9	0.1	-0.3416
121.95	0.1	-0.3416
122.0	0.1	-0.3416
122.05	0.1	-0.3416
122.1	0.1	-0.3416
122.15	0.1	-0.3416
122.2	0.1	-0.3416
122.25	0.1	-0.3416
122.3	0.1	-0.3415
122.35	0.1	-0.3415
122.4	0.1	-0.3415
122.45	0.1	-0.3415
122.5	0.1	-0.3415
122.55	0.1	-0.3413
122.6	0.1	-0.3413
122.65	0.1	-0.3413
122.7	0.1	-0.3413
122.75	0.1	-0.3413
122.8	0.1	-0.3413
122.85	0.1	-0.3413
122.9	0.1	-0.3413
122.95	0.1	-0.3413
123.0	0.1	-0.3412
123.05	0.1	-0.3412
123.1	0.1	-0.3412
123.15	0.1	-0.3412
123.2	0.1	-0.3411
123.25	0.1	-0.3411
123.3	0.1	-0.3409
123.35	0.1	-0.3407
123.4	0.1	-0.3403
123.45	0.1	-0.3402
123.5	0.1	-0.3402
123.55	0.1	-0.3402
123.6	0.1	-0.3402
123.65	0.1	-0.3402
123.7	0.1	-0.3402
123.75	0.1	-0.3402
123.8	0.1	-0.3401
123.85	0.1	-0.3399
123.9	0.1	-0.3399
123.95	0.1	-0.3397
124.0	0.1	-0.3396
124.05	0.1	-0.3396
124.1	0.1	-0.3394
124.15	0.1	-0.3389
124.2	0.1	-0.3388
124.25	0.1	-0.3384
124.3	0.1	-0.3379
124.35	0.1	-0.3378
124.4	0.1	-0.3373
124.45	0.1	-0.3372
124.5	0.1	-0.337
124.55	0.0	-0.3367
124.6	0.0	-0.3366
124.65	0.0	-0.3364
124.7	0.0	-0.336
124.75	0.0	-0.3357
124.8	0.0	-0.3355
124.85	0.0	-0.3355
124.9	0.0	-0.3355
124.95	0.0	-0.3355
125.0	0.0	-0.3355
125.05	0.0	-0.3356
125.1	0.0	-0.3356
125.15	0.0	-0.3356
125.2	0.0	-0.3356
125.25	0.0	-0.3356
125.3	0.0	-0.3356
125.35	0.0	-0.3356
125.4	0.0	-0.3356
125.45	0.0	-0.3356
125.5	0.0	-0.3356
125.55	0.0	-0.3356
125.6	0.0	-0.3355
125.65	0.0	-0.3355
125.7	0.0	-0.3355
125.75	0.0	-0.3355
125.8	0.0	-0.3354
125.85	0.0	-0.3354
125.9	0.0	-0.3353
125.95	0.0	-0.3349
126.0	0.0	-0.3347
126.05	0.0	-0.3346
126.1	0.0	-0.3343
126.15	0.0	-0.3342
126.2	0.0	-0.3341
126.25	0.0	-0.3338
126.3	0.0	-0.3335
126.35	0.0	-0.3333
126.4	0.0	-0.3328
126.45	0.0	-0.3326
126.5	0.0	-0.3322
126.55	0.0	-0.3318
126.6	0.0	-0.3315
126.65	0.0	-0.3312
126.7	0.0	-0.3308
126.75	0.0	-0.3306
126.8	0.0	-0.3304
126.85	0.0	-0.3304
126.9	0.0	-0.3303
126.95	0.0	-0.3303
127.0	0.0	-0.3303
127.05	0.0	-0.3304
127.1	0.0	-0.3306
127.15	0.0	-0.3306
127.2	0.0	-0.3306
127.25	0.0	-0.3306
127.3	0.0	-0.3306
127.35	0.0	-0.3306
127.4	0.0	-0.3306
127.45	0.0	-0.3306
127.5	0.0	-0.3306
127.55	0.0	-0.3305
127.6	0.0	-0.3304
127.65	0.0	-0.3303
127.7	0.0	-0.33
127.75	0.0	-0.3298
127.8	0.0	-0.3296
127.85	0.0	-0.3294
127.9	0.0	-0.329
127.95	0.0	-0.3287
128.0	0.1	-0.3283
128.05	0.1	-0.3279
128.1	0.1	-0.3275
128.15	0.1	-0.3274
128.2	0.1	-0.3273
128.25	0.1	-0.3272
128.3	0.1	-0.3269
128.35	0.1	-0.3267
128.4	0.1	-0.3266
128.45	0.1	-0.3263
128.5	0.1	-0.326
128.55	0.1	-0.3257
128.6	0.1	-0.3255
128.65	0.1	-0.3254
128.7	0.1	-0.3254
128.75	0.1	-0.3254
128.8	0.1	-0.3254
128.85	0.1	-0.3254
128.9	0.1	-0.3254
128.95	0.1	-0.3254
129.0	0.1	-0.3254
129.05	0.1	-0.3254
129.1	0.1	-0.3254
129.15	0.1	-0.3254
129.2	0.1	-0.3254
129.25	0.1	-0.3254
129.3	0.1	-0.3254
129.35	0.1	-0.3254
129.4	0.1	-0.3254
129.45	0.1	-0.3254
129.5	0.1	-0.3254
129.55	0.1	-0.3254
129.6	0.1	-0.3254
129.65	0.1	-0.3254
129.7	0.1	-0.3254
129.75	0.1	-0.3254
129.8	0.1	-0.3253
129.85	0.1	-0.3248
129.9	0.1	-0.3244
129.95	0.1	-0.3242
130.0	0.1	-0.3238
130.05	0.1	-0.3236
130.1	0.1	-0.3232
130.15	0.1	-0.3229
130.2	0.1	-0.3226
130.25	0.1	-0.3223
130.3	0.1	-0.3218
130.35	0.1	-0.3215
130.4	0.1	-0.3213
130.45	0.1	-0.321
130.5	0.1	-0.321
130.55	0.1	-0.3209
130.6	0.0	-0.3209
130.65	0.0	-0.321
130.7	0.0	-0.321
130.75	0.0	-0.321
130.8	0.0	-0.321
130.85	0.0	-0.321
130.9	0.0	-0.321
130.95	0.0	-0.321
131.0	0.0	-0.321
131.05	0.0	-0.321
131.1	0.0	-0.321
131.15	0.0	-0.321
131.2	0.0	-0.321
131.25	0.0	-0.321
131.3	0.0	-0.321
131.35	0.0	-0.321
131.4	0.0	-0.321
131.45	0.0	-0.321
131.5	0.0	-0.3209
131.55	0.0	-0.3206
131.6	0.0	-0.3199
131.65	0.0	-0.3196
131.7	0.0	-0.3193
131.75	0.0	-0.319
131.8	0.0	-0.3189
131.85	0.0	-0.3185
131.9	0.0	-0.3182
131.95	0.0	-0.3181
132.0	0.0	-0.3181
132.05	0.0	-0.3179
132.1	0.0	-0.3178
132.15	0.0	-0.3176
132.2	0.0	-0.3174
132.25	0.0	-0.3172
132.3	0.0	-0.3172
132.35	0.0	-0.3172
132.4	0.0	-0.3172
132.45	0.0	-0.3172
132.5	0.0	-0.3172
132.55	0.0	-0.3172
132.6	0.0	-0.3172
132.65	0.0	-0.3172
132.7	0.0	-0.3172
132.75	0.0	-0.3172
132.8	0.0	-0.3172
132.85	0.0	-0.3172
132.9	0.0	-0.3172
132.95	0.0	-0.3172
133.0	0.0	-0.3172
133.05	0.0	-0.3172
133.1	0.0	-0.3172
133.15	0.0	-0.3172
133.2	0.0	-0.3172
133.25	0.0	-0.3172
133.3	0.0	-0.3172
133.35	0.0	-0.3171
133.4	0.0	-0.3168
133.45	0.0	-0.3165
133.5	0.0	-0.3164
133.55	0.0	-0.3163
133.6	0.0	-0.316
133.65	0.0	-0.3156
133.7	0.0	-0.3151
133.75	0.0	-0.3148
133.8	0.0	-0.3147
133.85	0.0	-0.3147
133.9	0.0	-0.3147
133.95	0.0	-0.3146
134.0	0.0	-0.3144
134.05	0.1	-0.3142
134.1	0.1	-0.3142
134.15	0.1	-0.3142
134.2	0.1	-0.3142
134.25	0.1	-0.3142
134.3	0.1	-0.3142
134.35	0.1	-0.3142
134.4	0.1	-0.3142
134.45	0.1	-0.3142
134.5	0.1	-0.3142
134.55	0.1	-0.3142
134.6	0.1	-0.3142
134.65	0.1	-0.3142
134.7	0.1	-0.3142
134.75	0.1	-0.3142
134.8	0.1	-0.3142
134.85	0.1	-0.3142
134.9	0.1	-0.3142
134.95	0.1	-0.3142
135.0	0.1	-0.3141
135.05	0.1	-0.3136
135.1	0.1	-0.3133
135.15	0.1	-0.3131
135.2	0.1	-0.313
135.25	0.1	-0.3129
135.3	0.1	-0.3127
135.35	0.1	-0.3126
135.4	0.1	-0.3125
135.45	0.1	-0.3123
135.5	0.1	-0.3121
135.55	0.1	-0.3119
135.6	0.1	-0.3118
135.65	0.1	-0.3117
135.7	0.1	-0.3115
135.75	0.1	-0.3114
135.8	0.1	-0.3114
135.85	0.1	-0.3114
135.9	0.1	-0.3113
135.95	0.1	-0.3113
136.0	0.1	-0.3113
136.05	0.1	-0.3113
136.1	0.1	-0.3113
136.15	0.1	-0.3113
136.2	0.1	-0.3113
136.25	0.1	-0.3113
136.3	0.1	-0.3113
136.35	0.1	-0.3113
136.4	0.1	-0.3113
136.45	0.1	-0.3113
136.5	0.1	-0.3113
136.55	0.1	-0.3113
136.6	0.1	-0.3113
136.65	0.1	-0.3113
136.7	0.1	-0.3113
136.75	0.1	-0.3113
136.8	0.1	-0.3113
136.85	0.1	-0.3113
136.9	0.1	-0.3113
136.95	0.1	-0.3113
137.0	0.1	-0.3113
137.05	0.1	-0.3111
137.1	0.1	-0.3106
137.15	0.1	-0.3103
137.2	0.1	-0.31
137.25	0.1	-0.3097
137.3	0.1	-0.3093
137.35	0.1	-0.3088
137.4	0.1	-0.3085
137.45	0.1	-0.3084
137.5	0.1	-0.3084
137.55	0.1	-0.3084
137.6	0.1	-0.3083
137.65	0.1	-0.3082
137.7	0.1	-0.3081
137.75	0.1	-0.3079
137.8	0.1	-0.3077
137.85	0.1	-0.3075
137.9	0.1	-0.3074
137.95	0.1	-0.3073
138.0	0.1	-0.3073
138.05	0.1	-0.3073
138.1	0.1	-0.3073
138.15	0.1	-0.3073
138.2	0.1	-0.3073
138.25	0.1	-0.3073
138.3	0.1	-0.3073
138.35	0.1	-0.3073
138.4	0.1	-0.3073
138.45	0.1	-0.3073
138.5	0.1	-0.3073
138.55	0.1	-0.3073
138.6	0.1	-0.3073
138.65	0.1	-0.3073
138.7	0.1	-0.3073
138.75	0.1	-0.3073
138.8	0.1	-0.3073
138.85	0.1	-0.3073
138.9	0.1	-0.3073
138.95	0.1	-0.3073
139.0	0.1	-0.3073
139.05	0.1	-0.3073
139.1	0.1	-0.3073
139.15	0.1	-0.3073
139.2	0.1	-0.3073
139.25	0.1	-0.3072
139.3	0.1	-0.3069
139.35	0.1	-0.3066
139.4	0.1	-0.3064
139.45	0.1	-0.3062
139.5	0.1	-0.306
139.55	0.1	-0.3059
139.6	0.1	-0.3058
139.65	0.1	-0.3057
139.7	0.1	-0.3057
139.75	0.1	-0.3057
139.8	0.1	-0.3057
139.85	0.1	-0.3056
139.9	0.1	-0.3055
139.95	0.1	-0.3054
140.0	0.1	-0.3052
140.05	0.1	-0.3051
140.1	0.1	-0.305
140.15	0.0	-0.3048
140.2	0.0	-0.3046
140.25	0.0	-0.3044
140.3	0.0	-0.3042
140.35	0.0	-0.304
140.4	0.0	-0.3039
140.45	0.0	-0.3038
140.5	0.0	-0.3036
140.55	0.0	-0.3034
140.6	0.0	-0.3031
140.65	0.0	-0.3028
140.7	0.0	-0.3025
140.75	0.0	-0.3024
140.8	0.0	-0.3024
140.85	0.0	-0.3024
140.9	0.0	-0.3024
140.95	0.0	-0.3024
141.0	0.0	-0.3024
141.05	0.0	-0.3025
141.1	0.0	-0.3028
141.15	0.0	-0.3028
141.2	0.0	-0.3028
141.25	0.0	-0.3028
141.3	0.0	-0.3028
141.35	0.0	-0.3028
141.4	0.0	-0.3028
141.45	0.0	-0.3028
141.5	0.0	-0.3028
141.55	0.0	-0.3028
141.6	0.0	-0.3028
141.65	0.0	-0.3028
141.7	0.0	-0.3028
141.75	0.0	-0.3028
141.8	0.0	-0.3028
141.85	0.0	-0.3028
141.9	0.0	-0.3028
141.95	0.0	-0.3028
142.0	0.0	-0.3028
142.05	0.0	-0.3028
142.1	0.0	-0.3028
142.15	0.0	-0.3028
142.2	0.0	-0.3028
142.25	0.0	-0.3028
142.3	0.0	-0.3027
142.35	0.0	-0.3027
142.4	0.0	-0.3026
142.45	0.0	-0.3025
142.5	0.0	-0.3024
142.55	0.0	-0.3022
142.6	0.0	-0.3019
142.65	0.0	-0.3018
142.7	0.0	-0.3016
142.75	0.0	-0.3015
142.8	0.0	-0.3013
142.85	0.0	-0.3009
142.9	0.0	-0.3007
142.95	0.0	-0.3006
143.0	0.0	-0.3004
143.05	0.0	-0.3004
143.1	0.0	-0.3003
143.15	0.1	-0.3001
143.2	0.1	-0.3
143.25	0.1	-0.3
143.3	0.1	-0.3
143.35	0.1	-0.3
143.4	0.1	-0.3
143.45	0.1	-0.3
143.5	0.1	-0.3
143.55	0.1	-0.3
143.6	0.1	-0.3
143.65	0.1	-0.3
143.7	0.1	-0.3
143.75	0.1	-0.3
143.8	0.1	-0.3
143.85	0.1	-0.3
143.9	0.1	-0.3
143.95	0.1	-0.3
144.0	0.1	-0.3
144.05	0.1	-0.3
144.1	0.1	-0.3
144.15	0.1	-0.3
144.2	0.1	-0.3
144.25	0.1	-0.3
144.3	0.1	-0.2999
144.35	0.1	-0.2996
144.4	0.1	-0.2992
144.45	0.1	-0.2991
144.5	0.1	-0.2991
144.55	0.1	-0.299
144.6	0.1	-0.2988
144.65	0.1	-0.2987
144.7	0.1	-0.2985
144.75	0.1	-0.2984
144.8	0.1	-0.2984
144.85	0.1	-0.2982
144.9	0.1	-0.2979
144.95	0.1	-0.2973
145.0	0.1	-0.297
145.05	0.1	-0.297
145.1	0.1	-0.2969
145.15	0.1	-0.2968
145.2	0.1	-0.2964
145.25	0.1	-0.2962
145.3	0.1	-0.2961
145.35	0.1	-0.296
145.4	0.1	-0.2959
145.45	0.1	-0.2958
145.5	0.1	-0.2957
145.55	0.1	-0.2956
145.6	0.1	-0.2956
145.65	0.1	-0.2957
145.7	0.1	-0.2957
145.75	0.1	-0.2957
145.8	0.1	-0.2957
145.85	0.1	-0.2957
145.9	0.1	-0.2957
145.95	0.1	-0.2957
146.0	0.1	-0.2957
146.05	0.1	-0.2957
146.1	0.1	-0.2957
146.15	0.1	-0.2957
146.2	0.1	-0.2957
146.25	0.1	-0.2957
146.3	0.1	-0.2957
146.35	0.1	-0.2957
146.4	0.1	-0.2957
146.45	0.1	-0.2957
146.5	0.1	-0.2957
146.55	0.1	-0.2957
146.6	0.1	-0.2956
146.65	0.1	-0.2956
146.7	0.1	-0.2956
146.75	0.1	-0.2956
146.8	0.1	-0.2953
146.85	0.1	-0.2951
146.9	0.1	-0.2949
146.95	0.1	-0.2948
147.0	0.1	-0.2947
147.05	0.1	-0.2946
147.1	0.1	-0.2943
147.15	0.1	-0.2941
147.2	0.1	-0.2941
147.25	0.1	-0.294
147.3	0.1	-0.2939
147.35	0.1	-0.2936
147.4	0.1	-0.2934
147.45	0.1	-0.2931
147.5	0.1	-0.2925
147.55	0.1	-0.2919
147.6	0.1	-0.2914
147.65	0.1	-0.291
147.7	0.1	-0.2909
147.75	0.1	-0.2909
147.8	0.1	-0.2909
147.85	0.1	-0.2908
147.9	0.1	-0.2908
147.95	0.1	-0.2908
148.0	0.1	-0.2907
148.05	0.1	-0.2907
148.1	0.1	-0.2907
148.15	0.1	-0.2907
148.2	0.1	-0.2907
148.25	0.1	-0.2907
148.3	0.1	-0.2907
148.35	0.1	-0.2908
148.4	0.1	-0.291
148.45	0.1	-0.291
148.5	0.1	-0.291
148.55	0.1	-0.291
148.6	0.1	-0.291
148.65	0.1	-0.2911
148.7	0.1	-0.2912
148.75	0.1	-0.2912
148.8	0.1	-0.2912
148.85	0.1	-0.2912
148.9	0.1	-0.2912
148.95	0.1	-0.2912
149.0	0.1	-0.2912
149.05	0.1	-0.2912
149.1	0.1	-0.2912
149.15	0.1	-0.2912
149.2	0.1	-0.2911
149.25	0.1	-0.2911
149.3	0.1	-0.2911
149.35	0.1	-0.2911
149.4	0.1	-0.2909
149.45	0.1	-0.2908
149.5	0.1	-0.2907
149.55	0.1	-0.2907
149.6	0.1	-0.2907
149.65	0.1	-0.2907
149.7	0.1	-0.2907
149.75	0.1	-0.2906
149.8	0.1	-0.2905
149.85	0.1	-0.2905
149.9	0.1	-0.2905
149.95	0.1	-0.2905
150.0	0.1	-0.2905
150.05	0.1	-0.2905
150.1	0.1	-0.2905
150.15	0.1	-0.2905
150.2	0.1	-0.2905
150.25	0.1	-0.2905
150.3	0.1	-0.2905
150.35	0.1	-0.2905
150.4	0.1	-0.2905
150.45	0.1	-0.2905
150.5	0.1	-0.2905
150.55	0.1	-0.2905
150.6	0.1	-0.2905
150.65	0.1	-0.2905
150.7	0.1	-0.2905
150.75	0.1	-0.2905
150.8	0.1	-0.2905
150.85	0.1	-0.2905
150.9	0.1	-0.2905
150.95	0.1	-0.2905
151.0	0.1	-0.2905
151.05	0.1	-0.2904
151.1	0.1	-0.2903
151.15	0.1	-0.2903
151.2	0.1	-0.2902
151.25	0.1	-0.2902
151.3	0.0	-0.2901
151.35	0.0	-0.2898
151.4	0.0	-0.2898
151.45	0.0	-0.2897
151.5	0.0	-0.2894
151.55	0.0	-0.2893
151.6	0.0	-0.2892
151.65	0.0	-0.2889
151.7	0.0	-0.2888
151.75	0.0	-0.2886
151.8	0.0	-0.2884
151.85	0.0	-0.2882
151.9	0.0	-0.2881
151.95	0.0	-0.2878
152.0	0.0	-0.2877
152.05	0.0	-0.2875
152.1	0.0	-0.2874
152.15	0.0	-0.2874
152.2	0.0	-0.2874
152.25	0.0	-0.2874
152.3	0.0	-0.2874
152.35	0.0	-0.2874
152.4	0.0	-0.2875
152.45	0.0	-0.2877
152.5	0.0	-0.2878
152.55	0.0	-0.2878
152.6	0.0	-0.2878
152.65	0.0	-0.2878
152.7	0.0	-0.2878
152.75	0.0	-0.2878
152.8	0.0	-0.2878
152.85	0.0	-0.2878
152.9	0.0	-0.2878
152.95	0.0	-0.2878
153.0	0.0	-0.2878
153.05	0.0	-0.2878
153.1	0.0	-0.2878
153.15	0.0	-0.2878
153.2	0.0	-0.2878
153.25	0.0	-0.2877
153.3	0.0	-0.2877
153.35	0.0	-0.2877
153.4	0.0	-0.2875
153.45	0.0	-0.2874
153.5	0.0	-0.2873
153.55	0.0	-0.2872
153.6	0.0	-0.287
153.65	0.0	-0.2869
153.7	0.0	-0.2867
153.75	0.0	-0.2867
153.8	0.0	-0.2863
153.85	0.1	-0.2858
153.9	0.1	-0.2856
153.95	0.1	-0.2855
154.0	0.1	-0.2854
154.05	0.1	-0.2854
154.1	0.1	-0.2854
154.15	0.1	-0.2851
154.2	0.1	-0.2849
154.25	0.1	-0.2846
154.3	0.1	-0.2845
154.35	0.1	-0.2845
154.4	0.1	-0.2845
154.45	0.1	-0.2845
154.5	0.1	-0.2844
154.55	0.1	-0.2844
154.6	0.1	-0.2844
154.65	0.1	-0.2844
154.7	0.1	-0.2844
154.75	0.1	-0.2844
154.8	0.1	-0.2844
154.85	0.1	-0.2844
154.9	0.1	-0.2846
154.95	0.1	-0.2848
155.0	0.1	-0.2849
155.05	0.1	-0.2849
155.1	0.1	-0.2849
155.15	0.1	-0.2849
155.2	0.1	-0.2849
155.25	0.1	-0.2849
155.3	0.1	-0.2849
155.35	0.1	-0.2849
155.4	0.1	-0.2849
155.45	0.1	-0.2849
155.5	0.1	-0.2849
155.55	0.1	-0.2849
155.6	0.1	-0.2849
155.65	0.1	-0.2849
155.7	0.1	-0.2849
155.75	0.1	-0.2849
155.8	0.1	-0.2849
155.85	0.1	-0.2849
155.9	0.1	-0.2849
155.95	0.1	-0.2849
156.0	0.1	-0.2849
156.05	0.1	-0.2849
156.1	0.1	-0.2849
156.15	0.1	-0.2849
156.2	0.1	-0.2848
156.25	0.1	-0.2848
156.3	0.1	-0.2847
156.35	0.1	-0.2847
156.4	0.1	-0.2845
156.45	0.1	-0.2844
156.5	0.1	-0.2844
156.55	0.1	-0.2843
156.6	0.1	-0.2843
156.65	0.1	-0.2841
156.7	0.1	-0.2839
156.75	0.1	-0.2837
156.8	0.1	-0.2837
156.85	0.1	-0.2836
156.9	0.1	-0.2836
156.95	0.1	-0.2834
157.0	0.1	-0.2833
157.05	0.1	-0.2833
157.1	0.1	-0.2833
157.15	0.1	-0.283
157.2	0.1	-0.2829
157.25	0.1	-0.2828
157.3	0.1	-0.2827
157.35	0.1	-0.2827
157.4	0.1	-0.2826
157.45	0.1	-0.2824
157.5	0.1	-0.2823
157.55	0.1	-0.2821
157.6	0.1	-0.282
157.65	0.1	-0.2818
157.7	0.1	-0.2816
157.75	0.1	-0.2815
157.8	0.1	-0.2815
157.85	0.1	-0.2814
157.9	0.1	-0.2813
157.95	0.1	-0.2813
158.0	0.1	-0.2813
158.05	0.1	-0.2813
158.1	0.1	-0.2813
158.15	0.1	-0.2814
158.2	0.1	-0.2816
158.25	0.1	-0.2818
158.3	0.1	-0.2818
158.35	0.1	-0.2818
158.4	0.1	-0.2818
158.45	0.1	-0.2818
158.5	0.1	-0.2818
158.55	0.1	-0.2818
158.6	0.1	-0.2818
158.65	0.1	-0.2818
158.7	0.1	-0.2818
158.75	0.1	-0.2818
158.8	0.1	-0.2818
158.85	0.1	-0.2818
158.9	0.1	-0.2818
158.95	0.1	-0.2818
159.0	0.1	-0.2818
159.05	0.1	-0.2818
159.1	0.1	-0.2817
159.15	0.1	-0.2816
159.2	0.1	-0.2816
159.25	0.1	-0.2816
159.3	0.1	-0.2816
159.35	0.1	-0.2816
159.4	0.1	-0.2815
159.45	0.1	-0.2814
159.5	0.1	-0.2814
159.55	0.1	-0.2813
159.6	0.1	-0.2812
159.65	0.1	-0.2811
159.7	0.1	-0.281
159.75	0.1	-0.2809
159.8	0.1	-0.2805
159.85	0.1	-0.2803
159.9	0.1	-0.2802
159.95	0.1	-0.2801
160.0	0.1	-0.28
160.05	0.1	-0.2798
160.1	0.1	-0.2797
160.15	0.1	-0.2796
160.2	0.1	-0.2794
160.25	0.1	-0.2793
160.3	0.1	-0.2791
160.35	0.1	-0.2788
160.4	0.1	-0.2786
160.45	0.1	-0.2782
160.5	0.1	-0.2779
160.55	0.1	-0.2776
160.6	0.1	-0.277
160.65	0.1	-0.2769
160.7	0.1	-0.2769
160.75	0.1	-0.2769
160.8	0.1	-0.2769
160.85	0.1	-0.2769
160.9	0.1	-0.277
160.95	0.1	-0.2772
161.0	0.1	-0.2774
161.05	0.1	-0.2774
161.1	0.1	-0.2774
161.15	0.1	-0.2774
161.2	0.1	-0.2774
161.25	0.1	-0.2774
161.3	0.1	-0.2774
161.35	0.1	-0.2774
161.4	0.1	-0.2773
161.45	0.1	-0.2773
161.5	0.1	-0.2773
161.55	0.1	-0.2771
161.6	0.1	-0.2768
161.65	0.1	-0.2763
161.7	0.1	-0.2759
161.75	0.0	-0.2753
161.8	0.0	-0.2748
161.85	0.0	-0.2744
161.9	0.0	-0.2741
161.95	0.0	-0.2739
162.0	0.0	-0.2737
162.05	0.0	-0.2735
162.1	0.0	-0.2734
162.15	0.0	-0.2732
162.2	0.0	-0.273
162.25	0.0	-0.2728
162.3	0.0	-0.2726
162.35	0.0	-0.2724
162.4	0.0	-0.2723
162.45	0.0	-0.2722
162.5	0.0	-0.2719
162.55	0.0	-0.2718
162.6	0.0	-0.2718
162.65	0.0	-0.2718
162.7	0.0	-0.272
162.75	0.0	-0.2723
162.8	0.0	-0.2727
162.85	0.0	-0.2728
162.9	0.0	-0.2728
162.95	0.0	-0.2728
163.0	0.0	-0.2728
163.05	0.0	-0.2728
163.1	0.0	-0.2728
163.15	0.0	-0.2728
163.2	0.0	-0.2728
163.25	0.0	-0.2728
163.3	0.0	-0.2728
163.35	0.0	-0.2728
163.4	0.0	-0.2728
163.45	0.0	-0.2727
163.5	0.0	-0.2726
163.55	0.0	-0.2725
163.6	0.0	-0.2723
163.65	0.0	-0.2721
163.7	0.0	-0.2719
163.75	0.0	-0.2718
163.8	0.0	-0.2715
163.85	0.1	-0.2711
163.9	0.1	-0.2709
163.95	0.1	-0.2707
164.0	0.1	-0.2706
164.05	0.1	-0.2704
164.1	0.1	-0.2699
164.15	0.1	-0.2692
164.2	0.1	-0.2683
164.25	0.1	-0.2679
164.3	0.1	-0.2676
164.35	0.1	-0.2671
164.4	0.1	-0.2666
164.45	0.1	-0.2662
164.5	0.1	-0.2657
164.55	0.1	-0.2653
164.6	0.1	-0.2649
164.65	0.1	-0.2645
164.7	0.1	-0.2643
164.75	0.1	-0.2639
164.8	0.1	-0.2638
164.85	0.1	-0.2637
164.9	0.1	-0.2634
164.95	0.1	-0.263
165.0	0.1	-0.2626
165.05	0.1	-0.2621
165.1	0.1	-0.2618
165.15	0.1	-0.2615
165.2	0.1	-0.2611
165.25	0.1	-0.2609
165.3	0.0	-0.2605
165.35	0.0	-0.26
165.4	0.0	-0.2595
165.45	0.0	-0.2592
165.5	0.0	-0.2588
165.55	0.0	-0.2585
165.6	0.0	-0.2583
165.65	0.0	-0.2579
165.7	0.0	-0.2575
165.75	0.1	-0.2571
165.8	0.1	-0.2568
165.85	0.1	-0.2567
165.9	0.1	-0.2563
165.95	0.1	-0.256
166.0	0.1	-0.2557
166.05	0.1	-0.2554
166.1	0.1	-0.2552
166.15	0.1	-0.255
166.2	0.1	-0.2547
166.25	0.1	-0.2545
166.3	0.1	-0.2545
166.35	0.1	-0.2545
166.4	0.1	-0.2544
166.45	0.1	-0.2543
166.5	0.1	-0.2543
166.55	0.1	-0.2543
166.6	0.1	-0.2543
166.65	0.1	-0.2543
166.7	0.1	-0.2545
166.75	0.1	-0.2547
166.8	0.1	-0.2547
166.85	0.1	-0.2547
166.9	0.1	-0.2547
166.95	0.1	-0.2547
167.0	0.1	-0.2547
167.05	0.1	-0.2547
167.1	0.1	-0.2547
167.15	0.1	-0.2547
167.2	0.1	-0.2547
167.25	0.1	-0.2547
167.3	0.1	-0.2547
167.35	0.1	-0.2547
167.4	0.1	-0.2547
167.45	0.1	-0.2547
167.5	0.1	-0.2547
167.55	0.1	-0.2547
167.6	0.1	-0.2547
167.65	0.1	-0.2547
167.7	0.1	-0.2546
167.75	0.1	-0.2546
167.8	0.1	-0.2546
167.85	0.1	-0.2544
167.9	0.1	-0.2541
167.95	0.1	-0.2538
168.0	0.1	-0.2536
168.05	0.1	-0.2533
168.1	0.1	-0.253
168.15	0.1	-0.2525
168.2	0.1	-0.2522
168.25	0.1	-0.252
168.3	0.1	-0.2518
168.35	0.1	-0.2518
168.4	0.1	-0.2517
168.45	0.1	-0.2515
168.5	0.1	-0.2512
168.55	0.1	-0.2511
168.6	0.1	-0.2509
168.65	0.1	-0.2507
168.7	0.1	-0.2506
168.75	0.1	-0.2505
168.8	0.1	-0.2503
168.85	0.1	-0.2503
168.9	0.1	-0.2501
168.95	0.1	-0.25
169.0	0.1	-0.2498
169.05	0.1	-0.2495
169.1	0.1	-0.2493
169.15	0.1	-0.249
169.2	0.1	-0.2488
169.25	0.1	-0.2487
169.3	0.1	-0.2486
169.35	0.1	-0.2484
169.4	0.1	-0.2482
169.45	0.1	-0.2481
169.5	0.1	-0.248
169.55	0.1	-0.2478
169.6	0.1	-0.2476
169.65	0.1	-0.2474
169.7	0.1	-0.2472
169.75	0.1	-0.2472
169.8	0.1	-0.2472
169.85	0.1	-0.2471
169.9	0.1	-0.247
169.95	0.1	-0.2469
170.0	0.1	-0.2468
170.05	0.1	-0.2467
170.1	0.1	-0.2466
170.15	0.1	-0.2466
170.2	0.1	-0.2466
170.25	0.1	-0.2466
170.3	0.1	-0.2467
170.35	0.1	-0.2467
170.4	0.1	-0.2467
170.45	0.1	-0.2467
170.5	0.1	-0.2467
170.55	0.1	-0.2467
170.6	0.1	-0.2467
170.65	0.1	-0.2467
170.7	0.1	-0.2467
170.75	0.1	-0.2467
170.8	0.1	-0.2467
170.85	0.1	-0.2467
170.9	0.1	-0.2467
170.95	0.1	-0.2467
171.0	0.1	-0.2466
171.05	0.1	-0.2466
171.1	0.1	-0.2466
171.15	0.1	-0.2466
171.2	0.1	-0.2465
171.25	0.1	-0.2464
171.3	0.1	-0.2461
171.35	0.1	-0.2458
171.4	0.1	-0.2457
171.45	0.1	-0.2457
171.5	0.1	-0.2454
171.55	0.1	-0.245
171.6	0.0	-0.2446
171.65	0.0	-0.2442
171.7	0.0	-0.2439
171.75	0.0	-0.2437
171.8	0.1	-0.2433
171.85	0.1	-0.2431
171.9	0.1	-0.2428
171.95	0.1	-0.2424
172.0	0.1	-0.2421
172.05	0.1	-0.2421
172.1	0.1	-0.2419
172.15	0.1	-0.2417
172.2	0.1	-0.2415
172.25	0.1	-0.2413
172.3	0.1	-0.2411
172.35	0.1	-0.2409
172.4	0.1	-0.2407
172.45	0.1	-0.2405
172.5	0.1	-0.2404
172.55	0.1	-0.2402
172.6	0.1	-0.2401
172.65	0.1	-0.24
172.7	0.1	-0.2398
172.75	0.1	-0.2397
172.8	0.1	-0.2395
172.85	0.1	-0.2394
172.9	0.1	-0.2393
172.95	0.1	-0.2391
173.0	0.1	-0.2388
173.05	0.1	-0.2386
173.1	0.1	-0.2385
173.15	0.2	-0.2383
173.2	0.2	-0.2381
173.25	0.2	-0.2378
173.3	0.2	-0.2376
173.35	0.2	-0.2376
173.4	0.2	-0.2376
173.45	0.2	-0.2374
173.5	0.2	-0.2371
173.55	0.2	-0.2369
173.6	0.2	-0.2367
173.65	0.2	-0.2365
173.7	0.2	-0.2364
173.75	0.2	-0.2364
173.8	0.2	-0.2364
173.85	0.2	-0.2365
173.9	0.2	-0.2365
173.95	0.2	-0.2365
174.0	0.2	-0.2365
174.05	0.2	-0.2365
174.1	0.2	-0.2365
174.15	0.2	-0.2365
174.2	0.2	-0.2365
174.25	0.2	-0.2365
174.3	0.2	-0.2367
174.35	0.2	-0.2367
174.4	0.2	-0.2367
174.45	0.2	-0.2367
174.5	0.2	-0.2367
174.55	0.2	-0.2367
174.6	0.2	-0.2367
174.65	0.2	-0.2366
174.7	0.2	-0.2366
174.75	0.2	-0.2363
174.8	0.2	-0.2357
174.85	0.2	-0.2353
174.9	0.2	-0.235
174.95	0.2	-0.2349
175.0	0.2	-0.2348
175.05	0.2	-0.2345
175.1	0.2	-0.2341
175.15	0.1	-0.2338
175.2	0.1	-0.2336
175.25	0.1	-0.2335
175.3	0.1	-0.2334
175.35	0.1	-0.2332
175.4	0.1	-0.233
175.45	0.1	-0.2329
175.5	0.1	-0.2327
175.55	0.1	-0.2325
175.6	0.1	-0.2322
175.65	0.1	-0.232
175.7	0.1	-0.2318
175.75	0.1	-0.2317
175.8	0.1	-0.2316
175.85	0.1	-0.2314
175.9	0.1	-0.2311
175.95	0.1	-0.2308
176.0	0.1	-0.2305
176.05	0.1	-0.2303
176.1	0.0	-0.23
176.15	0.0	-0.23
176.2	0.0	-0.2299
176.25	0.0	-0.2299
176.3	0.0	-0.2298
176.35	0.0	-0.2298
176.4	0.0	-0.2297
176.45	0.0	-0.2294
176.5	0.1	-0.2291
176.55	0.1	-0.2289
176.6	0.1	-0.2287
176.65	0.1	-0.2286
176.7	0.1	-0.2285
176.75	0.1	-0.2283
176.8	0.1	-0.2282
176.85	0.1	-0.2283
176.9	0.1	-0.2283
176.95	0.1	-0.2286
177.0	0.1	-0.2289
177.05	0.1	-0.2289
177.1	0.1	-0.2289
177.15	0.1	-0.2289
177.2	0.1	-0.2289
177.25	0.1	-0.2289
177.3	0.1	-0.2289
177.35	0.1	-0.2289
177.4	0.1	-0.2289
177.45	0.1	-0.2289
177.5	0.1	-0.2288
177.55	0.1	-0.2288
177.6	0.1	-0.2285
177.65	0.1	-0.2283
177.7	0.1	-0.2281
177.75	0.1	-0.2279
177.8	0.1	-0.2276
177.85	0.1	-0.2274
177.9	0.1	-0.2272
177.95	0.1	-0.227
178.0	0.1	-0.2268
178.05	0.1	-0.2264
178.1	0.1	-0.226
178.15	0.2	-0.2257
178.2	0.2	-0.2255
178.25	0.2	-0.2252
178.3	0.2	-0.2249
178.35	0.2	-0.2248
178.4	0.2	-0.2245
178.45	0.2	-0.224
178.5	0.2	-0.2238
178.55	0.2	-0.2237
178.6	0.3	-0.2236
178.65	0.3	-0.2234
178.7	0.3	-0.2233
178.75	0.3	-0.2233
178.8	0.3	-0.2232
178.85	0.3	-0.2231
178.9	0.3	-0.2228
178.95	0.3	-0.2225
179.0	0.3	-0.2224
179.05	0.3	-0.2224
179.1	0.3	-0.2224
179.15	0.3	-0.2224
179.2	0.3	-0.2222
179.25	0.3	-0.222
179.3	0.3	-0.2219
179.35	0.3	-0.2219
179.4	0.3	-0.2218
179.45	0.3	-0.2216
179.5	0.3	-0.2215
179.55	0.3	-0.2215
179.6	0.3	-0.2214
179.65	0.3	-0.2213
179.7	0.3	-0.221
179.75	0.3	-0.2209
179.8	0.3	-0.2208
179.85	0.3	-0.2206
179.9	0.3	-0.2204
179.95	0.3	-0.2203
180.0	0.3	-0.2201
180.05	0.3	-0.2201
180.1	0.3	-0.22
180.15	0.3	-0.2199
180.2	0.3	-0.2198
180.25	0.3	-0.2197
180.3	0.3	-0.2197
180.35	0.3	-0.2197
180.4	0.3	-0.2197
180.45	0.3	-0.2199
180.5	0.3	-0.2202
180.55	0.3	-0.2203
180.6	0.3	-0.2203
180.65	0.3	-0.2203
180.7	0.3	-0.2203
180.75	0.3	-0.2203
180.8	0.3	-0.2203
180.85	0.3	-0.2203
180.9	0.3	-0.2203
180.95	0.3	-0.2203
181.0	0.3	-0.2202
181.05	0.3	-0.2201
181.1	0.3	-0.2199
181.15	0.3	-0.2197
181.2	0.3	-0.2196
181.25	0.3	-0.2195
181.3	0.3	-0.2193
181.35	0.2	-0.219
181.4	0.2	-0.2189
181.45	0.2	-0.2187
181.5	0.2	-0.2184
181.55	0.2	-0.2182
181.6	0.2	-0.2179
181.65	0.2	-0.2178
181.7	0.2	-0.2177
181.75	0.1	-0.2176
181.8	0.1	-0.2173
181.85	0.1	-0.2171
181.9	0.1	-0.2169
181.95	0.1	-0.2168
182.0	0.1	-0.2166
182.05	0.1	-0.2164
182.1	0.1	-0.2163
182.15	0.1	-0.2161
182.2	0.1	-0.216
182.25	0.1	-0.2157
182.3	0.1	-0.2154
182.35	0.1	-0.2152
182.4	0.1	-0.215
182.45	0.1	-0.2148
182.5	0.1	-0.2147
182.55	0.1	-0.2146
182.6	0.1	-0.2145
182.65	0.1	-0.2142
182.7	0.1	-0.2141
182.75	0.1	-0.214
182.8	0.1	-0.214
182.85	0.1	-0.214
182.9	0.1	-0.2138
182.95	0.1	-0.2136
183.0	0.1	-0.2135
183.05	0.1	-0.2134
183.1	0.1	-0.2133
183.15	0.2	-0.2131
183.2	0.2	-0.213
183.25	0.2	-0.2128
183.3	0.2	-0.2127
183.35	0.2	-0.2125
183.4	0.2	-0.2122
183.45	0.3	-0.2118
183.5	0.3	-0.2115
183.55	0.4	-0.2112
183.6	0.4	-0.2109
183.65	0.4	-0.2107
183.7	0.4	-0.2105
183.75	0.5	-0.2103
183.8	0.5	-0.2102
183.85	0.5	-0.2102
183.9	0.5	-0.2102
183.95	0.5	-0.2102
184.0	0.5	-0.2102
184.05	0.5	-0.2102
184.1	0.4	-0.2105
184.15	0.4	-0.2106
184.2	0.4	-0.2106
184.25	0.4	-0.2106
184.3	0.4	-0.2106
184.35	0.4	-0.2106
184.4	0.4	-0.2106
184.45	0.4	-0.2106
184.5	0.4	-0.2106
184.55	0.4	-0.2106
184.6	0.4	-0.2106
184.65	0.4	-0.2106
184.7	0.4	-0.2106
184.75	0.4	-0.2106
184.8	0.4	-0.2106
184.85	0.4	-0.2106
184.9	0.4	-0.2106
184.95	0.4	-0.2106
185.0	0.4	-0.2106
185.05	0.4	-0.2104
185.1	0.5	-0.2102
185.15	0.5	-0.2097
185.2	0.5	-0.2094
185.25	0.6	-0.2093
185.3	0.6	-0.2092
185.35	0.6	-0.2091
185.4	0.6	-0.2091
185.45	0.6	-0.209
185.5	0.6	-0.2087
185.55	0.6	-0.2085
185.6	0.6	-0.2084
185.65	0.6	-0.2084
185.7	0.6	-0.2082
185.75	0.7	-0.208
185.8	0.7	-0.2079
185.85	0.7	-0.2077
185.9	0.7	-0.2075
185.95	0.7	-0.2075
186.0	0.7	-0.2075
186.05	0.7	-0.2074
186.1	0.7	-0.2073
186.15	0.7	-0.2071
186.2	0.7	-0.2069
186.25	0.7	-0.2067
186.3	0.7	-0.2065
186.35	0.7	-0.2064
186.4	0.7	-0.2063
186.45	0.7	-0.2062
186.5	0.7	-0.2059
186.55	0.6	-0.2055
186.6	0.6	-0.2051
186.65	0.6	-0.2049
186.7	0.6	-0.2048
186.75	0.6	-0.2047
186.8	0.6	-0.2045
186.85	0.6	-0.2044
186.9	0.5	-0.2042
186.95	0.5	-0.204
187.0	0.5	-0.2037
187.05	0.4	-0.2035
187.1	0.4	-0.2032
187.15	0.4	-0.2031
187.2	0.4	-0.2031
187.25	0.3	-0.2029
187.3	0.3	-0.2028
187.35	0.3	-0.2028
187.4	0.3	-0.2028
187.45	0.3	-0.2028
187.5	0.3	-0.2028
187.55	0.3	-0.2028
187.6	0.4	-0.2031
187.65	0.4	-0.2033
187.7	0.4	-0.2033
187.75	0.4	-0.2033
187.8	0.4	-0.2033
187.85	0.4	-0.2033
187.9	0.4	-0.2033
187.95	0.4	-0.2033
188.0	0.4	-0.2033
188.05	0.4	-0.2033
188.1	0.4	-0.2033
188.15	0.4	-0.2033
188.2	0.4	-0.2032
188.25	0.4	-0.203
188.3	0.3	-0.2028
188.35	0.3	-0.2025
188.4	0.2	-0.2021
188.45	0.2	-0.202
188.5	0.2	-0.2017
188.55	0.2	-0.2015
188.6	0.2	-0.2015
188.65	0.1	-0.2013
188.7	0.1	-0.201
188.75	0.1	-0.2007
188.8	0.1	-0.2004
188.85	0.1	-0.2004
188.9	0.1	-0.2003
188.95	0.1	-0.2
189.0	0.1	-0.1997
189.05	0.1	-0.1995
189.1	0.2	-0.1992
189.15	0.2	-0.1989
189.2	0.3	-0.1985
189.25	0.4	-0.1982
189.3	0.5	-0.1981
189.35	0.5	-0.198
189.4	0.5	-0.1979
189.45	0.7	-0.1976
189.5	0.7	-0.1975
189.55	0.8	-0.1974
189.6	0.9	-0.1972
189.65	1.0	-0.1971
189.7	1.0	-0.197
189.75	1.0	-0.197
189.8	1.1	-0.1969
189.85	1.1	-0.1969
189.9	1.1	-0.1969
189.95	1.1	-0.1969
190.0	1.2	-0.1968
190.05	1.2	-0.1968
190.1	1.3	-0.1966
190.15	1.6	-0.1964
190.2	1.7	-0.1963
190.25	1.8	-0.1963
190.3	1.8	-0.1962
190.35	2.0	-0.1961
190.4	2.1	-0.1959
190.45	2.3	-0.1957
190.5	2.5	-0.1956
190.55	2.8	-0.1953
190.6	3.1	-0.195
190.65	3.4	-0.1949
190.7	3.7	-0.1946
190.75	4.0	-0.1945
190.8	4.1	-0.1944
190.85	4.2	-0.1942
190.9	4.6	-0.1941
190.95	4.8	-0.1939
191.0	4.8	-0.1938
191.05	5.1	-0.1937
191.1	5.3	-0.1935
191.15	5.5	-0.1934
191.2	5.7	-0.1933
191.25	5.9	-0.1931
191.3	6.0	-0.1931
191.35	6.1	-0.193
191.4	6.3	-0.1928
191.45	6.7	-0.1927
191.5	6.9	-0.1925
191.55	7.4	-0.1923
191.6	7.6	-0.1921
191.65	7.7	-0.1921
191.7	8.0	-0.192
191.75	8.2	-0.1919
191.8	8.3	-0.1918
191.85	8.8	-0.1916
191.9	9.1	-0.1913
191.95	9.5	-0.1912
192.0	9.6	-0.1911
192.05	9.6	-0.1911
192.1	9.6	-0.1911
192.15	9.7	-0.191
192.2	9.9	-0.1909
192.25	10.1	-0.1908
192.3	10.4	-0.1906
192.35	10.6	-0.1905
192.4	10.7	-0.1904
192.45	11.1	-0.1902
192.5	11.2	-0.1902
192.55	11.4	-0.1901
192.6	11.4	-0.1901
192.65	11.6	-0.1899
192.7	11.9	-0.1898
192.75	11.9	-0.1897
192.8	11.9	-0.1897
192.85	11.9	-0.1898
192.9	11.8	-0.1898
192.95	11.6	-0.1898
193.0	11.5	-0.1899
193.05	11.1	-0.1902
193.1	11.0	-0.1903
193.15	11.0	-0.1903
193.2	11.0	-0.1903
193.25	11.0	-0.1903
193.3	11.0	-0.1903
193.35	11.1	-0.1903
193.4	11.0	-0.1903
193.45	11.0	-0.1903
193.5	11.0	-0.1903
193.55	11.0	-0.1903
193.6	11.0	-0.1903
193.65	11.1	-0.1903
193.7	11.0	-0.1903
193.75	11.1	-0.1903
193.8	11.0	-0.1903
193.85	11.1	-0.1903
193.9	11.1	-0.1903
193.95	11.1	-0.1903
194.0	11.1	-0.1903
194.05	11.1	-0.1903
194.1	11.1	-0.1903
194.15	11.2	-0.1902
194.2	11.3	-0.1902
194.25	11.4	-0.1902
194.3	11.4	-0.1901
194.35	11.5	-0.1901
194.4	11.7	-0.19
194.45	11.8	-0.1899
194.5	11.9	-0.1898
194.55	12.1	-0.1897
194.6	12.3	-0.1896
194.65	12.5	-0.1895
194.7	12.8	-0.1892
194.75	13.0	-0.1891
194.8	13.1	-0.189
194.85	13.2	-0.189
194.9	13.4	-0.1888
194.95	13.6	-0.1886
195.0	13.8	-0.1884
195.05	14.0	-0.1882
195.1	14.3	-0.1879
195.15	14.5	-0.1877
195.2	14.6	-0.1874
195.25	14.8	-0.1873
195.3	14.8	-0.1872
195.35	14.9	-0.1871
195.4	14.9	-0.187
195.45	14.9	-0.1868
195.5	15.1	-0.1865
195.55	15.1	-0.1863
195.6	15.0	-0.186
195.65	14.9	-0.1857
195.7	14.8	-0.1854
195.75	14.5	-0.1851
195.8	14.3	-0.1847
195.85	14.0	-0.1844
195.9	13.9	-0.1843
195.95	13.9	-0.1843
196.0	13.7	-0.1842
196.05	13.6	-0.184
196.1	13.3	-0.1838
196.15	13.2	-0.1837
196.2	13.0	-0.1835
196.25	12.6	-0.1834
196.3	12.5	-0.1833
196.35	12.5	-0.1833
196.4	12.4	-0.1832
196.45	12.2	-0.183
196.5	11.8	-0.1828
196.55	11.6	-0.1826
196.6	11.2	-0.1824
196.65	11.1	-0.1823
196.7	10.7	-0.1822
196.75	10.6	-0.1821
196.8	10.5	-0.182
196.85	10.2	-0.1818
196.9	10.0	-0.1816
196.95	9.8	-0.1815
197.0	9.7	-0.1815
197.05	9.6	-0.1814
197.1	9.5	-0.1813
197.15	9.4	-0.1812
197.2	9.3	-0.1812
197.25	9.2	-0.1811
197.3	9.1	-0.181
197.35	8.8	-0.1808
197.4	8.7	-0.1807
197.45	8.5	-0.1806
197.5	8.1	-0.1804
197.55	8.1	-0.1804
197.6	7.9	-0.1803
197.65	7.8	-0.1802
197.7	7.7	-0.1801
197.75	7.5	-0.18
197.8	7.4	-0.18
197.85	7.4	-0.18
197.9	7.3	-0.1799
197.95	7.2	-0.1798
198.0	6.7	-0.1796
198.05	6.4	-0.1795
198.1	6.2	-0.1794
198.15	6.0	-0.1792
198.2	5.8	-0.1791
198.25	5.7	-0.1791
198.3	5.5	-0.179
198.35	5.3	-0.1788
198.4	5.2	-0.1788
198.45	5.2	-0.1787
198.5	5.1	-0.1787
198.55	5.0	-0.1787
198.6	4.9	-0.1786
198.65	4.7	-0.1784
198.7	4.5	-0.1783
198.75	4.5	-0.1783
198.8	4.5	-0.1782
198.85	4.5	-0.1782
198.9	4.4	-0.1782
198.95	4.3	-0.1781
199.0	4.2	-0.178
199.05	4.0	-0.1779
199.1	4.0	-0.1778
199.15	3.8	-0.1777
199.2	3.6	-0.1776
199.25	3.5	-0.1775
199.3	3.4	-0.1774
199.35	3.3	-0.1774
199.4	3.3	-0.1774
199.45	3.2	-0.1773
199.5	3.0	-0.1772
199.55	2.9	-0.1771
199.6	2.9	-0.1771
199.65	2.8	-0.1771
199.7	2.8	-0.177
199.75	2.6	-0.1769
199.8	2.6	-0.1769
199.85	2.6	-0.1769
199.9	2.5	-0.1769
199.95	2.5	-0.1769
200.0	2.5	-0.1769
200.05	2.5	-0.1769
200.1	2.6	-0.177
200.15	2.7	-0.1771
200.2	2.7	-0.1771
200.25	2.7	-0.1771
200.3	2.7	-0.1771
200.35	2.7	-0.1771
200.4	2.7	-0.1771
200.45	2.7	-0.1771
200.5	2.7	-0.1771
200.55	2.7	-0.1771
200.6	2.7	-0.1771
200.65	2.7	-0.1771
200.7	2.7	-0.1771
200.75	2.7	-0.1771
200.8	2.7	-0.1771
200.85	2.7	-0.177
200.9	2.7	-0.177
200.95	2.6	-0.1769
201.0	2.4	-0.1768
201.05	2.2	-0.1765
201.1	1.7	-0.1761
201.15	1.7	-0.1761
201.2	1.7	-0.1761
201.25	1.6	-0.176
201.3	1.5	-0.1758
201.35	1.3	-0.1756
201.4	1.0	-0.1753
201.45	0.9	-0.175
201.5	0.8	-0.1748
201.55	0.7	-0.1746
201.6	0.6	-0.1744
201.65	0.6	-0.1743
201.7	0.5	-0.1741
201.75	0.5	-0.174
201.8	0.4	-0.174
201.85	0.4	-0.1738
201.9	0.4	-0.1738
201.95	0.3	-0.1736
202.0	0.3	-0.1734
202.05	0.2	-0.1732
202.1	0.2	-0.1731
202.15	0.2	-0.173
202.2	0.1	-0.1728
202.25	0.1	-0.1726
202.3	0.1	-0.1724
202.35	0.1	-0.1722
202.4	0.1	-0.172
202.45	0.1	-0.1719
202.5	0.1	-0.1717
202.55	0.1	-0.1716
202.6	0.1	-0.1714
202.65	0.1	-0.1714
202.7	0.1	-0.1713
202.75	0.1	-0.1712
202.8	0.1	-0.1712
202.85	0.1	-0.1711
202.9	0.1	-0.1709
202.95	0.2	-0.1707
203.0	0.2	-0.1705
203.05	0.2	-0.1704
203.1	0.2	-0.1703
203.15	0.2	-0.1702
203.2	0.2	-0.1701
203.25	0.2	-0.17
203.3	0.3	-0.1699
203.35	0.3	-0.1699
203.4	0.3	-0.1697
203.45	0.3	-0.1697
203.5	0.3	-0.1696
203.55	0.3	-0.1695
203.6	0.3	-0.1695
203.65	0.4	-0.1693
203.7	0.4	-0.1692
203.75	0.4	-0.1691
203.8	0.4	-0.169
203.85	0.4	-0.1689
203.9	0.4	-0.1688
203.95	0.4	-0.1687
204.0	0.4	-0.1687
204.05	0.4	-0.1687
204.1	0.4	-0.1686
204.15	0.5	-0.1685
204.2	0.5	-0.1683
204.25	0.5	-0.1682
204.3	0.5	-0.1682
204.35	0.5	-0.1681
204.4	0.5	-0.168
204.45	0.5	-0.1679
204.5	0.5	-0.1677
204.55	0.5	-0.1676
204.6	0.5	-0.1675
204.65	0.6	-0.1675
204.7	0.6	-0.1673
204.75	0.6	-0.1672
204.8	0.6	-0.1672
204.85	0.6	-0.1671
204.9	0.6	-0.167
204.95	0.6	-0.167
205.0	0.6	-0.1668
205.05	0.6	-0.1667
205.1	0.6	-0.1666
205.15	0.6	-0.1664
205.2	0.6	-0.1664
205.25	0.6	-0.1664
205.3	0.6	-0.1663
205.35	0.6	-0.1663
205.4	0.6	-0.1663
205.45	0.6	-0.1664
205.5	0.6	-0.1664
205.55	0.6	-0.1664
205.6	0.6	-0.1664
205.65	0.6	-0.1664
205.7	0.6	-0.1664
205.75	0.6	-0.1664
205.8	0.6	-0.1664
205.85	0.6	-0.1664
205.9	0.6	-0.1664
205.95	0.6	-0.1664
206.0	0.6	-0.1664
206.05	0.6	-0.1665
206.1	0.6	-0.1666
206.15	0.6	-0.1666
206.2	0.6	-0.1666
206.25	0.6	-0.1666
206.3	0.6	-0.1666
206.35	0.6	-0.1666
206.4	0.6	-0.1666
206.45	0.6	-0.1666
206.5	0.6	-0.1666
206.55	0.6	-0.1666
206.6	0.6	-0.1665
206.65	0.6	-0.1664
206.7	0.6	-0.1662
206.75	0.6	-0.1659
206.8	0.6	-0.1656
206.85	0.6	-0.1655
206.9	0.6	-0.1654
206.95	0.6	-0.1652
207.0	0.6	-0.165
207.05	0.5	-0.1648
207.1	0.5	-0.1647
207.15	0.5	-0.1646
207.2	0.5	-0.1645
207.25	0.5	-0.1642
207.3	0.5	-0.164
207.35	0.5	-0.1639
207.4	0.4	-0.1637
207.45	0.4	-0.1636
207.5	0.4	-0.1634
207.55	0.4	-0.1632
207.6	0.4	-0.163
207.65	0.4	-0.1629
207.7	0.4	-0.1629
207.75	0.4	-0.1629
207.8	0.4	-0.1629
207.85	0.4	-0.1627
207.9	0.3	-0.1626
207.95	0.3	-0.1625
208.0	0.3	-0.1625
208.05	0.3	-0.1625
208.1	0.3	-0.1624
208.15	0.3	-0.1623
208.2	0.3	-0.1623
208.25	0.3	-0.1623
208.3	0.3	-0.1622
208.35	0.3	-0.162
208.4	0.3	-0.1618
208.45	0.3	-0.1617
208.5	0.3	-0.1617
208.55	0.3	-0.1616
208.6	0.2	-0.1616
208.65	0.2	-0.1615
208.7	0.2	-0.1614
208.75	0.2	-0.1613
208.8	0.2	-0.1612
208.85	0.2	-0.1612
208.9	0.2	-0.1612
208.95	0.2	-0.161
209.0	0.2	-0.1609
209.05	0.2	-0.1607
209.1	0.2	-0.1606
209.15	0.2	-0.1605
209.2	0.1	-0.1605
209.25	0.1	-0.1603
209.3	0.1	-0.1603
209.35	0.1	-0.1602
209.4	0.1	-0.1602
209.45	0.1	-0.1601
209.5	0.1	-0.1599
209.55	0.1	-0.1599
209.6	0.1	-0.1598
209.65	0.1	-0.1598
209.7	0.1	-0.1598
209.75	0.1	-0.1597
209.8	0.1	-0.1595
209.85	0.1	-0.1594
209.9	0.1	-0.1592
209.95	0.1	-0.159
210.0	0.1	-0.1588
210.05	0.1	-0.1587
210.1	0.1	-0.1586
210.15	0.1	-0.1586
210.2	0.1	-0.1585
210.25	0.1	-0.1584
210.3	0.1	-0.1583
210.35	0.1	-0.1583
210.4	0.1	-0.1581
210.45	0.1	-0.158
210.5	0.1	-0.1579
210.55	0.1	-0.1579
210.6	0.0	-0.1578
210.65	0.1	-0.1578
210.7	0.1	-0.1577
210.75	0.1	-0.1575
210.8	0.1	-0.1574
210.85	0.1	-0.1574
210.9	0.1	-0.1573
210.95	0.1	-0.1572
211.0	0.1	-0.1572
211.05	0.1	-0.1571
211.1	0.1	-0.1571
211.15	0.1	-0.1571
211.2	0.1	-0.157
211.25	0.1	-0.157
211.3	0.1	-0.157
211.35	0.1	-0.157
211.4	0.1	-0.157
211.45	0.1	-0.1568
211.5	0.1	-0.1567
211.55	0.1	-0.1566
211.6	0.1	-0.1566
211.65	0.1	-0.1565
211.7	0.1	-0.1564
211.75	0.1	-0.1564
211.8	0.1	-0.1563
211.85	0.1	-0.1563
211.9	0.1	-0.1563
211.95	0.1	-0.1562
212.0	0.1	-0.1561
212.05	0.1	-0.1561
212.1	0.1	-0.156
212.15	0.1	-0.1559
212.2	0.1	-0.1558
212.25	0.1	-0.1558
212.3	0.1	-0.1557
212.35	0.1	-0.1557
212.4	0.1	-0.1557
212.45	0.1	-0.1558
212.5	0.1	-0.1558
212.55	0.1	-0.1558
212.6	0.1	-0.1558
212.65	0.1	-0.156
212.7	0.1	-0.156
212.75	0.1	-0.156
212.8	0.1	-0.156
212.85	0.1	-0.156
212.9	0.1	-0.156
212.95	0.1	-0.1561
213.0	0.1	-0.1564
213.05	0.1	-0.1564
213.1	0.1	-0.1564
213.15	0.1	-0.1564
213.2	0.1	-0.1564
213.25	0.1	-0.1564
213.3	0.1	-0.1564
213.35	0.1	-0.1564
213.4	0.1	-0.1564
213.45	0.1	-0.1564
213.5	0.1	-0.1564
213.55	0.1	-0.1564
213.6	0.1	-0.1564
213.65	0.1	-0.1564
213.7	0.1	-0.1564
213.75	0.1	-0.1563
213.8	0.1	-0.1563
213.85	0.1	-0.1563
213.9	0.1	-0.1562
213.95	0.1	-0.1561
214.0	0.1	-0.1561
214.05	0.1	-0.1561
214.1	0.1	-0.1561
214.15	0.1	-0.1561
214.2	0.1	-0.1561
214.25	0.1	-0.1561
214.3	0.1	-0.1561
214.35	0.1	-0.1561
214.4	0.1	-0.1561
214.45	0.1	-0.1561
214.5	0.1	-0.1561
214.55	0.1	-0.156
214.6	0.1	-0.1557
214.65	0.1	-0.1556
214.7	0.1	-0.1555
214.75	0.1	-0.1554
214.8	0.1	-0.1553
214.85	0.1	-0.1551
214.9	0.1	-0.155
214.95	0.1	-0.1549
215.0	0.1	-0.1548
215.05	0.1	-0.1545
215.1	0.1	-0.1543
215.15	0.1	-0.1541
215.2	0.1	-0.154
215.25	0.1	-0.154
215.3	0.1	-0.154
215.35	0.1	-0.1539
215.4	0.1	-0.1539
215.45	0.1	-0.1537
215.5	0.1	-0.1536
215.55	0.1	-0.1535
215.6	0.1	-0.1534
215.65	0.1	-0.1533
215.7	0.1	-0.1532
215.75	0.2	-0.153
215.8	0.2	-0.1528
215.85	0.2	-0.1527
215.9	0.2	-0.1526
215.95	0.2	-0.1526
216.0	0.2	-0.1526
216.05	0.2	-0.1523
216.1	0.2	-0.1521
216.15	0.2	-0.152
216.2	0.2	-0.1519
216.25	0.2	-0.1519
216.3	0.2	-0.1519
216.35	0.2	-0.1517
216.4	0.2	-0.1516
216.45	0.2	-0.1516
216.5	0.2	-0.1515
216.55	0.2	-0.1514
216.6	0.2	-0.1512
216.65	0.2	-0.1512
216.7	0.2	-0.1511
216.75	0.2	-0.151
216.8	0.2	-0.151
216.85	0.2	-0.1509
216.9	0.2	-0.1507
216.95	0.2	-0.1506
217.0	0.2	-0.1504
217.05	0.2	-0.1504
217.1	0.2	-0.1503
217.15	0.2	-0.1502
217.2	0.2	-0.1501
217.25	0.2	-0.15
217.3	0.2	-0.1499
217.35	0.2	-0.1498
217.4	0.2	-0.1497
217.45	0.2	-0.1497
217.5	0.2	-0.1496
217.55	0.2	-0.1495
217.6	0.2	-0.1494
217.65	0.2	-0.1492
217.7	0.2	-0.149
217.75	0.2	-0.149
217.8	0.2	-0.1489
217.85	0.2	-0.1489
217.9	0.2	-0.1488
217.95	0.2	-0.1487
218.0	0.2	-0.1486
218.05	0.2	-0.1486
218.1	0.2	-0.1486
218.15	0.2	-0.1484
218.2	0.2	-0.1483
218.25	0.1	-0.1482
218.3	0.1	-0.1482
218.35	0.1	-0.1482
218.4	0.1	-0.1482
218.45	0.1	-0.148
218.5	0.1	-0.1478
218.55	0.1	-0.1476
218.6	0.1	-0.1474
218.65	0.1	-0.1474
218.7	0.1	-0.1473
218.75	0.1	-0.1473
218.8	0.1	-0.1471
218.85	0.1	-0.147
218.9	0.1	-0.1468
218.95	0.1	-0.1467
219.0	0.1	-0.1466
219.05	0.1	-0.1465
219.1	0.1	-0.1464
219.15	0.1	-0.1464
219.2	0.1	-0.1464
219.25	0.1	-0.1464
219.3	0.1	-0.1464
219.35	0.1	-0.1464
219.4	0.1	-0.1464
219.45	0.1	-0.1464
219.5	0.1	-0.1464
219.55	0.1	-0.1464
219.6	0.1	-0.1464
219.65	0.1	-0.1464
219.7	0.1	-0.1464
219.75	0.1	-0.1464
219.8	0.1	-0.1464
219.85	0.1	-0.1464
219.9	0.1	-0.1464
219.95	0.1	-0.1464
220.0	0.1	-0.1464
220.05	0.1	-0.1464
220.1	0.1	-0.1464
220.15	0.1	-0.1464
220.2	0.1	-0.1464
220.25	0.1	-0.1464
220.3	0.1	-0.1464
220.35	0.1	-0.1464
220.4	0.1	-0.1464
220.45	0.1	-0.1464
220.5	0.1	-0.1464
220.55	0.1	-0.1464
220.6	0.1	-0.146
220.65	0.1	-0.1458
220.7	0.1	-0.1456
220.75	0.1	-0.1453
220.8	0.1	-0.145
220.85	0.1	-0.1447
220.9	0.1	-0.1444
220.95	0.1	-0.1441
221.0	0.1	-0.144
221.05	0.1	-0.144
221.1	0.1	-0.1439
221.15	0.1	-0.1437
221.2	0.1	-0.1435
221.25	0.1	-0.1434
221.3	0.0	-0.1433
221.35	0.0	-0.1433
221.4	0.1	-0.1433
221.45	0.0	-0.1432
221.5	0.0	-0.1432
221.55	0.0	-0.1432
221.6	0.0	-0.1432
221.65	0.0	-0.1432
221.7	0.0	-0.1431
221.75	0.0	-0.1429
221.8	0.0	-0.1429
221.85	0.0	-0.1428
221.9	0.0	-0.1428
221.95	0.0	-0.1427
222.0	0.0	-0.1425
222.05	0.0	-0.1423
222.1	0.0	-0.1421
222.15	0.0	-0.142
222.2	0.0	-0.142
222.25	0.0	-0.1419
222.3	0.0	-0.1417
222.35	0.1	-0.1416
222.4	0.1	-0.1414
222.45	0.1	-0.1412
222.5	0.1	-0.141
222.55	0.1	-0.1409
222.6	0.1	-0.1408
222.65	0.1	-0.1408
222.7	0.1	-0.1408
222.75	0.1	-0.1407
222.8	0.1	-0.1407
222.85	0.1	-0.1407
222.9	0.1	-0.1406
222.95	0.1	-0.1404
223.0	0.1	-0.1403
223.05	0.1	-0.1402
223.1	0.1	-0.14
223.15	0.1	-0.1399
223.2	0.1	-0.1398
223.25	0.1	-0.1398
223.3	0.1	-0.1398
223.35	0.1	-0.1398
223.4	0.1	-0.1398
223.45	0.1	-0.14
223.5	0.1	-0.1401
223.55	0.1	-0.1401
223.6	0.1	-0.1401
223.65	0.1	-0.1401
223.7	0.1	-0.1401
223.75	0.1	-0.1401
223.8	0.1	-0.1401
223.85	0.1	-0.1401
223.9	0.1	-0.1401
223.95	0.1	-0.1401
224.0	0.1	-0.1401
224.05	0.1	-0.1401
224.1	0.1	-0.1401
224.15	0.1	-0.1401
224.2	0.1	-0.14
224.25	0.1	-0.14
224.3	0.1	-0.1399
224.35	0.1	-0.1399
224.4	0.1	-0.1399
224.45	0.1	-0.1397
224.5	0.1	-0.1396
224.55	0.1	-0.1396
224.6	0.1	-0.1395
224.65	0.1	-0.1393
224.7	0.1	-0.1388
224.75	0.1	-0.1385
224.8	0.1	-0.1383
224.85	0.1	-0.1382
224.9	0.1	-0.1381
224.95	0.1	-0.1379
225.0	0.1	-0.1377
225.05	0.1	-0.1375
225.1	0.1	-0.1372
225.15	0.1	-0.1371
225.2	0.1	-0.137
225.25	0.1	-0.1368
225.3	0.1	-0.1367
225.35	0.1	-0.1365
225.4	0.1	-0.1363
225.45	0.1	-0.1363
225.5	0.1	-0.136
225.55	0.1	-0.1357
225.6	0.1	-0.1356
225.65	0.1	-0.1355
225.7	0.1	-0.1353
225.75	0.1	-0.1351
225.8	0.1	-0.135
225.85	0.1	-0.135
225.9	0.1	-0.1348
225.95	0.1	-0.1347
226.0	0.1	-0.1347
226.05	0.1	-0.1347
226.1	0.1	-0.1346
226.15	0.1	-0.1345
226.2	0.1	-0.1344
226.25	0.1	-0.1343
226.3	0.1	-0.1341
226.35	0.1	-0.1341
226.4	0.1	-0.134
226.45	0.1	-0.1336
226.5	0.1	-0.1336
226.55	0.1	-0.1335
226.6	0.1	-0.1333
226.65	0.1	-0.1332
226.7	0.1	-0.133
226.75	0.1	-0.1328
226.8	0.1	-0.1326
226.85	0.1	-0.1324
226.9	0.1	-0.1323
226.95	0.1	-0.132
227.0	0.1	-0.1318
227.05	0.1	-0.1316
227.1	0.1	-0.1313
227.15	0.1	-0.1312
227.2	0.1	-0.1312
227.25	0.1	-0.131
227.3	0.1	-0.1309
227.35	0.1	-0.1306
227.4	0.1	-0.1305
227.45	0.1	-0.1303
227.5	0.1	-0.13
227.55	0.0	-0.1299
227.6	0.0	-0.1298
227.65	0.0	-0.1297
227.7	0.0	-0.1296
227.75	0.0	-0.1295
227.8	0.0	-0.1292
227.85	0.0	-0.1291
227.9	0.0	-0.1291
227.95	0.0	-0.1291
228.0	0.0	-0.1291
228.05	0.0	-0.1291
228.1	0.0	-0.1292
228.15	0.0	-0.1293
228.2	0.0	-0.1293
228.25	0.0	-0.1293
228.3	0.0	-0.1293
228.35	0.0	-0.1293
228.4	0.0	-0.1293
228.45	0.0	-0.1293
228.5	0.0	-0.1293
228.55	0.0	-0.1293
228.6	0.0	-0.1293
228.65	0.0	-0.1293
228.7	0.0	-0.1293
228.75	0.0	-0.1293
228.8	0.0	-0.1293
228.85	0.0	-0.1293
228.9	0.0	-0.1293
228.95	0.0	-0.1293
229.0	0.0	-0.1293
229.05	0.0	-0.1293
229.1	0.0	-0.1293
229.15	0.0	-0.1292
229.2	0.0	-0.1292
229.25	0.0	-0.1291
229.3	0.0	-0.1286
229.35	0.0	-0.1281
229.4	0.0	-0.1279
229.45	0.0	-0.1275
229.5	0.0	-0.127
229.55	0.0	-0.1266
229.6	0.1	-0.1261
229.65	0.1	-0.1257
229.7	0.1	-0.1251
229.75	0.1	-0.1246
229.8	0.1	-0.1244
229.85	0.1	-0.1241
229.9	0.1	-0.1239
229.95	0.1	-0.1237
230.0	0.1	-0.1236
230.05	0.1	-0.1235
230.1	0.1	-0.1235
230.15	0.1	-0.1234
230.2	0.1	-0.1232
230.25	0.1	-0.1231
230.3	0.1	-0.123
230.35	0.1	-0.1228
230.4	0.1	-0.1225
230.45	0.1	-0.1224
230.5	0.1	-0.1221
230.55	0.1	-0.122
230.6	0.1	-0.122
230.65	0.1	-0.1218
230.7	0.1	-0.1215
230.75	0.1	-0.1212
230.8	0.1	-0.1209
230.85	0.1	-0.1207
230.9	0.1	-0.1205
230.95	0.1	-0.1203
231.0	0.1	-0.1201
231.05	0.1	-0.12
231.1	0.1	-0.1198
231.15	0.1	-0.1194
231.2	0.1	-0.119
231.25	0.1	-0.1186
231.3	0.1	-0.1184
231.35	0.1	-0.1184
231.4	0.1	-0.1183
231.45	0.1	-0.1183
231.5	0.1	-0.1183
231.55	0.1	-0.1183
231.6	0.1	-0.1183
231.65	0.1	-0.1185
231.7	0.1	-0.1187
231.75	0.1	-0.1187
231.8	0.1	-0.1187
231.85	0.1	-0.1187
231.9	0.1	-0.1187
231.95	0.1	-0.1187
232.0	0.1	-0.1187
232.05	0.1	-0.1187
232.1	0.1	-0.1187
232.15	0.1	-0.1187
232.2	0.1	-0.1187
232.25	0.1	-0.1187
232.3	0.1	-0.1187
232.35	0.1	-0.1187
232.4	0.1	-0.1183
232.45	0.1	-0.1179
232.5	0.1	-0.1175
232.55	0.1	-0.117
232.6	0.1	-0.1167
232.65	0.0	-0.1163
232.7	0.0	-0.1156
232.75	0.0	-0.1151
232.8	0.0	-0.1146
232.85	0.0	-0.1142
232.9	0.0	-0.1139
232.95	0.0	-0.1136
233.0	0.0	-0.1132
233.05	0.0	-0.1129
233.1	0.0	-0.1127
233.15	0.0	-0.1124
233.2	0.0	-0.1121
233.25	0.0	-0.112
233.3	0.0	-0.1117
233.35	0.0	-0.1113
233.4	0.1	-0.1109
233.45	0.1	-0.1105
233.5	0.1	-0.1102
233.55	0.1	-0.11
233.6	0.1	-0.1097
233.65	0.1	-0.1095
233.7	0.1	-0.1094
233.75	0.1	-0.1092
233.8	0.1	-0.1091
233.85	0.1	-0.1091
233.9	0.1	-0.1091
233.95	0.1	-0.1091
234.0	0.1	-0.1091
234.05	0.1	-0.1091
234.1	0.1	-0.1094
234.15	0.1	-0.1095
234.2	0.1	-0.1096
234.25	0.1	-0.1096
234.3	0.1	-0.1096
234.35	0.1	-0.1096
234.4	0.1	-0.1096
234.45	0.1	-0.1096
234.5	0.1	-0.1096
234.55	0.1	-0.1097
234.6	0.1	-0.1097
234.65	0.1	-0.1097
234.7	0.1	-0.1097
234.75	0.1	-0.1097
234.8	0.1	-0.1097
234.85	0.1	-0.1097
234.9	0.1	-0.1097
234.95	0.1	-0.1096
235.0	0.1	-0.1096
235.05	0.1	-0.1091
235.1	0.1	-0.1084
235.15	0.1	-0.1079
235.2	0.1	-0.1074
235.25	0.1	-0.1068
235.3	0.1	-0.1063
235.35	0.1	-0.1058
235.4	0.1	-0.1054
235.45	0.1	-0.1051
235.5	0.1	-0.1047
235.55	0.1	-0.1044
235.6	0.1	-0.1042
235.65	0.1	-0.1039
235.7	0.1	-0.1037
235.75	0.1	-0.1035
235.8	0.1	-0.1032
235.85	0.1	-0.1029
235.9	0.0	-0.1025
235.95	0.0	-0.1022
236.0	0.0	-0.1021
236.05	0.0	-0.102
236.1	0.0	-0.102
236.15	0.0	-0.1021
236.2	0.0	-0.1021
236.25	0.0	-0.1022
236.3	0.0	-0.1023
236.35	0.0	-0.1025
236.4	0.0	-0.1025
236.45	0.0	-0.1025
236.5	0.0	-0.1025
236.55	0.0	-0.1025
236.6	0.0	-0.1025
236.65	0.0	-0.1025
236.7	0.0	-0.1025
236.75	0.0	-0.1025
236.8	0.0	-0.1025
236.85	0.0	-0.1024
236.9	0.0	-0.1024
236.95	0.0	-0.1023
237.0	0.0	-0.1023
237.05	0.0	-0.1023
237.1	0.0	-0.1023
237.15	0.0	-0.1022
237.2	0.0	-0.102
237.25	0.0	-0.1018
237.3	0.0	-0.1017
237.35	0.0	-0.1014
237.4	0.0	-0.1011
237.45	0.0	-0.1007
237.5	0.0	-0.1003
237.55	0.0	-0.0999
237.6	0.0	-0.0994
237.65	0.0	-0.0989
237.7	0.0	-0.0986
237.75	0.0	-0.0983
237.8	0.0	-0.0981
237.85	0.0	-0.0978
237.9	0.0	-0.0976
237.95	0.0	-0.0973
238.0	0.0	-0.097
238.05	0.0	-0.0969
238.1	0.0	-0.0966
238.15	0.0	-0.0964
238.2	0.0	-0.0963
238.25	0.0	-0.0963
238.3	0.0	-0.0963
238.35	0.0	-0.0963
238.4	0.0	-0.0964
238.45	0.0	-0.0966
238.5	0.0	-0.0967
238.55	0.0	-0.0967
238.6	0.0	-0.0967
238.65	0.0	-0.0967
238.7	0.0	-0.0967
238.75	0.0	-0.0967
238.8	0.0	-0.0967
238.85	0.0	-0.0967
238.9	0.0	-0.0967
238.95	0.0	-0.0967
239.0	0.0	-0.0967
239.05	0.0	-0.0966
239.1	0.0	-0.0966
239.15	0.0	-0.0965
239.2	0.0	-0.0964
239.25	0.0	-0.0963
239.3	0.0	-0.0961
239.35	0.0	-0.0958
239.4	0.0	-0.0954
239.45	0.0	-0.0949
239.5	0.1	-0.0945
239.55	0.1	-0.0941
239.6	0.1	-0.0936
239.65	0.1	-0.0931
239.7	0.1	-0.0926
239.75	0.1	-0.0921
239.8	0.1	-0.0918
239.85	0.1	-0.0916
239.9	0.1	-0.0915
239.95	0.1	-0.0914
240.0	0.1	-0.0911
240.05	0.1	-0.0909
240.1	0.1	-0.0906
240.15	0.1	-0.0903
240.2	0.1	-0.09
240.25	0.1	-0.0898
240.3	0.1	-0.0897
240.35	0.1	-0.0896
240.4	0.1	-0.0893
240.45	0.1	-0.0891
240.5	0.1	-0.0889
240.55	0.0	-0.0885
240.6	0.0	-0.0881
240.65	0.0	-0.0877
240.7	0.0	-0.0874
240.75	0.0	-0.0871
240.8	0.0	-0.0868
240.85	0.0	-0.0865
240.9	0.0	-0.0863
240.95	0.0	-0.0863
241.0	0.0	-0.0863
241.05	0.0	-0.0863
241.1	0.0	-0.0863
241.15	0.0	-0.0864
241.2	0.0	-0.0865
241.25	0.0	-0.0865
241.3	0.0	-0.0865
241.35	0.0	-0.0865
241.4	0.0	-0.0865
241.45	0.0	-0.0865
241.5	0.0	-0.0865
241.55	0.0	-0.0865
241.6	0.0	-0.0865
241.65	0.0	-0.0865
241.7	0.0	-0.0865
241.75	0.0	-0.0865
241.8	0.0	-0.0865
241.85	0.0	-0.0865
241.9	0.0	-0.0865
241.95	0.0	-0.0865
242.0	0.0	-0.0865
242.05	0.0	-0.0864
242.1	0.0	-0.0864
242.15	0.0	-0.0864
242.2	0.0	-0.0861
242.25	0.0	-0.0851
242.3	0.0	-0.0846
242.35	0.0	-0.0841
242.4	0.0	-0.0836
242.45	0.0	-0.0834
242.5	0.0	-0.0827
242.55	0.0	-0.0822
242.6	0.0	-0.0817
242.65	0.0	-0.0812
242.7	0.0	-0.0807
242.75	0.0	-0.0801
242.8	0.0	-0.0796
242.85	0.0	-0.0792
242.9	0.0	-0.0787
242.95	0.0	-0.0783
243.0	0.0	-0.078
243.05	0.0	-0.0779
243.1	0.0	-0.0778
243.15	0.0	-0.0778
243.2	0.0	-0.0778
243.25	0.0	-0.0778
243.3	0.0	-0.0779
243.35	0.0	-0.078
243.4	0.0	-0.0783
243.45	0.0	-0.0783
243.5	0.0	-0.0783
243.55	0.0	-0.0783
243.6	0.0	-0.0783
243.65	0.0	-0.0783
243.7	0.0	-0.0783
243.75	0.0	-0.0783
243.8	0.0	-0.0783
243.85	0.0	-0.0783
243.9	0.0	-0.0782
243.95	0.0	-0.0782
244.0	0.0	-0.0781
244.05	0.1	-0.0779
244.1	0.0	-0.0776
244.15	0.0	-0.0771
244.2	0.0	-0.0763
244.25	0.0	-0.0755
244.3	0.0	-0.0748
244.35	0.0	-0.074
244.4	0.0	-0.0731
244.45	0.0	-0.0725
244.5	0.0	-0.0721
244.55	0.0	-0.0717
244.6	0.0	-0.0715
244.65	0.0	-0.0711
244.7	0.0	-0.0706
244.75	0.0	-0.0703
244.8	0.0	-0.0701
244.85	0.0	-0.07
244.9	0.0	-0.0701
244.95	0.0	-0.0704
245.0	0.0	-0.0706
245.05	0.0	-0.071
245.1	0.0	-0.071
245.15	0.0	-0.0709
245.2	0.0	-0.0709
245.25	0.0	-0.0709
245.3	0.0	-0.071
245.35	0.0	-0.071
245.4	0.0	-0.0709
245.45	0.0	-0.0706
245.5	0.0	-0.0701
245.55	0.0	-0.0697
245.6	0.0	-0.0691
245.65	0.0	-0.0684
245.7	0.0	-0.0676
245.75	0.0	-0.0665
245.8	0.0	-0.0652
245.85	0.0	-0.0644
245.9	0.0	-0.0637
245.95	0.0	-0.0631
246.0	0.0	-0.063
246.05	0.0	-0.063
246.1	0.0	-0.0631
246.15	0.0	-0.0635
246.2	0.0	-0.0636
246.25	0.0	-0.0636
246.3	0.0	-0.0636
246.35	0.0	-0.0636
246.4	0.0	-0.0636
246.45	0.0	-0.0636
246.5	0.0	-0.0636
246.55	0.0	-0.0635
246.6	0.0	-0.0635
246.65	0.0	-0.0633
246.7	0.0	-0.0628
246.75	0.0	-0.062
246.8	0.0	-0.0611
246.85	0.0	-0.0602
246.9	0.0	-0.0594
246.95	0.0	-0.0589
247.0	0.0	-0.0581
247.05	0.0	-0.0574
247.1	0.0	-0.0568
247.15	0.0	-0.0561
247.2	0.0	-0.0559
247.25	0.0	-0.0559
247.3	0.0	-0.0559
247.35	0.0	-0.056
247.4	0.0	-0.0564
247.45	0.0	-0.0564
247.5	0.0	-0.0564
247.55	0.0	-0.0564
247.6	0.0	-0.0564
247.65	0.0	-0.0564
247.7	0.0	-0.0564
247.75	0.0	-0.0563
247.8	0.0	-0.056
247.85	0.0	-0.0557
247.9	0.0	-0.0547
247.95	0.0	-0.054
248.0	0.0	-0.0534
248.05	0.0	-0.0527
248.1	0.0	-0.0522
248.15	0.0	-0.0517
248.2	0.0	-0.051
248.25	0.0	-0.0504
248.3	0.0	-0.0501
248.35	0.0	-0.0499
248.4	0.0	-0.0499
248.45	0.0	-0.05
248.5	0.0	-0.0502
248.55	0.0	-0.0502
248.6	0.0	-0.0502
248.65	0.0	-0.0502
248.7	0.0	-0.0502
248.75	0.0	-0.0502
248.8	0.0	-0.0501
248.85	0.0	-0.0497
248.9	0.0	-0.0486
248.95	0.0	-0.0475
249.0	0.0	-0.0467
249.05	0.0	-0.0461
249.1	0.0	-0.0452
249.15	0.0	-0.0444
249.2	0.0	-0.0436
249.25	0.0	-0.0434
249.3	0.0	-0.0434
249.35	0.0	-0.0435
249.4	0.0	-0.0439
249.45	0.0	-0.0439
249.5	0.0	-0.0439
249.55	0.0	-0.0439
249.6	0.0	-0.0439
249.65	0.0	-0.0438
249.7	0.0	-0.0436
249.75	0.0	-0.0429
249.8	0.0	-0.042
249.85	0.0	-0.0411
249.9	0.0	-0.0404
249.95	0.0	-0.0398
250.0	0.0	-0.0392
250.05	0.0	-0.0385
250.1	0.0	-0.038
250.15	0.0	-0.0375
250.2	0.0	-0.0373
250.25	0.0	-0.0374
250.3	0.0	-0.0376
250.35	0.0	-0.0377
250.4	0.0	-0.0377
250.45	0.0	-0.0377
250.5	0.0	-0.0377
250.55	0.0	-0.0377
250.6	0.0	-0.0376
250.65	0.0	-0.0374
250.7	0.0	-0.0368
250.75	0.0	-0.0363
250.8	0.0	-0.0358
250.85	0.0	-0.0353
250.9	0.0	-0.0347
250.95	0.0	-0.0339
251.0	0.0	-0.0333
251.05	0.0	-0.0326
251.1	0.0	-0.0321
251.15	0.0	-0.0319
251.2	0.0	-0.0319
251.25	0.0	-0.032
251.3	0.0	-0.0321
251.35	0.0	-0.0322
251.4	0.0	-0.0322
251.45	0.0	-0.0322
251.5	0.0	-0.0322
251.55	0.0	-0.0321
251.6	0.0	-0.0319
251.65	0.0	-0.031
251.7	0.0	-0.0301
251.75	0.0	-0.0292
251.8	0.0	-0.0285
251.85	0.0	-0.0274
251.9	0.0	-0.0268
251.95	0.0	-0.0262
252.0	0.0	-0.0259
252.05	0.0	-0.0259
252.1	0.0	-0.0259
252.15	0.0	-0.0261
252.2	0.0	-0.0262
252.25	0.0	-0.0262
252.3	0.0	-0.0262
252.35	0.0	-0.0262
252.4	0.0	-0.026
252.45	0.0	-0.0256
252.5	0.0	-0.0246
252.55	0.0	-0.0238
252.6	0.0	-0.0231
252.65	0.0	-0.0222
252.7	0.0	-0.0213
252.75	0.0	-0.0207
252.8	0.0	-0.0199
252.85	0.0	-0.0194
252.9	0.0	-0.0194
252.95	0.0	-0.0194
253.0	0.0	-0.0195
253.05	0.0	-0.0195
253.1	0.0	-0.0195
253.15	0.0	-0.0195
253.2	0.0	-0.0195
253.25	0.0	-0.019
253.3	0.0	-0.0177
253.35	0.0	-0.0167
253.4	0.0	-0.0154
253.45	0.0	-0.0144
253.5	0.0	-0.0133
253.55	0.0	-0.0123
253.6	0.0	-0.0119
253.65	0.0	-0.0119
253.7	0.0	-0.0119
253.75	0.0	-0.0119
253.8	0.0	-0.0119
253.85	0.0	-0.012
253.9	0.0	-0.012
253.95	0.0	-0.0119
254.0	0.0	-0.0116
254.05	0.0	-0.0106
254.1	0.0	-0.0094
254.15	0.0	-0.0081
254.2	0.0	-0.0071
254.25	0.0	-0.0062
254.3	0.0	-0.0054
254.35	0.0	-0.0046
254.4	0.0	-0.0034
254.45	0.0	-0.0026
254.5	0.0	-0.0017
254.55	0.0	-0.00096562
254.6	0.0	-0.0002625
254.65	0.0	2.5788e-15
254.7	0.0	2.5788e-15
254.75	0.0	2.5788e-15
254.8	0.0	2.5788e-15
254.85	0.0	2.5788e-15
254.9	0.0	2.5788e-15
254.95	0.0	2.5788e-15
255.0	0.0	2.5788e-15
255.05	0.0	2.5788e-15
255.1	0.0	1.875e-05
255.15	0.0	3.75e-05
255.2	0.0	3.75e-05
255.25	0.0	2.8125e-05
255.3	0.0	2.5788e-15
255.35	0.0	2.5788e-15
255.4	0.0	2.5788e-15
255.45	0.0	2.5788e-15
255.5	0.0	2.5788e-15
255.55	0.0	2.5788e-15
255.6	0.0	2.5788e-15
255.65	0.0	2.5788e-15
255.7	0.0	1.875e-05
255.75	0.0	3.75e-05
255.8	0.0	3.75e-05
255.85	0.0	3.75e-05
255.9	0.0	3.75e-05
255.95	0.0	3.75e-05
256.0	0.0	2.5788e-15
256.05	0.0	2.5788e-15
256.1	0.0	2.5788e-15
256.15	0.0	2.5788e-15
256.2	0.0	2.5788e-15
256.25	0.0	2.5788e-15
256.3	0.0	2.5788e-15
256.35	0.0	2.5788e-15
256.4	0.0	2.5788e-15
256.45	0.0	2.5788e-15
256.5	0.0	2.5788e-15
256.55	0.0	2.5788e-15
256.6	0.0	2.5788e-15
256.65	0.0	2.5788e-15
256.7	0.0	2.5788e-15
256.75	0.0	2.5788e-15
256.8	0.0	2.5788e-15
256.85	0.0	2.5788e-15
256.9	0.0	2.5788e-15
256.95	0.0	2.5788e-15
257.0	0.0	2.5788e-15
257.05	0.0	2.5788e-15
257.1	0.0	2.5788e-15
257.15	0.0	2.5788e-15
257.2	0.0	2.5788e-15
257.25	0.0	2.5788e-15
257.3	0.0	2.5788e-15
257.35	0.0	2.5788e-15
257.4	0.0	2.5788e-15
257.45	0.0	2.5788e-15
257.5	0.0	2.5788e-15
257.55	0.0	2.5788e-15
257.6	0.0	2.5788e-15
257.65	0.0	2.5788e-15
257.7	0.0	2.5788e-15
257.75	0.0	2.5788e-15
257.8	0.0	2.5788e-15
257.85	0.0	2.5788e-15
257.9	0.0	2.5788e-15
257.95	0.0	2.5788e-15
258.0	0.0	2.5788e-15
258.05	0.0	2.5788e-15
258.1	0.0	2.5788e-15
258.15	0.0	2.5788e-15
258.2	0.0	2.5788e-15
258.25	0.0	2.5788e-15
258.3	0.0	2.5788e-15
258.35	0.0	2.5788e-15
258.4	0.0	2.5788e-15
258.45	0.0	2.5788e-15
258.5	0.0	2.5788e-15
258.55	0.0	2.5788e-15
258.6	0.0	2.5788e-15
258.65	0.0	2.5788e-15
258.7	0.0	2.5788e-15
258.75	0.0	2.5788e-15
258.8	0.0	2.5788e-15
258.85	0.0	2.5788e-15
258.9	0.0	2.5788e-15
258.95	0.0	2.5788e-15
259.0	0.0	2.5788e-15
259.05	0.0	2.5788e-15
259.1	0.0	2.5788e-15
259.15	0.0	2.5788e-15
259.2	0.0	2.5788e-15
259.25	0.0	2.5788e-15
259.3	0.0	2.5788e-15
259.35	0.0	2.5788e-15
259.4	0.0	2.5788e-15
259.45	0.0	2.5788e-15
259.5	0.0	2.5788e-15
259.55	0.0	2.5788e-15
259.6	0.0	2.5788e-15
259.65	0.0	2.5788e-15
259.7	0.0	2.5788e-15
259.75	0.0	2.5788e-15
259.8	0.0	2.5788e-15
259.85	0.0	2.5788e-15
259.9	0.0	2.5788e-15
259.95	0.0	2.5788e-15
260.0	0.0	2.5788e-15
260.05	0.0	2.5788e-15
260.1	0.0	2.5788e-15
260.15	0.0	2.5788e-15
260.2	0.0	2.5788e-15
260.25	0.0	2.5788e-15
260.3	0.0	2.5788e-15
260.35	0.0	2.5788e-15
260.4	0.0	2.5788e-15
260.45	0.0	2.5788e-15
260.5	0.0	2.5788e-15
260.55	0.0	2.5788e-15
260.6	0.0	2.5788e-15
260.65	0.0	2.5788e-15
260.7	0.0	2.5788e-15
260.75	0.0	2.5788e-15
260.8	0.0	2.5788e-15
260.85	0.0	2.5788e-15
260.9	0.0	2.5788e-15
260.95	0.0	2.5788e-15
261.0	0.0	2.5788e-15
261.05	0.0	2.5788e-15
261.1	0.0	2.5788e-15
261.15	0.0	2.5788e-15
261.2	0.1	2.5788e-15
261.25	0.1	2.5788e-15
261.3	0.1	2.5788e-15
261.35	0.1	2.5788e-15
261.4	0.1	2.5788e-15
261.45	0.1	2.5788e-15
261.5	0.1	2.5788e-15
261.55	0.0	2.5788e-15
261.6	0.1	2.5788e-15
261.65	0.1	2.5788e-15
261.7	0.1	2.5788e-15
261.75	0.1	2.5788e-15
261.8	0.1	2.5788e-15
261.85	0.1	2.5788e-15
261.9	0.1	2.5788e-15
261.95	0.1	2.5788e-15
262.0	0.1	2.5788e-15
262.05	0.1	2.5788e-15
262.1	0.1	2.5788e-15
262.15	0.1	2.5788e-15
262.2	0.1	2.5788e-15
262.25	0.1	2.5788e-15
262.3	0.1	2.5788e-15
262.35	0.0	2.5788e-15
262.4	0.1	2.5788e-15
262.45	0.0	2.5788e-15
262.5	0.0	2.5788e-15
262.55	0.0	2.5788e-15
262.6	0.0	2.5788e-15
262.65	0.0	2.5788e-15
262.7	0.0	2.5788e-15
262.75	0.0	2.5788e-15
262.8	0.0	2.5788e-15
262.85	0.0	2.5788e-15
262.9	0.0	2.5788e-15
262.95	0.0	2.5788e-15
263.0	0.0	2.5788e-15
263.05	0.0	2.5788e-15
263.1	0.0	2.5788e-15
263.15	0.0	2.5788e-15
263.2	0.0	2.5788e-15
263.25	0.0	2.5788e-15
263.3	0.0	2.5788e-15
