t	I	a	y
0.0	0.09128	0.0	0.0
0.05	0.09134	0.0	0.0
0.1	0.09131	0.0	0.0
0.15	0.09135	0.0	0.0
0.2	0.09134	0.0	0.0
0.25	0.09142	0.0	0.0
0.3	0.0912	0.0	0.0
0.35	0.09132	0.0	0.0
0.4	0.09128	0.0	0.0
0.45	0.09151	0.0	0.0
0.5	0.09103	0.0	0.0
0.55	0.09116	0.0	0.0
0.6	0.09084	0.0	0.0
0.65	0.09068	0.0	0.0
0.7	0.09087	0.0	0.0
0.75	0.0912	0.0	0.0
0.8	0.09277	0.0	0.0
0.85	0.09346	0.0	0.0
0.9	0.0925	-0.000785399	-9.862510505490145e-06
0.95	0.09122	-0.00746	-9.367764457423103e-05
1.0	0.09088	-0.03142	-0.000394551151812646
1.05	0.09108	-0.07736	-0.0009714346627697738
1.1	0.09097	-0.10996	-0.0013808034580941617
1.15	0.09096	-0.15315	-0.0019231543252739255
1.2	0.09084	-0.20892	-0.002623476341078867
1.25	0.09064	-0.26586	-0.003338490427145451
1.3	0.09065	-0.32516	-0.004083139800235518
1.35	0.09024	-0.39741	-0.004990406532204445
1.4	0.09012	-0.45867	-0.005759668262314015
1.45	0.09	-0.50266	-0.006312064989501739
1.5	0.08977	-0.52779	-0.006627630567001796
1.55	0.08974	-0.56588	-0.007105939076630813
1.6	0.08939	-0.62989	-0.007909733450517747
1.65	0.08942	-0.70018	-0.00879238782546717
1.7	0.08949	-0.76655	-0.009625817486377588
1.75	0.08936	-0.80464	-0.010104125996006604
1.8	0.0892	-0.80896	-0.01015837364004959
1.85	0.0896	-0.80896	-0.01015837364004959
1.9	0.08994	-0.80503	-0.010109023352760484
1.95	0.0899	-0.80111	-0.010059798638721478
2.0	0.08981	-0.80111	-0.010059798638721478
2.05	0.08965	-0.80111	-0.010059798638721478
2.1	0.08966	-0.80111	-0.010059798638721478
2.15	0.08984	-0.80111	-0.010059798638721478
2.2	0.08981	-0.80111	-0.010059798638721478
2.25	0.08961	-0.8015	-0.010064695995475359
2.3	0.0898	-0.8066	-0.010128738353026107
2.35	0.08978	-0.82231	-0.01032601392893243
2.4	0.08969	-0.84509	-0.010612069792659103
2.45	0.08942	-0.8985	-0.01128275652144056
2.5	0.0898	-0.95819	-0.01203230325128451
2.55	0.08923	-1.0061	-0.01263392469251124
2.6	0.08902	-1.04458	-0.013117130558894137
2.65	0.08928	-1.09288	-0.01372364935687475
2.7	0.08926	-1.12783	-0.01416252786597252
2.75	0.08902	-1.14865	-0.014423971372679688
2.8	0.08971	-1.19224	-0.014971345169863433
2.85	0.08983	-1.24368	-0.015617293968375289
2.9	0.09	-1.28884	-0.016184382765824654
2.95	0.09009	-1.33636	-0.016781106850297507
3.0	0.08972	-1.37445	-0.017259415359926523
3.05	0.08954	-1.39369	-0.01750101829311797
3.1	0.08957	-1.42	-0.017831401514129767
3.15	0.0896	-1.43924	-0.01807300444732122
3.2	0.08929	-1.44199	-0.018107537091098583
3.25	0.08955	-1.44199	-0.018107537091098583
3.3	0.08932	-1.44199	-0.018107537091098583
3.35	0.08939	-1.44199	-0.018107537091098583
3.4	0.08934	-1.44199	-0.018107537091098583
3.45	0.08945	-1.44199	-0.018107537091098583
3.5	0.08908	-1.44199	-0.018107537091098583
3.55	0.08905	-1.43846	-0.018063209733813458
3.6	0.08882	-1.43728	-0.018048392090301714
3.65	0.08871	-1.43807	-0.018058312377059575
3.7	0.089	-1.44592	-0.01815688737838769
3.75	0.08922	-1.4844	-0.018640093244770582
3.8	0.08928	-1.55666	-0.01954748554998961
3.85	0.08936	-1.60967	-0.020213149348767088
3.9	0.08955	-1.65012	-0.02072109314541959
3.95	0.08928	-1.69293	-0.02125867222909557
4.0	0.08911	-1.73416	-0.02177641073925583
4.05	0.08885	-1.80013	-0.02260481747016227
4.1	0.08923	-1.85433	-0.02328542448570159
4.15	0.08897	-1.91677	-0.0240695038593229
4.2	0.08875	-2.00277	-0.025149433810178645
4.25	0.08893	-2.04321	-0.02565725203358105
4.3	0.08911	-2.07895	-0.026106050829436678
4.35	0.08864	-2.11704	-0.02658435933906569
4.4	0.08859	-2.15985	-0.027121938422741677
4.45	0.08865	-2.19755	-0.027595349575616813
4.5	0.08861	-2.19676	-0.02758542928885895
4.55	0.08821	-2.17595	-0.02732411135540188
4.6	0.08833	-2.16927	-0.027240228424335412
4.65	0.08832	-2.16927	-0.027240228424335412
4.7	0.08844	-2.16927	-0.027240228424335412
4.75	0.08818	-2.16927	-0.027240228424335412
4.8	0.08972	-2.16927	-0.027240228424335412
4.85	0.09079	-2.16927	-0.027240228424335412
4.9	0.09006	-2.17006	-0.02725014871109327
4.95	0.08914	-2.18262	-0.02740786871321825
5.0	0.08885	-2.19283	-0.027536079001569843
5.05	0.08888	-2.23642	-0.02808345279875359
5.1	0.089	-2.29022	-0.028759036884288932
5.15	0.08875	-2.32282	-0.02916840567961332
5.2	0.08875	-2.3829	-0.029922849766211145
5.25	0.0887	-2.47715	-0.031106377648398985
5.3	0.0885	-2.53291	-0.03180657409095383
5.35	0.0883	-2.54626	-0.03197421437983667
5.4	0.08846	-2.56354	-0.032191204956008614
5.45	0.08853	-2.59928	-0.03264000375186424
5.5	0.0883	-2.62873	-0.03300981697340729
5.55	0.08804	-2.6735	-0.03357200841410277
5.6	0.08795	-2.7269	-0.03424256956963413
5.65	0.08766	-2.77678	-0.034868928941130466
5.7	0.08795	-2.83922	-0.03565300831475178
5.75	0.08794	-2.88987	-0.03628903682650577
5.8	0.08809	-2.93111	-0.03680690090991613
5.85	0.08829	-2.96292	-0.03720634941848266
5.9	0.08824	-2.96409	-0.037221041488744305
5.95	0.0882	-2.95703	-0.03713238677417405
6.0	0.0882	-2.95467	-0.037102751487150566
6.05	0.08803	-2.95467	-0.037102751487150566
6.1	0.08829	-2.95467	-0.037102751487150566
6.15	0.08774	-2.95467	-0.037102751487150566
6.2	0.08806	-2.95467	-0.037102751487150566
6.25	0.08806	-2.95467	-0.037102751487150566
6.3	0.08798	-2.95546	-0.03711267177390843
6.35	0.08775	-2.95742	-0.03713728413092793
6.4	0.08783	-2.97666	-0.037378887064119376
6.45	0.08789	-3.04146	-0.03819260172476417
6.5	0.08783	-3.0929	-0.03883855052327603
6.55	0.08755	-3.13963	-0.039425354320991014
6.6	0.08707	-3.19814	-0.04016008340732322
6.65	0.08717	-3.25391	-0.04086040542312817
6.7	0.08696	-3.30574	-0.0415112515783939
6.75	0.0869	-3.36347	-0.04223618595121835
6.8	0.08757	-3.40863	-0.04280327474866771
6.85	0.08748	-3.44672	-0.04328158325829673
6.9	0.08759	-3.47853	-0.043681031766863256
6.95	0.08765	-3.52212	-0.044228405564047
7.0	0.0874	-3.57671	-0.0449139099363402
7.05	0.08723	-3.61244	-0.04536258315894573
7.1	0.08731	-3.65917	-0.045949386956660725
7.15	0.08678	-3.70119	-0.04647704575357885
7.2	0.08696	-3.73693	-0.04692584454943448
7.25	0.08685	-3.75853	-0.04719708276964941
7.3	0.08672	-3.75578	-0.047162550125872046
7.35	0.08705	-3.75067	-0.047098382195071196
7.4	0.08673	-3.74949	-0.04708356455155946
7.45	0.08682	-3.74949	-0.04708356455155946
7.5	0.08705	-3.74949	-0.04708356455155946
7.55	0.08574	-3.74832	-0.04706887248129781
7.6	0.08493	-3.74478	-0.047024419550762586
7.65	0.08704	-3.74557	-0.04703433983752045
7.7	0.08644	-3.75028	-0.047093484838317316
7.75	0.0867	-3.76442	-0.04727104541395802
7.8	0.0867	-3.80604	-0.047793681280872156
7.85	0.08694	-3.86416	-0.048523513010450485
7.9	0.08739	-3.91678	-0.04918427945247408
7.95	0.0873	-3.9753	-0.04991913411205639
8.0	0.08727	-4.03224	-0.050634148198122966
8.05	0.08694	-4.07975	-0.05123074670934572
8.1	0.08694	-4.12256	-0.05176832579302171
8.15	0.08669	-4.17007	-0.052364924304244456
8.2	0.0867	-4.21131	-0.05288278838765482
8.25	0.08673	-4.25882	-0.053479386898877566
8.3	0.0869	-4.30084	-0.05400704569579569
8.35	0.08659	-4.34404	-0.05454952213622555
8.4	0.08688	-4.39038	-0.05513142857718666
8.45	0.08664	-4.42376	-0.055550592086018806
8.5	0.08669	-4.45949	-0.055999265308624334
8.55	0.08665	-4.51879	-0.05674391468171441
8.6	0.0865	-4.55845	-0.05724193819160904
8.65	0.08621	-4.55099	-0.05714826054703481
8.7	0.08601	-4.53332	-0.05692637261410899
8.75	0.08629	-4.53332	-0.05692637261410899
8.8	0.08641	-4.53332	-0.05692637261410899
8.85	0.08678	-4.53332	-0.05692637261410899
8.9	0.08704	-4.53332	-0.05692637261410899
8.95	0.08733	-4.53332	-0.05692637261410899
9.0	0.08699	-4.53332	-0.05692637261410899
9.05	0.08702	-4.53018	-0.05688694261357774
9.1	0.08685	-4.52625	-0.05683759232628864
9.15	0.08681	-4.53411	-0.05693629290086685
9.2	0.08665	-4.55531	-0.057202508191077805
9.25	0.08707	-4.59576	-0.0577104519877303
9.3	0.08672	-4.66605	-0.058593106362679725
9.35	0.08699	-4.72574	-0.05934265309252367
9.4	0.08679	-4.7768	-0.05998383010753174
9.45	0.08687	-4.82628	-0.06060516654902409
9.5	0.08682	-4.86476	-0.061088372415407
9.55	0.08655	-4.90207	-0.06155688621152825
9.6	0.08684	-4.95901	-0.062271900297594836
9.65	0.08653	-5.00181	-0.06280935380802072
9.7	0.0864	-5.05247	-0.0634455078930248
9.75	0.08636	-5.08428	-0.06384495640159134
9.8	0.0865	-5.09724	-0.0640076993337203
9.85	0.0871	-5.13808	-0.06452054048712669
9.9	0.08727	-5.16557	-0.06486574135165021
9.95	0.08754	-5.16949	-0.06491496606568922
10.0	0.08734	-5.16007	-0.06479667606409549
10.05	0.0872	-5.14279	-0.06457968548792355
10.1	0.0869	-5.14279	-0.06457968548792355
10.15	0.08702	-5.14279	-0.06457968548792355
10.2	0.08693	-5.14279	-0.06457968548792355
10.25	0.08682	-5.14279	-0.06457968548792355
10.3	0.08711	-5.14279	-0.06457968548792355
10.35	0.08685	-5.14279	-0.06457968548792355
10.4	0.08688	-5.14279	-0.06457968548792355
10.45	0.08665	-5.14279	-0.06457968548792355
10.5	0.08673	-5.14829	-0.06464875077547827
10.55	0.08673	-5.17264	-0.06495452163947057
10.6	0.08693	-5.22447	-0.0656053677947363
10.65	0.0865	-5.29359	-0.06647333009942409
10.7	0.08656	-5.34071	-0.06706503125389295
10.75	0.0862	-5.39726	-0.06777514798320566
10.8	0.08682	-5.4648	-0.06862326971437772
10.85	0.08672	-5.51782	-0.0692890590864053
10.9	0.08679	-5.56926	-0.06993500788491715
10.95	0.0869	-5.6266	-0.07065504490098772
11.0	0.08745	-5.66272	-0.07110861548034714
11.05	0.08769	-5.69061	-0.07145883927487466
11.1	0.08731	-5.71692	-0.07178922249588646
11.15	0.08759	-5.75265	-0.07223789571849198
11.2	0.08723	-5.81038	-0.07296283009131643
11.25	0.08713	-5.84454	-0.07339178831365634
11.3	0.08723	-5.84651	-0.07341652624392594
11.35	0.08694	-5.82491	-0.07314528802371101
11.4	0.08682	-5.81823	-0.07306140509264454
11.45	0.08708	-5.81823	-0.07306140509264454
11.5	0.08714	-5.81823	-0.07306140509264454
11.55	0.08705	-5.81823	-0.07306140509264454
11.6	0.08714	-5.81823	-0.07306140509264454
11.65	0.08633	-5.81823	-0.07306140509264454
11.7	0.08714	-5.81902	-0.0730713253794024
11.75	0.08659	-5.82452	-0.07314039066695713
11.8	0.08675	-5.84808	-0.07343624124419157
11.85	0.08705	-5.90227	-0.07411672268648078
11.9	0.08736	-5.97688	-0.0750536247054732
11.95	0.08728	-6.03736	-0.075813091722075
12.0	0.08745	-6.0727	-0.07625686758792666
12.05	0.08809	-6.12258	-0.07688322695942298
12.1	0.08798	-6.1748	-0.0775389704714426
12.15	0.08751	-6.23057	-0.07823929248724755
12.2	0.08746	-6.29104	-0.07899863393059925
12.25	0.08755	-6.32325	-0.07940310536916977
12.3	0.08737	-6.35073	-0.0797481806604432
12.35	0.08743	-6.39118	-0.0802561244570957
12.4	0.08716	-6.43399	-0.08079370354077169
12.45	0.08727	-6.47561	-0.08131633940768582
12.5	0.08733	-6.50546	-0.08169117555923286
12.55	0.08748	-6.50938	-0.08174040027327185
12.6	0.08786	-6.5031	-0.08166154027220937
12.65	0.0874	-6.47169	-0.08126711469364682
12.7	0.08745	-6.47169	-0.08126711469364682
12.75	0.08755	-6.47169	-0.08126711469364682
12.8	0.08694	-6.47169	-0.08126711469364682
12.85	0.08623	-6.47169	-0.08126711469364682
12.9	0.08708	-6.47169	-0.08126711469364682
12.95	0.08812	-6.47169	-0.08126711469364682
13.0	0.08789	-6.47169	-0.08126711469364682
13.05	0.0889	-6.48268	-0.08140511969550618
13.1	0.08865	-6.50703	-0.08171089055949847
13.15	0.08858	-6.55612	-0.08232732964423695
13.2	0.08804	-6.63976	-0.0833776243080692
13.25	0.08795	-6.71477	-0.0843195492570656
13.3	0.08791	-6.77956	-0.08513313834446029
13.35	0.08795	-6.85849	-0.08612428800749569
13.4	0.0882	-6.9335	-0.08706621295649208
13.45	0.08788	-6.99319	-0.08781575968633604
13.5	0.08801	-7.04817	-0.0885061614153831
13.55	0.08809	-7.08783	-0.08900418492527776
13.6	0.08815	-7.12357	-0.08945298372113338
13.65	0.08804	-7.15223	-0.08981287665591857
13.7	0.08774	-7.1809	-0.09017289516395385
13.75	0.08743	-7.19425	-0.09034053545283668
13.8	0.0876	-7.19739	-0.09037996545336793
13.85	0.08766	-7.19347	-0.09033074073932891
13.9	0.08804	-7.19033	-0.09029131073879768
13.95	0.08833	-7.18954	-0.09028139045203981
14.0	0.08849	-7.18954	-0.09028139045203981
14.05	0.08908	-7.18954	-0.09028139045203981
14.1	0.08878	-7.18954	-0.09028139045203981
14.15	0.08846	-7.18954	-0.09028139045203981
14.2	0.08881	-7.19111	-0.09030110545230544
14.25	0.08868	-7.20328	-0.09045392809767654
14.3	0.08855	-7.26023	-0.09116906775699322
14.35	0.08879	-7.34426	-0.09222425977757936
14.4	0.08846	-7.42673	-0.09325986237114998
14.45	0.08867	-7.50409	-0.09423129703391976
14.5	0.08876	-7.58145	-0.09520273169668954
14.55	0.08856	-7.64232	-0.09596709607004522
14.6	0.08864	-7.6922	-0.09659345544154155
14.65	0.08833	-7.74246	-0.09722458659654168
14.7	0.08823	-7.78958	-0.09781628775101053
14.75	0.08838	-7.83671	-0.0984081144787295
14.8	0.08836	-7.87284	-0.09886181063133902
14.85	0.08809	-7.87559	-0.09889634327511639
14.9	0.08841	-7.87048	-0.09883217534431553
14.95	0.08844	-7.86066	-0.09870886241271783
15.0	0.08917	-7.8587	-0.09868425005569832
15.05	0.08946	-7.8587	-0.09868425005569832
15.1	0.08963	-7.8587	-0.09868425005569832
15.15	0.09015	-7.8587	-0.09868425005569832
15.2	0.08888	-7.8587	-0.09868425005569832
15.25	0.08794	-7.8587	-0.09868425005569832
15.3	0.08839	-7.85949	-0.09869417034245619
15.35	0.08884	-7.86145	-0.09871878269947568
15.4	0.08882	-7.87912	-0.09894067063240151
15.45	0.089	-7.93763	-0.09967539971873372
15.5	0.08913	-8.01421	-0.10063703966799574
15.55	0.08893	-8.10257	-0.10174660490587496
15.6	0.08904	-8.2027	-0.1030039698591213
15.65	0.08891	-8.30324	-0.10426648331562174
15.7	0.08873	-8.36528	-0.10504553975923907
15.75	0.08832	-8.42026	-0.10573594148828616
15.8	0.0885	-8.48702	-0.10657426850595043
15.85	0.08832	-8.54357	-0.10728438523526315
15.9	0.08838	-8.57027	-0.10761966581302884
15.95	0.0885	-8.58755	-0.10783665638920077
16.0	0.08897	-8.59383	-0.10791551639026327
16.05	0.08946	-8.59305	-0.1079057216767555
16.1	0.08981	-8.58205	-0.10776759110164605
16.15	0.08957	-8.57341	-0.10765909581356008
16.2	0.08928	-8.57341	-0.10765909581356008
16.25	0.089	-8.57341	-0.10765909581356008
16.3	0.09009	-8.57341	-0.10765909581356008
16.35	0.08911	-8.57341	-0.10765909581356008
16.4	0.08922	-8.57341	-0.10765909581356008
16.45	0.08905	-8.57341	-0.10765909581356008
16.5	0.08945	-8.57498	-0.1076788108138257
16.55	0.08949	-8.58127	-0.10775779638813829
16.6	0.08926	-8.60012	-0.10799450196457586
16.65	0.08931	-8.6869	-0.10908422662893935
16.7	0.08928	-8.75877	-0.10998672157740451
16.75	0.08923	-8.81178	-0.110652385376182
16.8	0.0892	-8.87501	-0.11144638503656115
16.85	0.08891	-8.92763	-0.11210715147858476
16.9	0.08861	-8.99674	-0.11297498821002244
16.95	0.08882	-9.07175	-0.11391691315901882
17.0	0.08876	-9.12476	-0.1145825769577963
17.05	0.08926	-9.18877	-0.11538637133168324
17.1	0.08942	-9.23472	-0.11596338041589045
17.15	0.08972	-9.25121	-0.11617045070530456
17.2	0.08978	-9.25357	-0.11620008599232803
17.25	0.08971	-9.2465	-0.11611130570450767
17.3	0.08948	-9.22215	-0.11580553484051538
17.35	0.08931	-9.21901	-0.11576610483998415
17.4	0.08893	-9.21901	-0.11576610483998415
17.45	0.08926	-9.21901	-0.11576610483998415
17.5	0.08934	-9.21901	-0.11576610483998415
17.55	0.08945	-9.21901	-0.11576610483998415
17.6	0.08945	-9.21901	-0.11576610483998415
17.65	0.08922	-9.21901	-0.11576610483998415
17.7	0.08867	-9.2198	-0.115776025126742
17.75	0.0892	-9.22412	-0.11583027277078498
17.8	0.0892	-9.24571	-0.11610138541774984
17.85	0.08914	-9.27124	-0.11642197392525387
17.9	0.08904	-9.33132	-0.11717641801185169
17.95	0.08899	-9.39612	-0.11799013267249649
18.0	0.08905	-9.46091	-0.11880372175989118
18.05	0.08913	-9.51393	-0.11946951113191875
18.1	0.08968	-9.56694	-0.12013517493069624
18.15	0.08986	-9.62467	-0.12086010930352067
18.2	0.08998	-9.69653	-0.12176247867873571
18.25	0.08995	-9.74994	-0.12243316540751718
18.3	0.0898	-9.80963	-0.12318271213736114
18.35	0.09012	-9.87521	-0.12400622151151368
18.4	0.08977	-9.93058	-0.12470152059731465
18.45	0.08984	-9.97182	-0.125219384680725
18.5	0.08971	-9.98556	-0.12539192232636173
18.55	0.08997	-9.97574	-0.125268609394764
18.6	0.08977	-9.96357	-0.12511578674939292
18.65	0.08992	-9.96357	-0.12511578674939292
18.7	0.08949	-9.96357	-0.12511578674939292
18.75	0.0896	-9.96357	-0.12511578674939292
18.8	0.08916	-9.96357	-0.12511578674939292
18.85	0.08913	-9.96357	-0.12511578674939292
18.9	0.08945	-9.96592	-0.1251452964631663
18.95	0.089	-9.97535	-0.12526371203801015
19.0	0.08955	-10.00912	-0.12568777290359615
19.05	0.09006	-10.08923	-0.12669374021014332
19.1	0.09048	-10.16227	-0.12761092722887007
19.15	0.0903	-10.22707	-0.12842464188951488
19.2	0.09042	-10.30757	-0.1294355065528159
19.25	0.09004	-10.38219	-0.1303725341450584
19.3	0.09018	-10.42774	-0.13094452029926165
19.35	0.08989	-10.47329	-0.1315165064534649
19.4	0.09033	-10.51806	-0.1320786978941604
19.45	0.09009	-10.56833	-0.13270995462241061
19.5	0.0901	-10.63194	-0.13350872606629358
19.55	0.09012	-10.68614	-0.13418933308183287
19.6	0.09012	-10.70656	-0.13444575365853606
19.65	0.09012	-10.6987	-0.13434705308395786
19.7	0.08984	-10.67043	-0.13399205750592655
19.75	0.08995	-10.661	-0.13387364193108273
19.8	0.08977	-10.661	-0.13387364193108273
19.85	0.08842	-10.661	-0.13387364193108273
19.9	0.08833	-10.661	-0.13387364193108273
19.95	0.09181	-10.661	-0.13387364193108273
20.0	0.09006	-10.661	-0.13387364193108273
20.05	0.09061	-10.66336	-0.13390327721810621
20.1	0.09108	-10.67671	-0.13407091750698905
20.15	0.09079	-10.70656	-0.13444575365853606
20.2	0.0907	-10.7741	-0.13529387538970813
20.25	0.09052	-10.86285	-0.13640833798434124
20.3	0.09032	-10.94767	-0.13747345029168526
20.35	0.0907	-11.03603	-0.13858301552956448
20.4	0.09059	-11.09454	-0.1393177446158967
20.45	0.09068	-11.13892	-0.1398750386998383
20.5	0.0905	-11.19272	-0.1405506227853736
20.55	0.09059	-11.23591	-0.14109297365255338
20.6	0.09079	-11.28775	-0.14174394538106924
20.65	0.09032	-11.3227	-0.14218282389016698
20.7	0.09039	-11.34037	-0.14240471182309283
20.75	0.09065	-11.34273	-0.1424343471101163
20.8	0.09056	-11.33959	-0.14239491710958505
20.85	0.08955	-11.30817	-0.14200036595777243
20.9	0.09013	-11.30817	-0.14200036595777243
20.95	0.09015	-11.30817	-0.14200036595777243
21.0	0.09157	-11.30817	-0.14200036595777243
21.05	0.09154	-11.30817	-0.14200036595777243
21.1	0.09148	-11.30817	-0.14200036595777243
21.15	0.09085	-11.31171	-0.14204481888830764
21.2	0.09036	-11.33645	-0.1423554871090538
21.25	0.09074	-11.39025	-0.14303107119458916
21.3	0.09048	-11.49274	-0.14431807143485897
21.35	0.0905	-11.59759	-0.1456347069621523
21.4	0.09109	-11.71187	-0.14706975806428943
21.45	0.09105	-11.81554	-0.14837157594807102
21.5	0.09114	-11.8713	-0.14907177239062586
21.55	0.09085	-11.91411	-0.14960935147430185
21.6	0.09087	-11.96162	-0.15020594998552458
21.65	0.09102	-11.99068	-0.15057086585031376
21.7	0.09084	-12.03074	-0.1510739122902124
21.75	0.09045	-12.06137	-0.15145854315526716
21.8	0.09041	-12.0653	-0.15150789344255627
21.85	0.09062	-12.05548	-0.15138458051095854
21.9	0.09064	-12.03938	-0.15118240757829834
21.95	0.09138	-12.03859	-0.15117248729154048
22.0	0.09149	-12.03859	-0.15117248729154048
22.05	0.09203	-12.03859	-0.15117248729154048
22.1	0.09221	-12.03859	-0.15117248729154048
22.15	0.091	-12.03859	-0.15117248729154048
22.2	0.09125	-12.03859	-0.15117248729154048
22.25	0.09137	-12.03859	-0.15117248729154048
22.3	0.09113	-12.04488	-0.15125147286585308
22.35	0.09137	-12.07472	-0.15162618344415
22.4	0.09135	-12.16269	-0.15273085132527534
22.45	0.09148	-12.25418	-0.15387972099043573
22.5	0.09131	-12.33469	-0.15489071122698686
22.55	0.09149	-12.40577	-0.15578328588869414
22.6	0.09169	-12.47213	-0.15661658997635444
22.65	0.0916	-12.55578	-0.15766701021343682
22.7	0.09125	-12.63078	-0.1586088095891831
22.75	0.0916	-12.68458	-0.15928439367471844
22.8	0.09151	-12.72189	-0.1597529074708397
22.85	0.09128	-12.76666	-0.16031509891153517
22.9	0.09125	-12.77844	-0.1604630242001524
22.95	0.09181	-12.77137	-0.16037424391233204
23.0	0.09152	-12.75959	-0.1602263186237148
23.05	0.09271	-12.75959	-0.1602263186237148
23.1	0.09283	-12.75959	-0.1602263186237148
23.15	0.09262	-12.75959	-0.1602263186237148
23.2	0.09282	-12.75959	-0.1602263186237148
23.25	0.09251	-12.7592	-0.16022142126696096
23.3	0.09219	-12.75802	-0.1602066036234492
23.35	0.09184	-12.75802	-0.1602066036234492
23.4	0.09218	-12.75959	-0.1602263186237148
23.45	0.09225	-12.7753	-0.16042359419962116
23.5	0.09224	-12.82399	-0.16103501035435563
23.55	0.09222	-12.90685	-0.16207551030468015
23.6	0.09253	-12.9905	-0.16312593054176253
23.65	0.09247	-13.07296	-0.16416140756208303
23.7	0.09285	-13.14836	-0.1651082298678333
23.75	0.09273	-13.21433	-0.16593663659873975
23.8	0.09259	-13.27481	-0.16669610361534154
23.85	0.09274	-13.3129	-0.16717441212497058
23.9	0.09274	-13.35178	-0.16766264092135744
23.95	0.09254	-13.38123	-0.1680324541429005
24.0	0.09215	-13.38948	-0.16813605207423257
24.05	0.09236	-13.38712	-0.16810641678720908
24.1	0.09273	-13.38319	-0.16805706649992
24.15	0.09334	-13.38162	-0.16803735149965437
24.2	0.09355	-13.38162	-0.16803735149965437
24.25	0.09355	-13.38162	-0.16803735149965437
24.3	0.09326	-13.38162	-0.16803735149965437
24.35	0.09322	-13.38162	-0.16803735149965437
24.4	0.09309	-13.38162	-0.16803735149965437
24.45	0.09328	-13.3828	-0.1680521691431661
24.5	0.09309	-13.40519	-0.1683333276501389
24.55	0.09303	-13.47234	-0.1691765520245571
24.6	0.09334	-13.55755	-0.17024656168865498
24.65	0.09323	-13.61764	-0.1710011313485029
24.7	0.09332	-13.684	-0.1718344354361632
24.75	0.0932	-13.74683	-0.1726234121665384
24.8	0.09312	-13.79946	-0.1732843041818121
24.85	0.09358	-13.85286	-0.17395486533734345
24.9	0.09326	-13.89527	-0.17448742149101545
24.95	0.09319	-13.91295	-0.17470943499719138
25.0	0.09334	-13.91412	-0.17472412706745302
25.05	0.09322	-13.89802	-0.17452195413479282
25.1	0.09277	-13.89213	-0.1744479914904842
25.15	0.09328	-13.89213	-0.1744479914904842
25.2	0.09357	-13.89213	-0.1744479914904842
25.25	0.09433	-13.89213	-0.1744479914904842
25.3	0.09412	-13.89213	-0.1744479914904842
25.35	0.09409	-13.89213	-0.1744479914904842
25.4	0.09377	-13.89213	-0.1744479914904842
25.45	0.09377	-13.89527	-0.17448742149101545
25.5	0.09357	-13.92276	-0.174832622355539
25.55	0.09415	-13.98442	-0.17560690701565254
25.6	0.09387	-14.08063	-0.1768150472548599
25.65	0.09369	-14.15131	-0.1777025989865632
25.7	0.09386	-14.20943	-0.1784324307161415
25.75	0.0939	-14.25695	-0.17902915480061438
25.8	0.09413	-14.27541	-0.17926096302029806
25.85	0.09389	-14.2758	-0.17926586037705194
25.9	0.09395	-14.27698	-0.1792806780205637
25.95	0.0939	-14.27698	-0.1792806780205637
26.0	0.09377	-14.27698	-0.1792806780205637
26.05	0.09367	-14.26245	-0.17909822008816909
26.1	0.09334	-14.25185	-0.17896511244306362
26.15	0.09315	-14.25185	-0.17896511244306362
26.2	0.09341	-14.25185	-0.17896511244306362
26.25	0.09352	-14.25185	-0.17896511244306362
26.3	0.09393	-14.25185	-0.17896511244306362
26.35	0.09454	-14.25185	-0.17896511244306362
26.4	0.09438	-14.25027	-0.1789452718695479
26.45	0.09454	-14.22122	-0.17858048157800885
26.5	0.09422	-14.20001	-0.1783141407145478
26.55	0.09431	-14.17763	-0.1780331077808251
26.6	0.09418	-14.13718	-0.17752516398417262
26.65	0.0941	-14.10262	-0.1770911828318287
26.7	0.09413	-14.0877	-0.17690382754268025
26.75	0.09424	-14.08691	-0.17689390725592238
26.8	0.09396	-14.08691	-0.17689390725592238
26.85	0.09418	-14.07238	-0.1767114493235278
26.9	0.09393	-14.04057	-0.1763120008149613
26.95	0.09387	-13.99227	-0.17570548201698066
27.0	0.09375	-13.93612	-0.17500038821767194
27.05	0.09367	-13.90941	-0.17466498206665615
27.1	0.0934	-13.91098	-0.1746846970669218
27.15	0.09358	-13.91255	-0.1747044120671874
27.2	0.09363	-13.91255	-0.1747044120671874
27.25	0.09355	-13.91255	-0.1747044120671874
27.3	0.09377	-13.91255	-0.1747044120671874
27.35	0.09375	-13.91255	-0.1747044120671874
27.4	0.09406	-13.91255	-0.1747044120671874
27.45	0.09413	-13.91255	-0.1747044120671874
27.5	0.09435	-13.91177	-0.17469461735367967
27.55	0.09453	-13.91098	-0.1746846970669218
27.6	0.09413	-13.91098	-0.1746846970669218
27.65	0.09384	-13.90588	-0.17462065470937102
27.7	0.09367	-13.87721	-0.17426063620133575
27.75	0.09384	-13.83912	-0.17378232769170673
27.8	0.09369	-13.79789	-0.1732645891815465
27.85	0.09357	-13.74251	-0.1725691645224954
27.9	0.09323	-13.68714	-0.17187386543669445
27.95	0.09329	-13.63295	-0.17119338399440523
28.0	0.0932	-13.57169	-0.17042412226429568
28.05	0.09297	-13.56266	-0.17031072961945581
28.1	0.0932	-13.55912	-0.17026627668892058
28.15	0.09326	-13.55912	-0.17026627668892058
28.2	0.09299	-13.56698	-0.17036497726349878
28.25	0.0929	-13.56698	-0.17036497726349878
28.3	0.09285	-13.56698	-0.17036497726349878
28.35	0.0928	-13.56698	-0.17036497726349878
28.4	0.09308	-13.56698	-0.17036497726349878
28.45	0.09319	-13.56698	-0.17036497726349878
28.5	0.09343	-13.56698	-0.17036497726349878
28.55	0.09407	-13.56698	-0.17036497726349878
28.6	0.09396	-13.56541	-0.17034526226323318
28.65	0.09366	-13.56148	-0.17029591197594407
28.7	0.09343	-13.55048	-0.17015778140083462
28.75	0.09367	-13.53242	-0.16993099611115492
28.8	0.09328	-13.49315	-0.16943786995801416
28.85	0.093	-13.42953	-0.1686389729408811
28.9	0.09314	-13.35885	-0.1677514212091778
28.95	0.09332	-13.31408	-0.1671892297684823
29.0	0.09311	-13.29052	-0.1668933791912479
29.05	0.09328	-13.2697	-0.1666319356845407
29.1	0.09308	-13.25675	-0.16646931832566184
29.15	0.09256	-13.25439	-0.16643968303863838
29.2	0.09253	-13.25439	-0.16643968303863838
29.25	0.09261	-13.26538	-0.16657768804049772
29.3	0.09251	-13.26538	-0.16657768804049772
29.35	0.09227	-13.26538	-0.16657768804049772
29.4	0.09221	-13.26538	-0.16657768804049772
29.45	0.09251	-13.26538	-0.16657768804049772
29.5	0.09309	-13.26538	-0.16657768804049772
29.55	0.0932	-13.26538	-0.16657768804049772
29.6	0.09337	-13.26538	-0.16657768804049772
29.65	0.09315	-13.2646	-0.16656789332698996
29.7	0.09305	-13.25753	-0.1664791130391696
29.75	0.093	-13.23868	-0.16624240746273203
29.8	0.09279	-13.19784	-0.16572956630932564
29.85	0.09262	-13.12794	-0.1648518092911301
29.9	0.09256	-13.05883	-0.16398397255969244
29.95	0.09262	-13.01681	-0.1634563137627743
30.0	0.09253	-12.99992	-0.16324422054335624
30.05	0.09274	-12.97557	-0.16293844967936394
30.1	0.09267	-12.95672	-0.1627017441029264
30.15	0.09251	-12.95319	-0.16265741674564124
30.2	0.09258	-12.9528	-0.16265251938888736
30.25	0.09204	-12.95358	-0.16266231410239515
30.3	0.09204	-12.9685	-0.1628496693915436
30.35	0.09232	-12.98107	-0.16300751496691868
30.4	0.09221	-12.98107	-0.16300751496691868
30.45	0.0921	-12.98107	-0.16300751496691868
30.5	0.092	-12.98107	-0.16300751496691868
30.55	0.09248	-12.98107	-0.16300751496691868
30.6	0.09279	-12.98107	-0.16300751496691868
30.65	0.0929	-12.9795	-0.16298779996665305
30.7	0.09303	-12.96772	-0.16283987467803585
30.75	0.0929	-12.94533	-0.16255871617106304
30.8	0.09299	-12.88996	-0.16186341708526208
30.85	0.09247	-12.80985	-0.16085744977871497
30.9	0.09236	-12.72346	-0.1597726224711053
30.95	0.09224	-12.65945	-0.15896882809721838
31.0	0.09213	-12.61822	-0.15845108958705814
31.05	0.09232	-12.5817	-0.15799249607769472
31.1	0.09241	-12.55146	-0.15761276256939383
31.15	0.09219	-12.533	-0.15738095434971014
31.2	0.09222	-12.53025	-0.15734642170593277
31.25	0.09152	-12.53064	-0.15735131906268665
31.3	0.09167	-12.54125	-0.15748455228104222
31.35	0.09157	-12.55656	-0.15767680492694455
31.4	0.09171	-12.55853	-0.15770154285721416
31.45	0.09178	-12.55853	-0.15770154285721416
31.5	0.09178	-12.55853	-0.15770154285721416
31.55	0.09154	-12.55853	-0.15770154285721416
31.6	0.09195	-12.56167	-0.1577409728577454
31.65	0.09233	-12.56127	-0.15773594992774145
31.7	0.09293	-12.55774	-0.15769162257045632
31.75	0.09299	-12.54007	-0.1574697346375305
31.8	0.09238	-12.51611	-0.15716886113029208
31.85	0.09227	-12.45996	-0.15646376733098336
31.9	0.09204	-12.38338	-0.15550212738172134
31.95	0.09195	-12.29385	-0.15437787007358048
32.0	0.09229	-12.23808	-0.15367754805777553
32.05	0.09178	-12.16229	-0.15272582839527138
32.1	0.0918	-12.12577	-0.15226723488590796
32.15	0.09184	-12.10221	-0.15197138430867355
32.2	0.09213	-12.09043	-0.1518234590200563
32.25	0.09193	-12.09043	-0.1518234590200563
32.3	0.09189	-12.09593	-0.15189252430761105
32.35	0.0921	-12.13559	-0.1523905478175057
32.4	0.09195	-12.14698	-0.15253357574936902
32.45	0.09195	-12.14698	-0.15253357574936902
32.5	0.09184	-12.14698	-0.15253357574936902
32.55	0.09207	-12.14698	-0.15253357574936902
32.6	0.09229	-12.14698	-0.15253357574936902
32.65	0.09235	-12.14698	-0.15253357574936902
32.7	0.09262	-12.14619	-0.15252365546261118
32.75	0.09276	-12.14187	-0.1524694078185682
32.8	0.09254	-12.12499	-0.15225744017240023
32.85	0.09245	-12.09553	-0.15188750137760706
32.9	0.0921	-12.06215	-0.15146833786877492
32.95	0.09189	-11.99932	-0.15067936113839975
33.0	0.09172	-11.92864	-0.14979180940669642
33.05	0.0916	-11.86227	-0.14895837974578602
33.1	0.09123	-11.82968	-0.1485491365237117
33.15	0.09151	-11.81122	-0.14831732830402805
33.2	0.09163	-11.79669	-0.14813487037163345
33.25	0.09132	-11.79669	-0.14813487037163345
33.3	0.09103	-11.81161	-0.1483222256607819
33.35	0.09138	-11.84538	-0.14874628652636795
33.4	0.09122	-11.85167	-0.14882527210068053
33.45	0.09113	-11.85167	-0.14882527210068053
33.5	0.09071	-11.85167	-0.14882527210068053
33.55	0.09096	-11.85167	-0.14882527210068053
33.6	0.09085	-11.85167	-0.14882527210068053
33.65	0.09108	-11.84538	-0.14874628652636795
33.7	0.09155	-11.83282	-0.14858856652424296
33.75	0.09138	-11.81789	-0.1484010856618444
33.8	0.09186	-11.79041	-0.14805601037057095
33.85	0.09169	-11.74367	-0.14746908099960587
33.9	0.09132	-11.67809	-0.1466455716254533
33.95	0.09111	-11.59602	-0.14561499196188668
34.0	0.09079	-11.49981	-0.14440685172267934
34.05	0.09085	-11.40792	-0.14325295912751498
34.1	0.09091	-11.35058	-0.14253292211144442
34.15	0.0909	-11.29207	-0.1417981930251122
34.2	0.09053	-11.24691	-0.14123110422766283
34.25	0.09105	-11.20882	-0.1407527957180338
34.3	0.09097	-11.20293	-0.14067883307372522
34.35	0.0905	-11.20411	-0.14069365071723697
34.4	0.09061	-11.25319	-0.14130996422872533
34.45	0.09044	-11.25319	-0.14130996422872533
34.5	0.09052	-11.25319	-0.14130996422872533
34.55	0.09047	-11.25319	-0.14130996422872533
34.6	0.09036	-11.25319	-0.14130996422872533
34.65	0.09041	-11.25319	-0.14130996422872533
34.7	0.09047	-11.25241	-0.14130016951521757
34.75	0.09103	-11.24809	-0.14124592187117457
34.8	0.09117	-11.21235	-0.14079712307531897
34.85	0.09166	-11.1562	-0.14009202927601022
34.9	0.09122	-11.08041	-0.1391403096135061
34.95	0.09076	-10.99872	-0.13811450173344322
35.0	0.09094	-10.91547	-0.13706910442636483
35.05	0.09059	-10.8224	-0.13590039418768873
35.1	0.09059	-10.7364	-0.134820464236833
35.15	0.09067	-10.68221	-0.13413998279454376
35.2	0.09067	-10.65315	-0.1337750669297546
35.25	0.09067	-10.64215	-0.13363693635464516
35.3	0.09067	-10.64215	-0.13363693635464516
35.35	0.0903	-10.65982	-0.13385882428757098
35.4	0.09045	-10.7097	-0.1344851836590673
35.45	0.09059	-10.7097	-0.1344851836590673
35.5	0.09033	-10.7097	-0.1344851836590673
35.55	0.0903	-10.7097	-0.1344851836590673
35.6	0.09027	-10.7097	-0.1344851836590673
35.65	0.08998	-10.7097	-0.1344851836590673
35.7	0.09039	-10.70106	-0.13437668837098135
35.75	0.09033	-10.67946	-0.13410545015076641
35.8	0.09036	-10.64372	-0.13365665135491078
35.85	0.09091	-10.58718	-0.13294666019884818
35.9	0.09111	-10.50471	-0.13191105760527755
35.95	0.09099	-10.4246	-0.1309050902987304
36.0	0.09059	-10.32485	-0.12965249712898785
36.05	0.09036	-10.25888	-0.1288240903980814
36.1	0.09024	-10.19448	-0.1280153986674406
36.15	0.09029	-10.14303	-0.12736932429567863
36.2	0.09015	-10.10337	-0.126871300785784
36.25	0.09044	-10.06528	-0.12639299227615497
36.3	0.09042	-10.06017	-0.12632882434535414
36.35	0.08977	-10.07981	-0.12657545020854957
36.4	0.09007	-10.09237	-0.12673317021067457
36.45	0.09027	-10.09237	-0.12673317021067457
36.5	0.0899	-10.09237	-0.12673317021067457
36.55	0.08981	-10.09237	-0.12673317021067457
36.6	0.08966	-10.09237	-0.12673317021067457
36.65	0.08986	-10.09159	-0.12672337549716678
36.7	0.08972	-10.08216	-0.12660495992232296
36.75	0.08992	-10.04682	-0.1261611840564713
36.8	0.09004	-9.99027	-0.1254510673271586
36.85	0.09041	-9.92391	-0.12461776323949827
36.9	0.09067	-9.85047	-0.12369555329076751
36.95	0.09035	-9.77232	-0.12271419834123988
37.0	0.09033	-9.69967	-0.12180190867926696
37.05	0.09003	-9.61956	-0.12079594137271983
37.1	0.08974	-9.56694	-0.12013517493069624
37.15	0.09013	-9.54024	-0.11979989435293056
37.2	0.08978	-9.53474	-0.11973082906537581
37.25	0.08987	-9.53553	-0.11974074935213368
37.3	0.08992	-9.55987	-0.12004639464287588
37.35	0.08989	-9.58893	-0.12041131050766504
37.4	0.08995	-9.59129	-0.12044094579468854
37.45	0.09012	-9.59129	-0.12044094579468854
37.5	0.08983	-9.59129	-0.12044094579468854
37.55	0.08984	-9.59129	-0.12044094579468854
37.6	0.08971	-9.59129	-0.12044094579468854
37.65	0.08972	-9.58304	-0.12033734786335644
37.7	0.08942	-9.55752	-0.12001688492910251
37.75	0.08978	-9.52964	-0.11966678670782509
37.8	0.09007	-9.50018	-0.11929684791303194
37.85	0.09047	-9.4507	-0.11867551147153957
37.9	0.09045	-9.36745	-0.1176301141644612
37.95	0.09007	-9.28184	-0.11655508157035935
38.0	0.09026	-9.21116	-0.11566752983865602
38.05	0.09013	-9.15696	-0.1149869228231167
38.1	0.09004	-9.1279	-0.11462200695832755
38.15	0.08998	-9.08942	-0.11413880109194466
38.2	0.0901	-9.05722	-0.11373445522662423
38.25	0.08989	-9.05447	-0.11369992258284688
38.3	0.08984	-9.08706	-0.11410916580492116
38.35	0.08978	-9.12673	-0.11460731488806591
38.4	0.08981	-9.12948	-0.11464184753184326
38.45	0.08995	-9.12948	-0.11464184753184326
38.5	0.08966	-9.12948	-0.11464184753184326
38.55	0.08983	-9.12948	-0.11464184753184326
38.6	0.08946	-9.1279	-0.11462200695832755
38.65	0.08969	-9.10434	-0.11432615638109311
38.7	0.08896	-9.07999	-0.11402038551710082
38.75	0.0894	-9.03915	-0.11350754436369442
38.8	0.08965	-8.96925	-0.1126297873454989
38.85	0.09007	-8.8966	-0.11171749768352598
38.9	0.09009	-8.83024	-0.11088419359586567
38.95	0.09007	-8.76387	-0.11005076393495526
39.0	0.08989	-8.71636	-0.1094541654237325
39.05	0.09	-8.69358	-0.10916810956000583
39.1	0.08974	-8.68494	-0.10905961427191985
39.15	0.08961	-8.68337	-0.10903989927165424
39.2	0.08969	-8.68337	-0.10903989927165424
39.25	0.08966	-8.71243	-0.10940481513644339
39.3	0.08968	-8.72421	-0.10955274042506061
39.35	0.08954	-8.72421	-0.10955274042506061
39.4	0.0899	-8.72421	-0.10955274042506061
39.45	0.08989	-8.72421	-0.10955274042506061
39.5	0.0898	-8.72421	-0.10955274042506061
39.55	0.08949	-8.72421	-0.10955274042506061
39.6	0.08975	-8.7195	-0.10949359542426375
39.65	0.08928	-8.70379	-0.10929631984835741
39.7	0.08937	-8.68494	-0.10905961427191985
39.75	0.08916	-8.63782	-0.10846791311745098
39.8	0.08957	-8.56242	-0.1075210908117007
39.85	0.09018	-8.47092	-0.10637209557329023
39.9	0.09047	-8.39513	-0.1054203759107861
39.95	0.09047	-8.31816	-0.1044538386047702
40.0	0.09009	-8.24512	-0.10353665158604342
40.05	0.08987	-8.21252	-0.10312728279071902
40.1	0.09024	-8.2082	-0.10307303514667603
40.15	0.08987	-8.20742	-0.10306324043316828
40.2	0.08977	-8.20742	-0.10306324043316828
40.25	0.08994	-8.23491	-0.1034084412976918
40.3	0.08987	-8.25611	-0.10367465658790276
40.35	0.08987	-8.25611	-0.10367465658790276
40.4	0.08969	-8.25611	-0.10367465658790276
40.45	0.08975	-8.25611	-0.10367465658790276
40.5	0.08998	-8.2569	-0.10368457687466062
40.55	0.08954	-8.25533	-0.10366486187439501
40.6	0.08899	-8.23255	-0.10337880601066833
40.65	0.08908	-8.21213	-0.10312238543396514
40.7	0.08891	-8.176	-0.10266868928135563
40.75	0.08958	-8.10689	-0.10180085254991794
40.8	0.08992	-8.03306	-0.10087374524443331
40.85	0.09035	-7.94784	-0.09980361000708532
40.9	0.09027	-7.87205	-0.09885189034458115
40.95	0.09059	-7.81275	-0.0981072409714911
41.0	0.09096	-7.76288	-0.09748100717324486
41.05	0.09047	-7.7405	-0.09719997423952216
41.1	0.09053	-7.7401	-0.09719495130951819
41.15	0.0892	-7.75856	-0.09742675952920188
41.2	0.09038	-7.78644	-0.0977768577504793
41.25	0.08995	-7.78644	-0.0977768577504793
41.3	0.08998	-7.78644	-0.0977768577504793
41.35	0.09009	-7.78644	-0.0977768577504793
41.4	0.09024	-7.78644	-0.0977768577504793
41.45	0.09012	-7.78644	-0.0977768577504793
41.5	0.08983	-7.78644	-0.0977768577504793
41.55	0.09	-7.78055	-0.09770289510617068
41.6	0.08966	-7.76288	-0.09748100717324486
41.65	0.09003	-7.74521	-0.09725911924031903
41.7	0.08948	-7.71026	-0.09682024073122127
41.75	0.08946	-7.65764	-0.09615947428919766
41.8	0.08989	-7.58067	-0.09519293698318176
41.85	0.09047	-7.50488	-0.09424121732067763
41.9	0.09068	-7.46207	-0.09370363823700163
41.95	0.09091	-7.42634	-0.0932549650143961
42.0	0.09079	-7.38432	-0.09272730621747798
42.05	0.0907	-7.35172	-0.09231793742215359
42.1	0.09038	-7.34819	-0.09227361006486846
42.15	0.09012	-7.34819	-0.09227361006486846
42.2	0.08949	-7.35762	-0.0923920256397123
42.25	0.09026	-7.38118	-0.09268787621694673
42.3	0.09027	-7.38118	-0.09268787621694673
42.35	0.09023	-7.38118	-0.09268787621694673
42.4	0.09035	-7.37961	-0.09266816121668112
42.45	0.09032	-7.37921	-0.09266313828667713
42.5	0.09019	-7.37804	-0.09264844621641549
42.55	0.09035	-7.37568	-0.092618810929392
42.6	0.08961	-7.3529	-0.09233275506566534
42.65	0.08983	-7.31638	-0.09187416155630194
42.7	0.09012	-7.25551	-0.09110979718294626
42.75	0.0896	-7.19582	-0.09036025045310231
42.8	0.09042	-7.13299	-0.08957127372272712
42.85	0.09026	-7.0788	-0.08889079228043789
42.9	0.0905	-7.02068	-0.08816096055085956
42.95	0.09085	-6.98848	-0.08775661468553916
43.0	0.09091	-6.9445	-0.08720434353160153
43.05	0.09074	-6.91426	-0.08682461002330062
43.1	0.09044	-6.90366	-0.08669150237819516
43.15	0.09036	-6.89894	-0.08663223180414818
43.2	0.09071	-6.89894	-0.08663223180414818
43.25	0.0903	-6.91151	-0.08679007737952327
43.3	0.09068	-6.91151	-0.08679007737952327
43.35	0.09065	-6.91151	-0.08679007737952327
43.4	0.09079	-6.91151	-0.08679007737952327
43.45	0.09076	-6.91151	-0.08679007737952327
43.5	0.0907	-6.91151	-0.08679007737952327
43.55	0.09074	-6.91033	-0.08677525973601152
43.6	0.09059	-6.90523	-0.08671121737846078
43.65	0.0907	-6.87185	-0.08629205386962863
43.7	0.09055	-6.80784	-0.0854882594957417
43.75	0.09048	-6.74147	-0.08465482983483127
43.8	0.0909	-6.68374	-0.08392989546200684
43.85	0.09146	-6.6213	-0.08314581608838552
43.9	0.09177	-6.56672	-0.08246043728934242
43.95	0.09175	-6.52038	-0.08187853084838131
44.0	0.09169	-6.48582	-0.08144454969603743
44.05	0.09106	-6.48033	-0.0813756099817328
44.1	0.09126	-6.46226	-0.08114869911880299
44.15	0.09111	-6.44184	-0.0808922785420998
44.2	0.09119	-6.4277	-0.0807147179664591
44.25	0.09142	-6.40493	-0.08042878767598252
44.3	0.0912	-6.40257	-0.08039915238895903
44.35	0.09071	-6.40493	-0.08042878767598252
44.4	0.09117	-6.43242	-0.08077398854050606
44.45	0.09129	-6.43242	-0.08077398854050606
44.5	0.09117	-6.43242	-0.08077398854050606
44.55	0.09122	-6.43242	-0.08077398854050606
44.6	0.09126	-6.43242	-0.08077398854050606
44.65	0.09106	-6.43242	-0.08077398854050606
44.7	0.09082	-6.42927	-0.08073443296672471
44.75	0.09097	-6.42024	-0.08062104032188486
44.8	0.09076	-6.40571	-0.08043858238949028
44.85	0.09108	-6.37194	-0.08001452152390426
44.9	0.0912	-6.31225	-0.0792649747940603
44.95	0.09215	-6.25138	-0.07850061042070462
45.0	0.09216	-6.19365	-0.07777567604788017
45.05	0.09174	-6.14614	-0.07717907753665743
45.1	0.09206	-6.08763	-0.07644434845032522
45.15	0.09169	-6.04561	-0.07591668965340709
45.2	0.09157	-6.01144	-0.0754876058578171
45.25	0.09151	-5.99691	-0.0753051479254225
45.3	0.09155	-5.99573	-0.07529033028191076
45.35	0.09137	-5.99573	-0.07529033028191076
45.4	0.09143	-5.99573	-0.07529033028191076
45.45	0.0916	-6.02244	-0.07562573643292654
45.5	0.09163	-6.03186	-0.07574402643452027
45.55	0.09164	-6.03186	-0.07574402643452027
45.6	0.0918	-6.03186	-0.07574402643452027
45.65	0.09166	-6.03186	-0.07574402643452027
45.7	0.09145	-6.03186	-0.07574402643452027
45.75	0.09138	-6.03186	-0.07574402643452027
45.8	0.09109	-6.02558	-0.07566516643345778
45.85	0.09097	-6.01262	-0.07550242350132882
45.9	0.09163	-5.98867	-0.0752016755673405
45.95	0.09196	-5.93408	-0.0745161711950473
46.0	0.09215	-5.86693	-0.07367294682062914
46.05	0.09206	-5.81431	-0.07301218037860553
46.1	0.0921	-5.75305	-0.07224291864849597
46.15	0.09181	-5.69768	-0.07154761956269501
46.2	0.09195	-5.65958	-0.07106918547981589
46.25	0.09187	-5.63131	-0.07071418990178459
46.3	0.0916	-5.62031	-0.07057605932667513
46.35	0.09201	-5.61874	-0.0705563443264095
46.4	0.09184	-5.61874	-0.0705563443264095
46.45	0.0916	-5.6317	-0.07071908725853847
46.5	0.09207	-5.67372	-0.0712467460554566
46.55	0.09209	-5.68157	-0.07134532105678469
46.6	0.092	-5.68157	-0.07134532105678469
46.65	0.09221	-5.68157	-0.07134532105678469
46.7	0.09207	-5.68157	-0.07134532105678469
46.75	0.09198	-5.68157	-0.07134532105678469
46.8	0.09169	-5.67843	-0.07130589105625344
46.85	0.09137	-5.65958	-0.07106918547981589
46.9	0.09126	-5.63602	-0.07077333490258145
46.95	0.09157	-5.60421	-0.07037388639401493
47.0	0.09227	-5.54492	-0.06962936259417496
47.05	0.09218	-5.47855	-0.06879593293326454
47.1	0.09254	-5.41454	-0.06799213855937761
47.15	0.0919	-5.3411	-0.06706992861064684
47.2	0.09209	-5.27788	-0.06627605452351776
47.25	0.09198	-5.23743	-0.06576811072686527
47.3	0.09215	-5.18834	-0.06515167164212679
47.35	0.09178	-5.16989	-0.0649199889956932
47.4	0.09161	-5.16949	-0.06491496606568922
47.45	0.09171	-5.17656	-0.06500374635350958
47.5	0.09172	-5.19777	-0.06527008721697063
47.55	0.09181	-5.20248	-0.0653292322177675
47.6	0.09204	-5.20248	-0.0653292322177675
47.65	0.09189	-5.20248	-0.0653292322177675
47.7	0.09187	-5.20248	-0.0653292322177675
47.75	0.09143	-5.20248	-0.0653292322177675
47.8	0.09128	-5.20248	-0.0653292322177675
47.85	0.09129	-5.19423	-0.06522563428643541
47.9	0.09167	-5.17185	-0.06494460135271271
47.95	0.09206	-5.13651	-0.06450082548686106
48.0	0.09196	-5.07525	-0.06373156375675149
48.05	0.092	-5.00535	-0.06285380673855594
48.1	0.09209	-4.93466	-0.06196612943360254
48.15	0.09203	-4.87222	-0.06118205005998123
48.2	0.09175	-4.82078	-0.060536101261469376
48.25	0.09161	-4.7548	-0.05970756895731284
48.3	0.09193	-4.70375	-0.05906651751555486
48.35	0.09195	-4.65741	-0.05848461107459375
48.4	0.09178	-4.64799	-0.05836632107300002
48.45	0.0918	-4.64878	-0.058376241359757886
48.5	0.09167	-4.67234	-0.05867209193699231
48.55	0.09238	-4.69472	-0.05895312487071501
48.6	0.09215	-4.69511	-0.05895802222746888
48.65	0.09232	-4.69551	-0.05896304515747286
48.7	0.09232	-4.69668	-0.05897773722773451
48.75	0.09204	-4.69668	-0.05897773722773451
48.8	0.09209	-4.69668	-0.05897773722773451
48.85	0.09203	-4.69354	-0.05893830722720326
48.9	0.09219	-4.67469	-0.0587016016507657
48.95	0.09198	-4.64406	-0.05831697078571091
49.0	0.09258	-4.58987	-0.05763648934342169
49.05	0.09279	-4.49719	-0.05647267646149947
49.1	0.09242	-4.41394	-0.0554272791544211
49.15	0.09239	-4.33658	-0.05445584449165131
49.2	0.09209	-4.28199	-0.05377034011935813
49.25	0.09227	-4.24194	-0.05326741925270959
49.3	0.09232	-4.21445	-0.05292221838818606
49.35	0.09232	-4.19992	-0.05273976045579147
49.4	0.09216	-4.19717	-0.05270522781201411
49.45	0.09215	-4.20149	-0.052759475456057095
49.5	0.09235	-4.22937	-0.05310957367733453
49.55	0.09277	-4.24429	-0.05329692896648299
49.6	0.09265	-4.24429	-0.05329692896648299
49.65	0.09265	-4.24429	-0.05329692896648299
49.7	0.09219	-4.24429	-0.05329692896648299
49.75	0.09244	-4.24429	-0.05329692896648299
49.8	0.09184	-4.24115	-0.05325749896595174
49.85	0.09227	-4.22741	-0.05308496132031502
49.9	0.09227	-4.18539	-0.052557302523396895
49.95	0.09204	-4.10921	-0.05160068550413886
50.0	0.09254	-3.99611	-0.050180452045513455
50.05	0.09267	-3.91207	-0.04912513445167722
50.1	0.09283	-3.83589	-0.048168517432419185
50.15	0.09262	-3.7762	-0.04741897070257523
50.2	0.09262	-3.73693	-0.04692584454943448
50.25	0.09271	-3.73379	-0.04688641454890323
50.3	0.09306	-3.73379	-0.04688641454890323
50.35	0.09264	-3.73379	-0.04688641454890323
50.4	0.09229	-3.75421	-0.04714283512560642
50.45	0.09335	-3.78248	-0.04749783070363772
50.5	0.0936	-3.78169	-0.047487910416879865
50.55	0.09392	-3.78209	-0.04749293334688385
50.6	0.09406	-3.78248	-0.04749783070363772
50.65	0.09416	-3.78209	-0.04749293334688385
50.7	0.09407	-3.78012	-0.04746819541661424
50.75	0.09357	-3.7758	-0.047413947772571255
50.8	0.0932	-3.7385	-0.0469455595497001
50.85	0.0937	-3.69334	-0.04637847075225073
50.9	0.0939	-3.6199	-0.045456260803519964
50.95	0.09354	-3.55825	-0.044682101716656514
51.0	0.09441	-3.50131	-0.04396708763058993
51.05	0.09457	-3.46007	-0.04344922354717957
51.1	0.0948	-3.43848	-0.04317811090021474
51.15	0.095	-3.41216	-0.04284760210595284
51.2	0.09483	-3.40078	-0.042704699747339606
51.25	0.09467	-3.39921	-0.04268498474707398
51.3	0.0947	-3.40392	-0.04274412974787085
51.35	0.09451	-3.42866	-0.04305479796861702
51.4	0.09445	-3.43533	-0.043138555326433396
51.45	0.09465	-3.43533	-0.043138555326433396
51.5	0.09489	-3.43533	-0.043138555326433396
51.55	0.09457	-3.43533	-0.043138555326433396
51.6	0.09477	-3.43376	-0.04311884032616777
51.65	0.09479	-3.42787	-0.04304487768185916
51.7	0.09428	-3.40156	-0.042714494460847366
51.75	0.09409	-3.35405	-0.04211789594962461
51.8	0.09399	-3.27197	-0.04108719071280787
51.85	0.09406	-3.20246	-0.04021433105136621
51.9	0.09421	-3.14631	-0.03950923725205749
51.95	0.09441	-3.09015	-0.038804017879498665
52.0	0.09494	-3.02379	-0.03797071379183835
52.05	0.09521	-2.98373	-0.03746766735193973
52.1	0.09566	-2.97116	-0.037309821776564646
52.15	0.09587	-2.9692	-0.03728520941954515
52.2	0.09593	-2.96881	-0.03728031206279127
52.25	0.09569	-2.97077	-0.037304924419810766
52.3	0.09575	-2.98766	-0.037517017639228836
52.35	0.09579	-2.99865	-0.03765502264108819
52.4	0.09592	-2.99865	-0.03765502264108819
52.45	0.09567	-2.99865	-0.03765502264108819
52.5	0.09579	-2.99865	-0.03765502264108819
52.55	0.09589	-2.99747	-0.03764020499757645
52.6	0.09569	-2.99708	-0.03763530764082257
52.65	0.09579	-2.98098	-0.03743313470816237
52.7	0.09541	-2.94996	-0.0370436064863537
52.75	0.09567	-2.90715	-0.03650602740267772
52.8	0.0957	-2.84314	-0.03570223302879078
52.85	0.09561	-2.77442	-0.034839293654106984
52.9	0.09569	-2.72062	-0.03416370956857164
52.95	0.09579	-2.66564	-0.03347330783952456
53.0	0.09557	-2.61067	-0.03278303168372758
53.05	0.09561	-2.5659	-0.032220840243032095
53.1	0.09602	-2.52584	-0.03171779380313348
53.15	0.09587	-2.50228	-0.031421943225899036
53.2	0.09641	-2.49914	-0.031382513225367795
53.25	0.09671	-2.50424	-0.03144655558291854
53.3	0.09673	-2.52192	-0.03166856908909447
53.35	0.09671	-2.52427	-0.03169807880286785
53.4	0.09633	-2.52427	-0.03169807880286785
53.45	0.09613	-2.52427	-0.03169807880286785
53.5	0.09654	-2.52427	-0.03169807880286785
53.55	0.09615	-2.52427	-0.03169807880286785
53.6	0.09631	-2.52427	-0.03169807880286785
53.65	0.09616	-2.48971	-0.031264097650523966
53.7	0.09589	-2.43474	-0.030573821494726983
53.75	0.09605	-2.3774	-0.02985378447865642
53.8	0.09624	-2.30436	-0.02893659745992963
53.85	0.09567	-2.2537	-0.028300443374925533
53.9	0.09607	-2.20383	-0.0276742095766793
53.95	0.09619	-2.15985	-0.027121938422741677
54.0	0.09634	-2.11586	-0.026569541695553953
54.05	0.09624	-2.07385	-0.02604200847188593
54.1	0.09584	-2.06089	-0.025879265539756974
54.15	0.09581	-2.06089	-0.025879265539756974
54.2	0.09576	-2.06089	-0.025879265539756974
54.25	0.09598	-2.06246	-0.025898980540022595
54.3	0.09666	-2.07424	-0.02604690582863981
54.35	0.09657	-2.08131	-0.026135686116460163
54.4	0.09682	-2.08131	-0.026135686116460163
54.45	0.09703	-2.08131	-0.026135686116460163
54.5	0.09714	-2.08131	-0.026135686116460163
54.55	0.09715	-2.08131	-0.026135686116460163
54.6	0.09723	-2.07974	-0.026115971116194542
54.65	0.09677	-2.05028	-0.025746032321401394
54.7	0.09656	-1.9902	-0.024991588234803568
54.75	0.0968	-1.91951	-0.024103910929850165
54.8	0.09695	-1.90066	-0.023867205353412597
54.85	0.09677	-1.90066	-0.023867205353412597
54.9	0.09689	-1.89674	-0.02381798063937359
54.95	0.09688	-1.84687	-0.023191746841127358
55.0	0.09724	-1.77971	-0.022348396893459077
55.05	0.09692	-1.71885	-0.021584158093353487
55.1	0.09724	-1.66505	-0.020908574007818148
55.15	0.09723	-1.61242	-0.020247681992544453
55.2	0.09732	-1.56451	-0.019646060551317724
55.25	0.09703	-1.54724	-0.019429195548395874
55.3	0.09715	-1.55195	-0.019488340549192743
55.35	0.09732	-1.55666	-0.01954748554998961
55.4	0.09708	-1.55666	-0.01954748554998961
55.45	0.09727	-1.55666	-0.01954748554998961
55.5	0.09737	-1.55666	-0.01954748554998961
55.55	0.09731	-1.55666	-0.01954748554998961
55.6	0.09769	-1.55666	-0.01954748554998961
55.65	0.09796	-1.55666	-0.01954748554998961
55.7	0.09782	-1.54881	-0.019448910548661498
55.75	0.09769	-1.51503	-0.01902472410982537
55.8	0.09743	-1.45456	-0.01826538266647366
55.85	0.09805	-1.36581	-0.017150920071840547
55.9	0.09807	-1.29512	-0.016263242766887145
55.95	0.09782	-1.21855	-0.015301728390875232
56.0	0.09836	-1.15768	-0.014537364017519544
56.05	0.09811	-1.09642	-0.013768102287409972
56.1	0.09811	-1.05715	-0.013274976134269215
56.15	0.09822	-0.98371	-0.012352766185538447
56.2	0.0986	-0.94091	-0.011815312675112564
56.25	0.09828	-0.93462	-0.011736327100799976
56.3	0.09819	-0.93541	-0.011746247387557836
56.35	0.09836	-0.94091	-0.011815312675112564
56.4	0.09833	-0.94248	-0.011835027675378185
56.45	0.09843	-0.94248	-0.011835027675378185
56.5	0.09833	-0.94248	-0.011835027675378185
56.55	0.09816	-0.94248	-0.011835027675378185
56.6	0.09825	-0.94248	-0.011835027675378185
56.65	0.09804	-0.94052	-0.011810415318358684
56.7	0.09834	-0.91263	-0.011460191523831164
56.75	0.09836	-0.84234	-0.010577537148881738
56.8	0.09908	-0.76812	-0.00964553248664321
56.85	0.09921	-0.68762	-0.008634667823342192
56.9	0.09892	-0.62753	-0.007880098163494264
56.95	0.09874	-0.56627	-0.007110836433384694
57.0	0.09874	-0.51836	-0.006509214992157964
57.05	0.09898	-0.43865	-0.005508270615614805
57.1	0.09863	-0.42569	-0.005345527683485846
57.15	0.09859	-0.42569	-0.005345527683485846
57.2	0.09813	-0.43511	-0.00546381768507958
57.25	0.09537	-0.43511	-0.00546381768507958
57.3	0.09402	-0.43511	-0.00546381768507958
57.35	0.09363	-0.43511	-0.00546381768507958
57.4	0.09383	-0.43511	-0.00546381768507958
57.45	0.09377	-0.43511	-0.00546381768507958
57.5	0.09537	-0.42961	-0.005394752397524852
57.55	0.09734	-0.41469	-0.00520739710837639
57.6	0.0984	-0.36914	-0.004635410954173143
57.65	0.09929	-0.29374	-0.0036885886484228723
57.7	0.09946	-0.22698	-0.0028502616307585736
57.75	0.09937	-0.17907	-0.0022486401895318434
57.8	0.09955	-0.11467	-0.0014399484588910286
57.85	0.1001	-0.05341	-0.0006706867287814584
57.9	0.10059	0.00707	8.878028782035033e-05
57.95	0.10054	0.02985	0.0003748361515470237
58.0	0.1012	0.02985	0.0003748361515470237
58.05	0.10106	0.02631	0.00033038322101179877
58.1	0.10141	0.01571	0.000197275575906323
58.15	0.10147	0.01571	0.000197275575906323
58.2	0.10124	0.01571	0.000197275575906323
58.25	0.10121	0.01571	0.000197275575906323
58.3	0.10135	0.01571	0.000197275575906323
58.35	0.10091	0.01571	0.000197275575906323
58.4	0.10095	0.01571	0.000197275575906323
58.45	0.10106	0.02985	0.0003748361515470237
58.5	0.10098	0.02985	0.0003748361515470237
58.55	0.10059	0.02985	0.0003748361515470237
58.6	0.1006	0.02985	0.0003748361515470237
58.65	0.10065	0.02827	0.0003549955780313018
58.7	0.10068	0.02827	0.0003549955780313018
58.75	0.10089	0.02827	0.0003549955780313018
58.8	0.10057	0.02827	0.0003549955780313018
58.85	0.10056	0.02827	0.0003549955780313018
58.9	0.10062	0.01257	0.0001578455753750783
58.95	0.10022	-0.0267	-0.00033528057776567946
59.0	0.10004	-0.04869	-0.0006114161547344919
59.05	0.10011	-0.07775	-0.0009763320195236546
59.1	0.10033	-0.09346	-0.0011736075954299776
59.15	0.10023	-0.10446	-0.0013117381705394335
59.2	0.10027	-0.11781	-0.0014793784594222732
59.25	0.10017	-0.16218	-0.0020365469701137786
59.3	0.10022	-0.22855	-0.002869976631024196
59.35	0.10008	-0.30199	-0.003792186579754964
59.4	0.09978	-0.38327	-0.004812845956563744
59.45	0.0992	-0.42922	-0.0053898550407709715
59.5	0.09926	-0.49873	-0.0062627147022126335
59.55	0.09879	-0.57766	-0.007253864365248029
59.6	0.09871	-0.63303	-0.00794916345104899
59.65	0.09833	-0.63931	-0.00802802345211148
59.7	0.09863	-0.63853	-0.00801822873860372
59.75	0.0985	-0.63657	-0.007993616381584216
59.8	0.09869	-0.63617	-0.007988593451580235
59.85	0.09846	-0.63617	-0.007988593451580235
59.9	0.09846	-0.63617	-0.007988593451580235
59.95	0.09842	-0.63617	-0.007988593451580235
60.0	0.0985	-0.63617	-0.007988593451580235
60.05	0.09851	-0.63696	-0.007998513738338096
60.1	0.09828	-0.65424	-0.008215504314510043
60.15	0.09834	-0.71982	-0.0090390136886626
60.2	0.09775	-0.81996	-0.010296504215159047
60.25	0.09746	-0.87533	-0.010991803300960008
60.3	0.0976	-0.94483	-0.01186453738915157
60.35	0.09755	-1.01905	-0.0127965420513901
60.4	0.09778	-1.076	-0.013511681710706783
60.45	0.09816	-1.12233	-0.014093462578417792
60.5	0.0981	-1.15768	-0.014537364017519544
60.55	0.09805	-1.19773	-0.015040284884168061
60.6	0.09755	-1.24093	-0.015582761324597927
60.65	0.09787	-1.25035	-0.01570105132619166
60.7	0.09761	-1.248	-0.015671541612418276
60.75	0.09743	-1.23268	-0.015479163393265834
60.8	0.09732	-1.22836	-0.015424915749222846
60.85	0.0974	-1.22836	-0.015424915749222846
60.9	0.09743	-1.22836	-0.015424915749222846
60.95	0.0974	-1.22836	-0.015424915749222846
61.0	0.09735	-1.22993	-0.015444630749488469
61.05	0.09758	-1.24014	-0.015572841037840065
61.1	0.09749	-1.28491	-0.01613503247853555
61.15	0.09738	-1.37209	-0.017229780072903038
61.2	0.09735	-1.47027	-0.01846265824237998
61.25	0.09724	-1.5763	-0.019794111413185038
61.3	0.09691	-1.64227	-0.020622518144091474
61.35	0.09708	-1.69882	-0.02133263487340418
61.4	0.09683	-1.77343	-0.02226953689239659
61.45	0.09662	-1.81466	-0.022787275402556848
61.5	0.09662	-1.8394	-0.023097943623303027
61.55	0.09659	-1.86297	-0.02339391977378756
61.6	0.09676	-1.86925	-0.02347277977485005
61.65	0.0965	-1.86375	-0.02340371448729532
61.7	0.097	-1.84726	-0.023196644197881235
61.75	0.09712	-1.84726	-0.023196644197881235
61.8	0.09691	-1.84726	-0.023196644197881235
61.85	0.09715	-1.84726	-0.023196644197881235
61.9	0.09692	-1.84804	-0.023206438911389
61.95	0.09714	-1.85236	-0.023260686555431984
62.0	0.09706	-1.8881	-0.023709485351287616
62.05	0.09671	-1.99295	-0.025026120878580933
62.1	0.09648	-2.1088	-0.026480886980983703
62.15	0.09644	-2.21522	-0.027817237508542637
62.2	0.09645	-2.29808	-0.028857737458867144
62.25	0.0959	-2.34677	-0.02946915361360163
62.3	0.09613	-2.40489	-0.030198985343179958
62.35	0.09592	-2.47126	-0.031032415004090375
62.4	0.09572	-2.51171	-0.03154035880074287
62.45	0.09465	-2.51799	-0.03161921880180537
62.5	0.09412	-2.51799	-0.03161921880180537
62.55	0.09335	-2.50385	-0.03144165822616466
62.6	0.09293	-2.47715	-0.031106377648398985
62.65	0.09251	-2.47715	-0.031106377648398985
62.7	0.09288	-2.47715	-0.031106377648398985
62.75	0.09325	-2.47715	-0.031106377648398985
62.8	0.09465	-2.47715	-0.031106377648398985
62.85	0.09492	-2.47715	-0.031106377648398985
62.9	0.09528	-2.48343	-0.031185237649461472
62.95	0.09561	-2.50503	-0.031456475869676405
63.0	0.09494	-2.55412	-0.03207291495441488
63.05	0.09416	-2.6413	-0.03316766254878237
63.1	0.09393	-2.73319	-0.03432155514394672
63.15	0.09409	-2.81565	-0.03535703216426724
63.2	0.09474	-2.8777	-0.03613621418113467
63.25	0.0946	-2.94917	-0.037033686199595836
63.3	0.09439	-3.012	-0.03782266292997103
63.35	0.09348	-3.06188	-0.038449022301467364
63.4	0.09322	-3.11175	-0.039075256099713594
63.45	0.09264	-3.15848	-0.03966205989742858
63.5	0.09251	-3.17144	-0.03982480282955755
63.55	0.09239	-3.14081	-0.03944017196450276
63.6	0.0928	-3.11646	-0.03913440110051047
63.65	0.09322	-3.11646	-0.03913440110051047
63.7	0.09355	-3.11646	-0.03913440110051047
63.75	0.09349	-3.11646	-0.03913440110051047
63.8	0.09349	-3.11646	-0.03913440110051047
63.85	0.09351	-3.12549	-0.03924779374535032
63.9	0.09412	-3.15966	-0.03967687754094033
63.95	0.09428	-3.21739	-0.040401811913764775
64.0	0.0945	-3.3191	-0.04167901744052684
64.05	0.09464	-3.39489	-0.042630737103030995
64.1	0.09444	-3.45104	-0.043335830902339716
64.15	0.09398	-3.51309	-0.04411501291920715
64.2	0.0939	-3.58142	-0.04497305493713707
64.25	0.09224	-3.63875	-0.04569296637995753
64.3	0.09129	-3.68666	-0.046294587821184265
64.35	0.09167	-3.72632	-0.0467926113310789
64.4	0.09306	-3.75578	-0.047162550125872046
64.45	0.0938	-3.7601	-0.04721679776991503
64.5	0.09354	-3.75421	-0.04714283512560642
64.55	0.09351	-3.73182	-0.04686167661863363
64.6	0.09338	-3.72593	-0.04678771397432502
64.65	0.09331	-3.72593	-0.04678771397432502
64.7	0.09322	-3.72593	-0.04678771397432502
64.75	0.09308	-3.72593	-0.04678771397432502
64.8	0.09312	-3.7275	-0.04680742897459064
64.85	0.09355	-3.75303	-0.04712801748209468
64.9	0.09358	-3.81468	-0.047902176568958135
64.95	0.09381	-3.90225	-0.0490018215200795
65.0	0.09419	-3.96626	-0.04980561589396643
65.05	0.0939	-4.02635	-0.05056018555381436
65.1	0.09366	-4.0825	-0.05126527935312308
65.15	0.09392	-4.13512	-0.05192604579514668
65.2	0.09349	-4.17989	-0.05248823723584217
65.25	0.09363	-4.23134	-0.05313431160760413
65.3	0.09349	-4.28121	-0.05376054540585035
65.35	0.09329	-4.29574	-0.05394300333824494
65.4	0.09311	-4.29456	-0.05392818569473319
65.45	0.09294	-4.27375	-0.053666867761276126
65.5	0.093	-4.25765	-0.05346469482861592
65.55	0.09296	-4.25686	-0.053454774541858055
65.6	0.09302	-4.25686	-0.053454774541858055
65.65	0.09285	-4.25686	-0.053454774541858055
65.7	0.09299	-4.25686	-0.053454774541858055
65.75	0.09251	-4.25686	-0.053454774541858055
65.8	0.09254	-4.26	-0.053494204542389304
65.85	0.09296	-4.28867	-0.05385422305042459
65.9	0.09372	-4.33462	-0.054431232134631816
65.95	0.09386	-4.42297	-0.05554067179926095
66.0	0.09416	-4.49876	-0.056492391461765094
66.05	0.09438	-4.54314	-0.057049685545706705
66.1	0.09428	-4.60322	-0.05780412963230454
66.15	0.09447	-4.65624	-0.05846991900433211
66.2	0.09422	-4.70925	-0.059135582803109585
66.25	0.09401	-4.76462	-0.059830881888910545
66.3	0.09418	-4.8035	-0.060319110685297425
66.35	0.09407	-4.82824	-0.060629778906043603
66.4	0.09395	-4.8412	-0.06079252183817256
66.45	0.09392	-4.84277	-0.06081223683843818
66.5	0.09401	-4.8412	-0.06079252183817256
66.55	0.09418	-4.81371	-0.06044732097364903
66.6	0.09349	-4.79879	-0.060259965684500566
66.65	0.09335	-4.79879	-0.060259965684500566
66.7	0.09337	-4.79879	-0.060259965684500566
66.75	0.09335	-4.79879	-0.060259965684500566
66.8	0.09277	-4.79879	-0.060259965684500566
66.85	0.09329	-4.80978	-0.060397970686359916
66.9	0.09357	-4.8467	-0.06086158712572729
66.95	0.09401	-4.90717	-0.061620928569079
67.0	0.09462	-5.00299	-0.06282417145153245
67.05	0.09445	-5.06189	-0.06356379789461855
67.1	0.09447	-5.10431	-0.06409647962154065
67.15	0.09425	-5.17499	-0.06498403135324396
67.2	0.09419	-5.24961	-0.06592105894548646
67.25	0.09366	-5.29005	-0.06642887716888886
67.3	0.0937	-5.32186	-0.06682832567745539
67.35	0.0937	-5.34778	-0.0671538115417133
67.4	0.09369	-5.35171	-0.0672031618290024
67.45	0.09381	-5.34778	-0.0671538115417133
67.5	0.09357	-5.3305	-0.06693682096554136
67.55	0.09334	-5.325	-0.06686775567798664
67.6	0.09317	-5.325	-0.06686775567798664
67.65	0.09338	-5.325	-0.06686775567798664
67.7	0.09332	-5.325	-0.06686775567798664
67.75	0.09293	-5.325	-0.06686775567798664
67.8	0.09288	-5.32657	-0.06688747067825226
67.85	0.09325	-5.35249	-0.06721295654251018
67.9	0.09363	-5.40433	-0.06786392827102601
67.95	0.09393	-5.50329	-0.06910660115401071
68.0	0.09401	-5.5779	-0.07004350317300312
68.05	0.09436	-5.62542	-0.07064022725747597
68.1	0.09428	-5.6855	-0.0713946713440738
68.15	0.09389	-5.72791	-0.0719272274977458
68.2	0.09377	-5.76954	-0.07244998893791005
68.25	0.09369	-5.81588	-0.07303189537887116
68.3	0.09315	-5.84808	-0.07343624124419157
68.35	0.09341	-5.87792	-0.07381095182248848
68.4	0.09369	-5.89992	-0.0740872129727074
68.45	0.09372	-5.89874	-0.07407239532919566
68.5	0.09348	-5.87557	-0.0737814421087151
68.55	0.09338	-5.85593	-0.07353481624551968
68.6	0.09323	-5.85593	-0.07353481624551968
68.65	0.09317	-5.85593	-0.07353481624551968
68.7	0.09309	-5.85593	-0.07353481624551968
68.75	0.09282	-5.85593	-0.07353481624551968
68.8	0.09258	-5.85593	-0.07353481624551968
68.85	0.09283	-5.86497	-0.07364833446360962
68.9	0.09348	-5.89913	-0.07407729268594955
68.95	0.09354	-5.96393	-0.07489100734659433
69.0	0.09389	-6.057	-0.07605971758527043
69.05	0.09386	-6.09823	-0.0765774560954307
69.1	0.09389	-6.15046	-0.0772333251807004
69.15	0.09381	-6.20858	-0.07796315691027873
69.2	0.09326	-6.26748	-0.07870278335336482
69.25	0.09326	-6.32482	-0.07942282036943538
69.3	0.093	-6.37351	-0.08003423652416987
69.35	0.0932	-6.41278	-0.08052736267731063
69.4	0.09296	-6.42927	-0.08073443296672471
69.45	0.09294	-6.42927	-0.08073443296672471
69.5	0.09312	-6.41671	-0.08057671296459974
69.55	0.09245	-6.40179	-0.08038935767545127
69.6	0.0928	-6.401	-0.08037943738869341
69.65	0.09271	-6.401	-0.08037943738869341
69.7	0.09238	-6.401	-0.08037943738869341
69.75	0.09213	-6.401	-0.08037943738869341
69.8	0.09213	-6.401	-0.08037943738869341
69.85	0.09256	-6.42456	-0.08067528796592785
69.9	0.09326	-6.46226	-0.08114869911880299
69.95	0.09335	-6.5353	-0.08206588613752978
70.0	0.09334	-6.60049	-0.08288449815492845
70.05	0.09328	-6.66843	-0.08373764281610449
70.1	0.09294	-6.74893	-0.0847485074794055
70.15	0.09305	-6.82943	-0.08575937214270653
70.2	0.09245	-6.89894	-0.08663223180414818
70.25	0.0927	-6.94921	-0.0872634885323984
70.3	0.0925	-6.9767	-0.08760868939692194
70.35	0.09247	-6.99241	-0.08780596497282826
70.4	0.09276	-6.99633	-0.08785518968686727
70.45	0.09209	-6.98769	-0.0877466943987813
70.5	0.09219	-6.97984	-0.08764811939745319
70.55	0.09268	-6.97905	-0.08763819911069533
70.6	0.09247	-6.97905	-0.08763819911069533
70.65	0.09238	-6.97905	-0.08763819911069533
70.7	0.09235	-6.97905	-0.08763819911069533
70.75	0.0921	-6.97905	-0.08763819911069533
70.8	0.09203	-6.97905	-0.08763819911069533
70.85	0.09242	-6.99123	-0.08779114732931652
70.9	0.09285	-7.04031	-0.08840746084080489
70.95	0.09326	-7.14948	-0.08977834401214119
71.0	0.09322	-7.24766	-0.09101122218161814
71.05	0.09314	-7.28732	-0.09150924569151278
71.1	0.09273	-7.34191	-0.09219475006380598
71.15	0.09262	-7.38707	-0.09276183886125534
71.2	0.09238	-7.4283	-0.09327957737141561
71.25	0.09242	-7.47268	-0.09383687145535721
71.3	0.09248	-7.51862	-0.09441375496631435
71.35	0.09222	-7.55514	-0.09487234847567773
71.4	0.09236	-7.55868	-0.09491680140621296
71.45	0.09215	-7.55397	-0.09485765640541609
71.5	0.09198	-7.54454	-0.09473924083057225
71.55	0.09245	-7.54454	-0.09473924083057225
71.6	0.09264	-7.54454	-0.09473924083057225
71.65	0.09245	-7.54454	-0.09473924083057225
71.7	0.09193	-7.54454	-0.09473924083057225
71.75	0.09221	-7.54454	-0.09473924083057225
71.8	0.09175	-7.54454	-0.09473924083057225
71.85	0.0921	-7.54454	-0.09473924083057225
71.9	0.09265	-7.54454	-0.09473924083057225
71.95	0.09277	-7.54454	-0.09473924083057225
72.0	0.09273	-7.54454	-0.09473924083057225
72.05	0.09261	-7.54454	-0.09473924083057225
72.1	0.09245	-7.54454	-0.09473924083057225
72.15	0.09227	-7.54454	-0.09473924083057225
72.2	0.09253	-7.54454	-0.09473924083057225
72.25	0.09169	-7.54454	-0.09473924083057225
72.3	0.09207	-7.54454	-0.09473924083057225
72.35	0.09195	-7.54454	-0.09473924083057225
72.4	0.0921	-7.54454	-0.09473924083057225
72.45	0.09204	-7.54297	-0.09471952583030664
72.5	0.0919	-7.54297	-0.09471952583030664
72.55	0.09218	-7.54297	-0.09471952583030664
72.6	0.09241	-7.54297	-0.09471952583030664
72.65	0.09158	-7.54297	-0.09471952583030664
72.7	0.09135	-7.54218	-0.09470960554354878
72.75	0.09135	-7.5414	-0.09469981083004102
72.8	0.09178	-7.55711	-0.09489708640594734
72.85	0.09279	-7.61955	-0.09568116577956866
72.9	0.09273	-7.71497	-0.09687938573201813
72.95	0.09157	-7.78095	-0.09770791803617467
73.0	0.09082	-7.84456	-0.09850668948005763
73.05	0.09091	-7.90425	-0.09925623620990157
73.1	0.091	-7.94745	-0.09979871265033143
73.15	0.09109	-7.97533	-0.10014881087160885
73.2	0.09099	-7.97808	-0.10018334351538621
73.25	0.09106	-7.97455	-0.10013901615810109
73.3	0.09073	-7.95923	-0.09994663793894865
73.35	0.09158	-7.95452	-0.09988749293815177
73.4	0.09187	-7.95295	-0.09986777793788616
73.45	0.09213	-7.95295	-0.09986777793788616
73.5	0.09198	-7.95295	-0.09986777793788616
73.55	0.09177	-7.95295	-0.09986777793788616
73.6	0.09151	-7.95295	-0.09986777793788616
73.65	0.09164	-7.96826	-0.1000600305837885
73.7	0.09161	-7.99379	-0.10038061909129253
73.75	0.09233	-8.03699	-0.10092309553172239
73.8	0.09218	-8.08961	-0.10158386197374601
73.85	0.09253	-8.14576	-0.10228895577305472
73.9	0.09305	-8.24747	-0.10356616129981679
73.95	0.09309	-8.34918	-0.10484336682657887
74.0	0.09294	-8.43047	-0.10586415177663774
74.05	0.09285	-8.49801	-0.1067122735078098
74.1	0.09259	-8.53886	-0.10722524023446628
74.15	0.09279	-8.5526	-0.107397777880103
74.2	0.09253	-8.55142	-0.10738296023659126
74.25	0.09222	-8.52001	-0.1069885346580287
74.3	0.09193	-8.51922	-0.10697861437127086
74.35	0.09172	-8.51843	-0.106968694084513
74.4	0.09161	-8.51843	-0.106968694084513
74.45	0.09196	-8.51843	-0.106968694084513
74.5	0.09178	-8.51843	-0.106968694084513
74.55	0.09167	-8.51843	-0.106968694084513
74.6	0.09148	-8.51843	-0.106968694084513
74.65	0.09128	-8.51883	-0.10697371701451697
74.7	0.09128	-8.5365	-0.1071956049474428
74.75	0.09108	-8.58127	-0.10775779638813829
74.8	0.09113	-8.65824	-0.10872433369415417
74.85	0.09062	-8.74149	-0.10976973100123256
74.9	0.09117	-8.80196	-0.11052907244458426
74.95	0.09129	-8.84123	-0.11102219859772502
75.0	0.09212	-8.89543	-0.11170280561326433
75.05	0.09244	-8.9504	-0.11239308176906133
75.1	0.09274	-8.99674	-0.11297498821002244
75.15	0.09253	-9.01009	-0.11314262849890527
75.2	0.0916	-9.01009	-0.11314262849890527
75.25	0.09154	-8.99203	-0.11291584320922557
75.3	0.09058	-8.97004	-0.11263970763225674
75.35	0.09128	-8.96925	-0.1126297873454989
75.4	0.09088	-8.96925	-0.1126297873454989
75.45	0.09119	-8.96925	-0.1126297873454989
75.5	0.09122	-8.96925	-0.1126297873454989
75.55	0.09128	-8.96925	-0.1126297873454989
75.6	0.09116	-8.96925	-0.1126297873454989
75.65	0.091	-8.99831	-0.11299470321028805
75.7	0.09157	-9.04701	-0.11360624493827265
75.75	0.09119	-9.13929	-0.1147650348901909
75.8	0.09114	-9.23315	-0.11594366541562484
75.85	0.09128	-9.30972	-0.11690517979163675
75.9	0.09082	-9.37295	-0.11769917945201593
75.95	0.091	-9.43028	-0.11841909089483639
76.0	0.09161	-9.49076	-0.1191785579114382
76.05	0.09186	-9.53317	-0.1197111140651102
76.1	0.09262	-9.56851	-0.12015488993096185
76.15	0.09251	-9.57558	-0.12024367021878221
76.2	0.09207	-9.57244	-0.12020424021825096
76.25	0.0918	-9.54495	-0.11985903935372742
76.3	0.09108	-9.53317	-0.1197111140651102
76.35	0.0914	-9.53317	-0.1197111140651102
76.4	0.09119	-9.53317	-0.1197111140651102
76.45	0.09113	-9.53317	-0.1197111140651102
76.5	0.091	-9.53317	-0.1197111140651102
76.55	0.09164	-9.53317	-0.1197111140651102
76.6	0.09123	-9.53631	-0.11975054406564145
76.65	0.09117	-9.55084	-0.11993300199803604
76.7	0.09148	-9.59365	-0.12047058108171202
76.75	0.09175	-9.66001	-0.12130388516937232
76.8	0.09154	-9.74209	-0.12233459040618906
76.85	0.09129	-9.80649	-0.12314328213682989
76.9	0.09087	-9.87325	-0.12398160915449419
76.95	0.09071	-9.94001	-0.12481993617215847
77.0	0.09091	-10.00441	-0.1256286279027993
77.05	0.09177	-10.06292	-0.1263633569891315
77.1	0.09253	-10.10337	-0.126871300785784
77.15	0.09299	-10.13204	-0.12723131929381928
77.2	0.09288	-10.13793	-0.1273052819381279
77.25	0.09242	-10.12693	-0.12716715136301843
77.3	0.09192	-10.09944	-0.1268219504984949
77.35	0.09161	-10.09552	-0.1267727257844559
77.4	0.09163	-10.09552	-0.1267727257844559
77.45	0.09125	-10.09552	-0.1267727257844559
77.5	0.09151	-10.09552	-0.1267727257844559
77.55	0.0918	-10.09669	-0.12678741785471753
77.6	0.09178	-10.09709	-0.12679244078472152
77.65	0.09213	-10.12379	-0.12712772136248718
77.7	0.09204	-10.15992	-0.1275814175150967
77.75	0.09184	-10.21725	-0.12830132895791718
77.8	0.09186	-10.28715	-0.12917908597611272
77.85	0.09209	-10.35195	-0.12999280063675753
77.9	0.09181	-10.40732	-0.1306880997225585
77.95	0.09123	-10.44502	-0.1311615108754336
78.0	0.09128	-10.49136	-0.13174341731639472
78.05	0.09142	-10.54359	-0.13239928640166443
78.1	0.09209	-10.59346	-0.13302552019991068
78.15	0.09302	-10.63155	-0.1335038287095397
78.2	0.09309	-10.65472	-0.13379478193002023
78.25	0.09341	-10.65472	-0.13379478193002023
78.3	0.09294	-10.65393	-0.1337848616432624
78.35	0.09213	-10.6343	-0.13353836135331704
78.4	0.09221	-10.61545	-0.13330165577687947
78.45	0.0921	-10.61545	-0.13330165577687947
78.5	0.0919	-10.61545	-0.13330165577687947
78.55	0.09204	-10.61545	-0.13330165577687947
78.6	0.09196	-10.61545	-0.13330165577687947
78.65	0.09206	-10.61584	-0.13330655313363335
78.7	0.09172	-10.61702	-0.1333213707771451
78.75	0.09201	-10.62645	-0.13343978635198894
78.8	0.0921	-10.65786	-0.13383421193055148
78.85	0.09219	-10.69399	-0.134287908083161
78.9	0.0921	-10.77174	-0.13526424010268465
78.95	0.09213	-10.85303	-0.13628502505274354
79.0	0.0919	-10.91704	-0.13708881942663045
79.05	0.09164	-10.97359	-0.13779893615594316
79.1	0.09158	-11.01914	-0.13837092231014642
79.15	0.09206	-11.06705	-0.13897254375137313
79.2	0.09271	-11.11968	-0.13963343576664686
79.25	0.09346	-11.16523	-0.1402054219208501
79.3	0.0936	-11.19193	-0.14054070249861575
79.35	0.09338	-11.19625	-0.14059495014265874
79.4	0.09241	-11.19664	-0.14059984749941262
79.45	0.09273	-11.19429	-0.14057033778563927
79.5	0.09288	-11.16994	-0.14026456692164696
79.55	0.09193	-11.15266	-0.140047576345475
79.6	0.09207	-11.15266	-0.140047576345475
79.65	0.09209	-11.15266	-0.140047576345475
79.7	0.09233	-11.15266	-0.140047576345475
79.75	0.09235	-11.15266	-0.140047576345475
79.8	0.09236	-11.15266	-0.140047576345475
79.85	0.09242	-11.16523	-0.1402054219208501
79.9	0.09209	-11.19272	-0.1405506227853736
79.95	0.09233	-11.24612	-0.14122118394090497
80.0	0.09233	-11.33802	-0.14237520210931945
80.05	0.0921	-11.40556	-0.1432233238404915
80.1	0.09222	-11.47782	-0.14413071614571052
80.15	0.09271	-11.53829	-0.14489005758906223
80.2	0.09297	-11.58934	-0.1455311090308202
80.25	0.0934	-11.62861	-0.14602423518396096
80.3	0.09393	-11.66867	-0.14652728162385958
80.35	0.09419	-11.71108	-0.1470598377775316
80.4	0.09448	-11.74014	-0.14742475364232074
80.45	0.09375	-11.74014	-0.14742475364232074
80.5	0.09349	-11.72914	-0.1472866230672113
80.55	0.09343	-11.70755	-0.14701551042024646
80.6	0.09332	-11.70401	-0.14697105748971123
80.65	0.09357	-11.70401	-0.14697105748971123
80.7	0.09358	-11.70401	-0.14697105748971123
80.75	0.09335	-11.70401	-0.14697105748971123
80.8	0.09331	-11.70401	-0.14697105748971123
80.85	0.09358	-11.70951	-0.14704012277726597
80.9	0.09311	-11.73464	-0.14735568835476603
80.95	0.0934	-11.78334	-0.14796723008275062
81.0	0.09329	-11.86738	-0.14902254767658688
81.05	0.09323	-11.94709	-0.15002349205313
81.1	0.09285	-12.00246	-0.15071879113893097
81.15	0.0929	-12.06137	-0.15145854315526716
81.2	0.09262	-12.11242	-0.15209959459702513
81.25	0.09303	-12.16975	-0.15281950603984562
81.3	0.0934	-12.21688	-0.15341133276756458
81.35	0.09389	-12.25693	-0.1539142536342131
81.4	0.09424	-12.29777	-0.15442709478761946
81.45	0.09451	-12.30523	-0.1545207724321937
81.5	0.09482	-12.30877	-0.15456522536272893
81.55	0.09431	-12.30877	-0.15456522536272893
81.6	0.09348	-12.27264	-0.15411152921011942
81.65	0.09375	-12.27264	-0.15411152921011942
81.7	0.09334	-12.27264	-0.15411152921011942
81.75	0.09351	-12.27264	-0.15411152921011942
81.8	0.09361	-12.27264	-0.15411152921011942
81.85	0.09378	-12.27264	-0.15411152921011942
81.9	0.09378	-12.27264	-0.15411152921011942
81.95	0.09369	-12.27853	-0.154185491854428
82.0	0.09392	-12.31348	-0.1546243703635258
82.05	0.09398	-12.37474	-0.15539363209363535
82.1	0.09375	-12.45485	-0.1563995994001825
82.15	0.09378	-12.54203	-0.15749434699455
82.2	0.09384	-12.62293	-0.158510234587855
82.25	0.09348	-12.6834	-0.1592695760312067
82.3	0.09309	-12.73367	-0.1599008327594569
82.35	0.09337	-12.78747	-0.16057641684499227
82.4	0.09366	-12.82713	-0.16107444035488688
82.45	0.09436	-12.85541	-0.16142956150616827
82.5	0.09447	-12.87033	-0.16161691679531676
82.55	0.09496	-12.87111	-0.16162671150882452
82.6	0.09473	-12.85384	-0.16140984650590268
82.65	0.09474	-12.85069	-0.16137029093212132
82.7	0.09457	-12.85069	-0.16137029093212132
82.75	0.09454	-12.85069	-0.16137029093212132
82.8	0.09441	-12.85069	-0.16137029093212132
82.85	0.09451	-12.85069	-0.16137029093212132
82.9	0.09442	-12.85069	-0.16137029093212132
82.95	0.09454	-12.85894	-0.16147388886345343
83.0	0.09424	-12.88211	-0.161764842083934
83.05	0.09473	-12.94376	-0.16253900117079742
83.1	0.09456	-13.0494	-0.1638655569848486
83.15	0.09477	-13.15032	-0.1651328422248528
83.2	0.09486	-13.24968	-0.16638053803784147
83.25	0.09502	-13.34667	-0.16759847299055658
83.3	0.09415	-13.41461	-0.16845161765173264
83.35	0.09424	-13.44131	-0.1687868982294983
83.4	0.09428	-13.44446	-0.16882645380327965
83.45	0.0937	-13.44485	-0.16883135116003353
83.5	0.09409	-13.44603	-0.16884616880354528
83.55	0.09476	-13.44603	-0.16884616880354528
83.6	0.09506	-13.43503	-0.1687080382284358
83.65	0.09564	-13.42404	-0.16857003322657646
83.7	0.09547	-13.42404	-0.16857003322657646
83.75	0.09558	-13.42404	-0.16857003322657646
83.8	0.09523	-13.42404	-0.16857003322657646
83.85	0.0948	-13.42404	-0.16857003322657646
83.9	0.09526	-13.42325	-0.1685601129398186
83.95	0.09506	-13.42246	-0.16855019265306073
84.0	0.09531	-13.42561	-0.1685897482268421
84.05	0.09547	-13.46291	-0.16905813644971326
84.1	0.09558	-13.53556	-0.16997042611168617
84.15	0.09561	-13.64709	-0.17137094457004595
84.2	0.09579	-13.73662	-0.17249520187818682
84.25	0.09605	-13.84226	-0.17382175769223798
84.3	0.09621	-13.92591	-0.17487217792932033
84.35	0.09619	-13.99423	-0.17573009437400017
84.4	0.09567	-14.06492	-0.17661777167895357
84.45	0.0956	-14.10733	-0.17715032783262558
84.5	0.09564	-14.13247	-0.17746601898337572
84.55	0.09511	-14.13993	-0.17755969662794996
84.6	0.09517	-14.13561	-0.17750544898390697
84.65	0.09517	-14.10733	-0.17715032783262558
84.7	0.0956	-14.10733	-0.17715032783262558
84.75	0.09633	-14.10733	-0.17715032783262558
84.8	0.09656	-14.10733	-0.17715032783262558
84.85	0.09663	-14.10733	-0.17715032783262558
84.9	0.0966	-14.10733	-0.17715032783262558
84.95	0.09662	-14.11558	-0.17725392576395765
85.0	0.09651	-14.14817	-0.17766316898603196
85.05	0.09665	-14.20904	-0.17842753335938763
85.1	0.0966	-14.27148	-0.17921161273300895
85.15	0.0965	-14.27973	-0.17931521066434106
85.2	0.09639	-14.28012	-0.17932010802109494
85.25	0.09656	-14.28012	-0.17932010802109494
85.3	0.09627	-14.28012	-0.17932010802109494
85.35	0.09641	-14.28012	-0.17932010802109494
85.4	0.09663	-14.28012	-0.17932010802109494
85.45	0.09644	-14.28012	-0.17932010802109494
85.5	0.09668	-14.28012	-0.17932010802109494
85.55	0.09641	-14.27894	-0.1793052903775832
85.6	0.09647	-14.27227	-0.17922153301976682
85.65	0.09627	-14.26245	-0.17909822008816909
85.7	0.09607	-14.26127	-0.17908340244465734
85.75	0.09489	-14.26245	-0.17909822008816909
85.8	0.09419	-14.26127	-0.17908340244465734
85.85	0.0957	-14.25891	-0.17905376715763388
85.9	0.09581	-14.24635	-0.17889604715550889
85.95	0.09645	-14.20904	-0.17842753335938763
86.0	0.09666	-14.18273	-0.17809715013837585
86.05	0.09727	-14.12775	-0.17740674840932877
86.1	0.09712	-14.09005	-0.17693333725645363
86.15	0.09721	-14.06767	-0.17665230432273094
86.2	0.09711	-14.03665	-0.17626277610092228
86.25	0.09666	-13.98285	-0.17558719201538692
86.3	0.0965	-13.91255	-0.1747044120671874
86.35	0.09634	-13.83519	-0.17373297740441765
86.4	0.09631	-13.76804	-0.17288975302999945
86.45	0.09645	-13.69068	-0.17191831836722968
86.5	0.09602	-13.58583	-0.17060168283993635
86.55	0.09581	-13.51279	-0.1696844958212096
86.6	0.09546	-13.48687	-0.16935900995695166
86.65	0.09558	-13.48687	-0.16935900995695166
86.7	0.09561	-13.48687	-0.16935900995695166
86.75	0.09549	-13.4904	-0.16940333731423676
86.8	0.0955	-13.49315	-0.16943786995801416
86.85	0.09546	-13.49315	-0.16943786995801416
86.9	0.09515	-13.49315	-0.16943786995801416
86.95	0.09523	-13.49315	-0.16943786995801416
87.0	0.0947	-13.49315	-0.16943786995801416
87.05	0.09468	-13.48922	-0.16938851967072505
87.1	0.09489	-13.45938	-0.1690138090924281
87.15	0.09555	-13.36592	-0.16784020149699813
87.2	0.09613	-13.26853	-0.16661724361427907
87.25	0.09593	-13.19745	-0.16572466895257176
87.3	0.09618	-13.09809	-0.16447697313958307
87.35	0.09564	-13.01877	-0.1634809261197938
87.4	0.09547	-12.97479	-0.16292865496585618
87.45	0.0955	-12.91078	-0.16212486059196926
87.5	0.09502	-12.84048	-0.16124208064376971
87.55	0.09471	-12.79493	-0.16067009448956648
87.6	0.09489	-12.78472	-0.1605418842012149
87.65	0.09467	-12.78472	-0.1605418842012149
87.7	0.09467	-12.79807	-0.1607095244900977
87.75	0.09492	-12.81142	-0.16087716477898056
87.8	0.09482	-12.81142	-0.16087716477898056
87.85	0.09441	-12.81142	-0.16087716477898056
87.9	0.09431	-12.81142	-0.16087716477898056
87.95	0.09436	-12.81142	-0.16087716477898056
88.0	0.09447	-12.79886	-0.16071944477685557
88.05	0.09447	-12.75762	-0.16020158069344523
88.1	0.09413	-12.6944	-0.15940770660631615
88.15	0.09363	-12.58876	-0.15808115079226498
88.2	0.09334	-12.51611	-0.15716886113029208
88.25	0.09381	-12.46428	-0.15651801497502635
88.3	0.09415	-12.40145	-0.15572903824465115
88.35	0.09427	-12.31741	-0.15467372065081492
88.4	0.09451	-12.26322	-0.15399323920852567
88.45	0.0945	-12.18939	-0.15306613190304103
88.5	0.09441	-12.10928	-0.1520601645964939
88.55	0.09416	-12.10339	-0.15198620195218526
88.6	0.09369	-12.10299	-0.1519811790221813
88.65	0.09361	-12.10417	-0.15199599666569305
88.7	0.0941	-12.1352	-0.1523856504607518
88.75	0.09393	-12.16622	-0.15277517868256046
88.8	0.09404	-12.1674	-0.15278999632607224
88.85	0.09415	-12.1674	-0.15278999632607224
88.9	0.09386	-12.1674	-0.15278999632607224
88.95	0.0939	-12.1674	-0.15278999632607224
89.0	0.09363	-12.13598	-0.15239544517425957
89.05	0.09366	-12.12263	-0.1522278048853767
89.1	0.09358	-12.08336	-0.15173467873223598
89.15	0.09332	-12.01346	-0.15085692171404044
89.2	0.09309	-11.90822	-0.14953538882999323
89.25	0.09323	-11.83164	-0.14857374888073122
89.3	0.09312	-11.78491	-0.14798694508301624
89.35	0.09247	-11.72168	-0.14719294542263706
89.4	0.09256	-11.67574	-0.14661606191167992
89.45	0.09282	-11.60662	-0.14574809960699214
89.5	0.09276	-11.50845	-0.1445153470107653
89.55	0.09343	-11.42088	-0.14341570205964393
89.6	0.09367	-11.39771	-0.14312474883916337
89.65	0.09364	-11.39771	-0.14312474883916337
89.7	0.09367	-11.39849	-0.14313454355267116
89.75	0.09331	-11.4252	-0.14346994970368693
89.8	0.09319	-11.4574	-0.14387429556900733
89.85	0.09344	-11.4574	-0.14387429556900733
89.9	0.09334	-11.4574	-0.14387429556900733
89.95	0.09344	-11.4574	-0.14387429556900733
90.0	0.09343	-11.4574	-0.14387429556900733
90.05	0.09328	-11.42834	-0.14350937970421818
90.1	0.09286	-11.39299	-0.14306547826511642
90.15	0.09314	-11.33056	-0.1422815244647452
90.2	0.09291	-11.22649	-0.14097468365095966
90.25	0.09286	-11.09376	-0.13930794990238893
90.3	0.09248	-10.98851	-0.1379862914450916
90.35	0.09222	-10.91744	-0.13709384235663444
90.4	0.09238	-10.85735	-0.13633927269678653
90.45	0.09195	-10.7957	-0.13556511360992307
90.5	0.09158	-10.73483	-0.13480074923656737
90.55	0.09146	-10.67514	-0.13405120250672342
90.6	0.09224	-10.64058	-0.13361722135437953
90.65	0.09279	-10.63901	-0.1335975063541139
90.7	0.09294	-10.64608	-0.13368628664193424
90.75	0.09312	-10.69674	-0.13432244072693836
90.8	0.09308	-10.71127	-0.13450489865933293
90.85	0.09274	-10.71127	-0.13450489865933293
90.9	0.09267	-10.71127	-0.13450489865933293
90.95	0.09274	-10.71127	-0.13450489865933293
91.0	0.09262	-10.71127	-0.13450489865933293
91.05	0.09224	-10.66257	-0.13389335693134835
91.1	0.09224	-10.58482	-0.1329170249118247
91.15	0.09253	-10.45287	-0.13126008587676172
91.2	0.09219	-10.31229	-0.1294947771268629
91.25	0.09247	-10.20115	-0.12809915602525695
91.3	0.09203	-10.08609	-0.12665431020961207
91.35	0.09233	-9.98988	-0.1254461699704047
91.4	0.09181	-9.91959	-0.12456351559545528
91.45	0.0918	-9.85793	-0.12378923093534173
91.5	0.0916	-9.79471	-0.12299535684821267
91.55	0.09145	-9.7468	-0.12239373540698595
91.6	0.09142	-9.73894	-0.12229503483240772
91.65	0.09128	-9.74955	-0.12242826805076329
91.7	0.09184	-9.79471	-0.12299535684821267
91.75	0.09251	-9.81159	-0.12320732449438064
91.8	0.09312	-9.8112	-0.12320242713762675
91.85	0.09299	-9.8112	-0.12320242713762675
91.9	0.0929	-9.81199	-0.12321234742438461
91.95	0.09248	-9.81159	-0.12320732449438064
92.0	0.09221	-9.78136	-0.12282771655932982
92.05	0.09196	-9.71656	-0.12201400189868503
92.1	0.09187	-9.60778	-0.12064801608410261
92.15	0.0921	-9.49547	-0.11923770291223505
92.2	0.09189	-9.40594	-0.11811344560409419
92.25	0.09203	-9.30266	-0.1168165250770665
92.3	0.0914	-9.22058	-0.11578581984024977
92.35	0.09175	-9.15618	-0.11497712810960896
92.4	0.09164	-9.10591	-0.11434587138135874
92.45	0.09175	-9.04151	-0.11353717965071793
92.5	0.09164	-8.96925	-0.1126297873454989
92.55	0.09151	-8.93705	-0.11222544148017848
92.6	0.09119	-8.93313	-0.11217621676613948
92.65	0.09113	-8.93313	-0.11217621676613948
92.7	0.09122	-8.94334	-0.11230442705449106
92.75	0.09172	-8.98771	-0.11286159556518258
92.8	0.09183	-8.9991	-0.11300462349704592
92.85	0.09258	-8.9991	-0.11300462349704592
92.9	0.09299	-8.99831	-0.11299470321028805
92.95	0.09279	-8.99753	-0.11298490849678029
93.0	0.09283	-8.99596	-0.11296519349651468
93.05	0.09189	-8.95394	-0.11243753469959654
93.1	0.09183	-8.91349	-0.11192959090294405
93.15	0.0916	-8.83181	-0.1109039085961313
93.2	0.09183	-8.68808	-0.1090990442724511
93.25	0.09167	-8.61033	-0.10812271225292744
93.3	0.09152	-8.53179	-0.10713645994664595
93.35	0.09177	-8.44382	-0.10603179206552059
93.4	0.09172	-8.39748	-0.10544988562455947
93.45	0.09177	-8.35625	-0.1049321471143992
93.5	0.09135	-8.28831	-0.10407900245322316
93.55	0.0914	-8.2192	-0.1032111657217855
93.6	0.0916	-8.19642	-0.10292510985805882
93.65	0.09128	-8.17443	-0.10264897428108999
93.7	0.09114	-8.15794	-0.10244190399167592
93.75	0.09119	-8.15558	-0.10241226870465245
93.8	0.09131	-8.16658	-0.1025503992797619
93.85	0.09209	-8.23255	-0.10337880601066833
93.9	0.0921	-8.23255	-0.10337880601066833
93.95	0.09264	-8.23255	-0.10337880601066833
94.0	0.0928	-8.23255	-0.10337880601066833
94.05	0.09283	-8.23137	-0.10336398836715659
94.1	0.09254	-8.21606	-0.10317173572125425
94.15	0.09193	-8.19367	-0.10289057721428144
94.2	0.0918	-8.13516	-0.10215584812794926
94.25	0.09187	-8.03659	-0.10091807260171842
94.3	0.09186	-7.95216	-0.0998578576511283
94.35	0.0919	-7.87009	-0.09882727798756166
94.4	0.09186	-7.80215	-0.09797413332638562
94.45	0.09201	-7.76092	-0.09745639481622535
94.5	0.09172	-7.70241	-0.09672166572989316
94.55	0.09158	-7.63565	-0.09588333871222886
94.6	0.09178	-7.56025	-0.09493651640647859
94.65	0.0914	-7.49506	-0.0941179043890799
94.7	0.09152	-7.4393	-0.09341770794652507
94.75	0.09138	-7.38942	-0.09279134857502873
94.8	0.09135	-7.37961	-0.09266816121668112
94.85	0.0916	-7.3961	-0.0928752315060952
94.9	0.09169	-7.43144	-0.09331900737194686
94.95	0.09196	-7.43144	-0.09331900737194686
95.0	0.09233	-7.43144	-0.09331900737194686
95.05	0.09279	-7.43144	-0.09331900737194686
95.1	0.09241	-7.43144	-0.09331900737194686
95.15	0.09239	-7.41731	-0.09314157236955625
95.2	0.09186	-7.40317	-0.09296401179391556
95.25	0.092	-7.37489	-0.09260889064263414
95.3	0.09171	-7.31913	-0.09190869420007931
95.35	0.09209	-7.2457	-0.09098660982459864
95.4	0.09171	-7.17697	-0.09012354487666474
95.45	0.09238	-7.09608	-0.08910778285660984
95.5	0.09183	-7.01518	-0.08809189526330484
95.55	0.09209	-6.94135	-0.08716478795782019
95.6	0.0918	-6.85967	-0.08613910565100744
95.65	0.09195	-6.76778	-0.08498521305584308
95.7	0.0919	-6.70966	-0.08425538132626476
95.75	0.09193	-6.6645	-0.08368829252881539
95.8	0.09178	-6.63348	-0.08329876430700671
95.85	0.09161	-6.63191	-0.0832790493067411
95.9	0.09163	-6.63191	-0.0832790493067411
95.95	0.09207	-6.65665	-0.08358971752748727
96.0	0.09229	-6.67118	-0.08377217545988185
96.05	0.0928	-6.67118	-0.08377217545988185
96.1	0.09296	-6.67118	-0.08377217545988185
96.15	0.09344	-6.67118	-0.08377217545988185
96.2	0.09299	-6.67118	-0.08377217545988185
96.25	0.09271	-6.65076	-0.08351575488317867
96.3	0.09251	-6.6162	-0.08308177373083478
96.35	0.09241	-6.54865	-0.08223352642641261
96.4	0.09256	-6.46069	-0.08112898411853736
96.45	0.09248	-6.39275	-0.08027583945736133
96.5	0.09242	-6.31225	-0.0792649747940603
96.55	0.09286	-6.23528	-0.07829843748804442
96.6	0.09254	-6.16381	-0.07740096546958325
96.65	0.09251	-6.0731	-0.07626189051793064
96.7	0.09264	-5.9816	-0.07511289527952016
96.75	0.09258	-5.8795	-0.07383079239600421
96.8	0.09254	-5.82923	-0.07319953566775399
96.85	0.09253	-5.82923	-0.07319953566775399
96.9	0.09262	-5.83551	-0.07327839566881648
96.95	0.09248	-5.87478	-0.07377152182195724
97.0	0.09213	-5.88735	-0.07392936739733232
97.05	0.09241	-5.88735	-0.07392936739733232
97.1	0.09241	-5.88735	-0.07392936739733232
97.15	0.09291	-5.88853	-0.07394418504084406
97.2	0.09349	-5.88892	-0.07394908239759794
97.25	0.09386	-5.87753	-0.07380605446573461
97.3	0.09332	-5.84808	-0.07343624124419157
97.35	0.09325	-5.82805	-0.07318471802424226
97.4	0.09251	-5.80253	-0.07286425508998831
97.45	0.09241	-5.75776	-0.07230206364929283
97.5	0.0925	-5.67451	-0.07125666634221445
97.55	0.09268	-5.58536	-0.07013718081757735
97.6	0.09296	-5.53235	-0.06947151701879987
97.65	0.09309	-5.47266	-0.06872197028895594
97.7	0.09314	-5.40983	-0.06793299355858075
97.75	0.09322	-5.34464	-0.06711438154118206
97.8	0.09315	-5.24489	-0.0658617883714395
97.85	0.09326	-5.13219	-0.06444657784281807
97.9	0.09338	-5.09724	-0.0640076993337203
97.95	0.09285	-5.0941	-0.06396826933318905
98.0	0.09285	-5.0941	-0.06396826933318905
98.05	0.09323	-5.11059	-0.06417533962260313
98.1	0.09325	-5.15771	-0.064767040777072
98.15	0.093	-5.16478	-0.06485582106489236
98.2	0.09276	-5.16478	-0.06485582106489236
98.25	0.09328	-5.16478	-0.06485582106489236
98.3	0.09377	-5.16086	-0.06480659635085334
98.35	0.09419	-5.13101	-0.06443176019930633
98.4	0.09433	-5.1098	-0.06416541933584527
98.45	0.09418	-5.05836	-0.06351947053733342
98.5	0.09404	-4.94016	-0.06203519472115726
98.55	0.09346	-4.80193	-0.0602993956850318
98.6	0.09346	-4.67626	-0.05872131665103132
98.65	0.09337	-4.57691	-0.05747374641129273
98.7	0.09332	-4.49012	-0.05638389617367913
98.75	0.09329	-4.41158	-0.05539764386739761
98.8	0.09334	-4.34483	-0.05455944242298341
98.85	0.09349	-4.27767	-0.05371609247531513
98.9	0.09337	-4.21524	-0.05293213867494392
98.95	0.0934	-4.18932	-0.05260665281068601
99.0	0.09337	-4.1956	-0.05268551281174849
99.05	0.09404	-4.22623	-0.05307014367680328
99.1	0.09386	-4.23801	-0.053218068965420494
99.15	0.09346	-4.23801	-0.053218068965420494
99.2	0.09351	-4.23801	-0.053218068965420494
99.25	0.09323	-4.23801	-0.053218068965420494
99.3	0.09283	-4.23723	-0.053208274251912734
99.35	0.09338	-4.23173	-0.053139208964358
99.4	0.09334	-4.1846	-0.05254738223663903
99.45	0.0946	-4.10803	-0.051585867860627126
99.5	0.09464	-3.9804	-0.049983176469607135
99.55	0.09442	-3.85984	-0.0484692653664075
99.6	0.09453	-3.74949	-0.04708356455155946
99.65	0.09393	-3.67135	-0.04610233517528192
99.7	0.09399	-3.60027	-0.045209760513574636
99.75	0.09399	-3.5233	-0.04424322320755874
99.8	0.09404	-3.45575	-0.04339497590313658
99.85	0.09401	-3.39567	-0.042640531816538756
99.9	0.09407	-3.33323	-0.04185645244291744
99.95	0.09413	-3.29553	-0.041383041290042305
100.0	0.09433	-3.29239	-0.04134361128951106
100.05	0.09462	-3.31517	-0.04162966715323774
100.1	0.09489	-3.32773	-0.04178738715536271
100.15	0.09474	-3.32852	-0.041797307442120575
100.2	0.09476	-3.32852	-0.041797307442120575
100.25	0.0948	-3.32852	-0.041797307442120575
100.3	0.09467	-3.32852	-0.041797307442120575
100.35	0.09401	-3.32616	-0.041767672155097094
100.4	0.09329	-3.28768	-0.0412844662887142
100.45	0.09323	-3.21189	-0.040332746626210045
100.5	0.09323	-3.10782	-0.03902590581242449
100.55	0.09422	-2.97431	-0.037349377350346
100.6	0.09492	-2.86828	-0.03601792417954094
100.65	0.09528	-2.79288	-0.035071101873790665
100.7	0.09563	-2.68449	-0.03371001341596213
100.75	0.09564	-2.58553	-0.03246734053297742
100.8	0.09584	-2.49128	-0.03128381265078959
100.85	0.09613	-2.40136	-0.030154657985894832
100.9	0.09631	-2.34127	-0.029400088326046906
100.95	0.09607	-2.3236	-0.029178200393121075
101.0	0.09665	-2.32949	-0.029252163037429686
101.05	0.09671	-2.33813	-0.02936065832551566
101.1	0.09659	-2.34049	-0.029390293612539142
101.15	0.09666	-2.34049	-0.029390293612539142
101.2	0.09665	-2.34049	-0.029390293612539142
101.25	0.09653	-2.34049	-0.029390293612539142
101.3	0.09659	-2.34049	-0.029390293612539142
101.35	0.09615	-2.33931	-0.029375475969027398
101.4	0.09583	-2.29022	-0.028759036884288932
101.45	0.09579	-2.16731	-0.027215616067315908
101.5	0.0959	-2.03732	-0.025583289389272436
101.55	0.09572	-1.92972	-0.02423212121820176
101.6	0.09647	-1.85354	-0.023275504198943725
101.65	0.09637	-1.77422	-0.022279457179154447
101.7	0.09605	-1.68861	-0.021204424585052582
101.75	0.09637	-1.60653	-0.020173719348235843
101.8	0.09642	-1.52682	-0.019172774971692688
101.85	0.09746	-1.46438	-0.018388695598071374
101.9	0.09782	-1.40901	-0.017693396512270414
101.95	0.09819	-1.37366	-0.017249495073168662
102.0	0.0983	-1.36659	-0.01716071478534831
102.05	0.09856	-1.37916	-0.01731856036072339
102.1	0.09846	-1.38387	-0.017377705361520255
102.15	0.09837	-1.38387	-0.017377705361520255
102.2	0.09804	-1.38387	-0.017377705361520255
102.25	0.09827	-1.38387	-0.017377705361520255
102.3	0.0981	-1.38387	-0.017377705361520255
102.35	0.09785	-1.37091	-0.017214962429391297
102.4	0.09747	-1.34146	-0.016845149207848256
102.45	0.09772	-1.26174	-0.015844079258054998
102.5	0.09747	-1.16082	-0.014576794018050787
102.55	0.09804	-1.05754	-0.013279873491023095
102.6	0.09804	-0.96447	-0.012111163252346999
102.65	0.09822	-0.9146	-0.011484929454100765
102.7	0.09792	-0.85137	-0.010690929793721592
102.75	0.09808	-0.77754	-0.009763822488236944
102.8	0.09808	-0.70372	-0.008836840756002395
102.85	0.09833	-0.64521	-0.008102111669670188
102.9	0.0985	-0.56627	-0.007110836433384694
102.95	0.09854	-0.49087	-0.006164014127634422
103.0	0.09879	-0.44768	-0.0056216632604546585
103.05	0.09903	-0.45003	-0.005651172974228042
103.1	0.09923	-0.45789	-0.005749873548806254
103.15	0.09973	-0.45867	-0.005759668262314015
103.2	0.0999	-0.45867	-0.005759668262314015
103.25	0.10007	-0.45867	-0.005759668262314015
103.3	0.1001	-0.45867	-0.005759668262314015
103.35	0.0999	-0.45867	-0.005759668262314015
103.4	0.09987	-0.4571	-0.005739953262048392
103.45	0.09982	-0.43197	-0.005424387684548336
103.5	0.09949	-0.40605	-0.0050989018202904175
103.55	0.09972	-0.33183	-0.0041668971580518886
103.6	0.09985	-0.21991	-0.0027614813429382235
103.65	0.10016	-0.13666	-0.001716084035859841
103.7	0.10031	-0.04869	-0.0006114161547344919
103.75	0.10056	0.01924	0.00024160293319144843
103.8	0.10054	0.02985	0.0003748361515470237
103.85	0.10039	0.02985	0.0003748361515470237
103.9	0.1003	0.02985	0.0003748361515470237
103.95	0.1001	0.02985	0.0003748361515470237
104.0	0.10016	0.02985	0.0003748361515470237
104.05	0.10022	0.02985	0.0003748361515470237
104.1	0.09991	0.02985	0.0003748361515470237
104.15	0.09976	0.02985	0.0003748361515470237
104.2	0.09969	0.02985	0.0003748361515470237
104.25	0.10056	0.02985	0.0003748361515470237
104.3	0.10063	0.02985	0.0003748361515470237
104.35	0.10103	0.02513	0.0003155655775000571
104.4	0.10146	0.02042	0.0002564205767031901
104.45	0.10158	0.02042	0.0002564205767031901
104.5	0.10143	0.02042	0.0002564205767031901
104.55	0.10133	0.02042	0.0002564205767031901
104.6	0.10109	0.02042	0.0002564205767031901
104.65	0.10115	0.02042	0.0002564205767031901
104.7	0.10132	0.02042	0.0002564205767031901
104.75	0.10117	0.02042	0.0002564205767031901
104.8	0.10098	0.02042	0.0002564205767031901
104.85	0.10101	0.02042	0.0002564205767031901
104.9	0.10071	0.02042	0.0002564205767031901
104.95	0.10085	0.02042	0.0002564205767031901
105.0	0.10089	0.02042	0.0002564205767031901
105.05	0.10104	0.02042	0.0002564205767031901
105.1	0.101	0.02042	0.0002564205767031901
105.15	0.10112	0.02042	0.0002564205767031901
105.2	0.10112	0.02042	0.0002564205767031901
105.25	0.10117	0.02042	0.0002564205767031901
105.3	0.10097	0.02042	0.0002564205767031901
105.35	0.10094	0.02042	0.0002564205767031901
105.4	0.10089	0.02042	0.0002564205767031901
105.45	0.10097	0.02042	0.0002564205767031901
105.5	0.10075	0.02042	0.0002564205767031901
105.55	0.10118	0.02042	0.0002564205767031901
105.6	0.10089	0.02042	0.0002564205767031901
105.65	0.10097	0.02042	0.0002564205767031901
105.7	0.10106	0.02042	0.0002564205767031901
105.75	0.1013	0.02042	0.0002564205767031901
105.8	0.10109	0.02042	0.0002564205767031901
105.85	0.10129	0.02042	0.0002564205767031901
105.9	0.10124	0.02042	0.0002564205767031901
105.95	0.10127	0.02042	0.0002564205767031901
106.0	0.10115	0.02042	0.0002564205767031901
106.05	0.10129	0.02042	0.0002564205767031901
106.1	0.10094	0.02042	0.0002564205767031901
106.15	0.10107	0.02042	0.0002564205767031901
106.2	0.10081	0.02042	0.0002564205767031901
106.25	0.10094	0.02042	0.0002564205767031901
106.3	0.10101	0.02042	0.0002564205767031901
106.35	0.10098	0.02042	0.0002564205767031901
106.4	0.10109	0.02042	0.0002564205767031901
106.45	0.10074	0.02042	0.0002564205767031901
106.5	0.10092	0.02042	0.0002564205767031901
106.55	0.10098	0.02042	0.0002564205767031901
106.6	0.10104	0.02042	0.0002564205767031901
106.65	0.10081	0.02042	0.0002564205767031901
106.7	0.10065	0.02042	0.0002564205767031901
106.75	0.10095	0.02042	0.0002564205767031901
106.8	0.101	0.02042	0.0002564205767031901
106.85	0.101	0.02042	0.0002564205767031901
106.9	0.10118	0.02042	0.0002564205767031901
106.95	0.1008	0.02042	0.0002564205767031901
107.0	0.10104	0.02042	0.0002564205767031901
107.05	0.10146	0.02042	0.0002564205767031901
