I	y
0.02996826	0.0
0.02999878	0.0
0.03012085	0.0
0.02989197	0.0
0.02949524	0.0
0.02957153	0.0
0.02923584	0.0
0.02883911	0.0
0.02844238	0.0
0.02854919	0.0
0.02844238	0.0
0.02864075	0.0
0.02870178	0.0
0.02905273	0.0
0.02955627	0.0
0.02992249	0.0
0.029953	0.0
0.03024292	0.0
0.03034973	0.0
0.03070068	0.0
0.03065491	0.0
0.03068542	0.0
0.03067017	0.0
0.03115845	0.0
0.03115845	0.0
0.03125	0.0
0.03178406	0.0
0.0316925	0.0
0.03123474	0.0
0.03158569	0.0
0.03134155	0.0
0.03134155	0.0
0.03146362	0.0
0.03152466	0.0
0.03143311	0.0
0.03192139	0.0
0.03179932	-0.0019462000000000001
0.03189087	-0.0068906
0.03187561	-0.0108356
0.03182983	-0.011835
0.03192139	-0.011835
0.03175354	-0.0167794
0.03213501	-0.0226706
0.03186035	-0.034505600000000004
0.03219604	-0.0532312
0.0319519	-0.0759544
0.03204346	-0.1006238
0.0317688	-0.1311844
0.03131104	-0.15974620000000003
0.03140259	-0.1878872
0.03121948	-0.23475379999999998
0.03138733	-0.29193
0.03141785	-0.3491062
0.03118896	-0.40438880000000005
0.03106689	-0.4605656
0.03105164	-0.49312500000000004
0.03109741	-0.516795
0.03086853	-0.5527734
0.03083801	-0.5927494
0.03077698	-0.6237834
0.0308075	-0.6548700000000001
0.03085327	-0.6893756
0.03077698	-0.698265
0.0308075	-0.698265
0.03096008	-0.698265
0.02981567	-0.7071544000000001
0.02990723	-0.7189894
0.02908325	-0.7278262
0.02944946	-0.74166
0.02937317	-0.7456050000000001
0.03068542	-0.7456050000000001
0.03070068	-0.7456050000000001
0.03071594	-0.7456050000000001
0.03059387	-0.7381884
0.03068542	-0.7278262
0.03065491	-0.7278262
0.03062439	-0.7278262
0.03063965	-0.7278262
0.0307312	-0.7278262
0.03063965	-0.7278262
0.0305481	-0.7278262
0.03085327	-0.7283522
0.03085327	-0.7308244
0.03070068	-0.7362422
0.03082275	-0.7456050000000001
0.03074646	-0.7564406
0.03057861	-0.7603856
0.03076172	-0.7643306000000001
0.03067017	-0.77322
0.03071594	-0.7958906
0.0307312	-0.8205600000000001
0.03076172	-0.8467022
0.03053284	-0.8698462
0.03076172	-0.8959884
0.03060913	-0.9172388
0.03094482	-0.9369638000000001
0.03082275	-0.95469
0.03083801	-0.9764138000000001
0.03086853	-0.9970856
0.03074646	-1.0163372
0.03102112	-1.03359
0.03096008	-1.0464244
0.03091431	-1.0592588
0.03108215	-1.0705678
0.03125	-1.0829288000000001
0.03105164	-1.0986562
0.03115845	-1.1085450000000001
0.03125	-1.1228522
0.03105164	-1.1421038000000001
0.03129578	-1.1652478000000002
0.03175354	-1.1943356
0.03158569	-1.2264216
0.0315094	-1.2564562000000001
0.03181458	-1.2835978000000001
0.03225708	-1.3097400000000001
0.03244019	-1.3344094000000002
0.03253174	-1.353135
0.03244019	-1.3550812
0.03271484	-1.3521356000000002
0.03292847	-1.3447716
0.03294373	-1.3432462
0.03334045	-1.3432462
0.03309631	-1.3432462
0.03295898	-1.3432462
0.03321838	-1.3432462
0.03312683	-1.3432462
0.03329468	-1.3432462
0.03320312	-1.3432462
0.03359985	-1.3432462
0.03317261	-1.3437722
0.03355408	-1.345245
0.03335571	-1.345245
0.03312683	-1.3471912
0.0333252	-1.3496634
0.03327942	-1.3521356000000002
0.03315735	-1.3560806
0.03303528	-1.3649700000000002
0.03286743	-1.3812234
0.03274536	-1.3994756000000002
0.03251648	-1.4088384
0.03250122	-1.4123100000000002
0.03239441	-1.4127834000000001
0.03225708	-1.4142562
0.03216553	-1.4157816
0.03192139	-1.4182012000000002
0.0316925	-1.4182012000000002
0.03102112	-1.4182012000000002
0.03106689	-1.4182012000000002
0.03092957	-1.4182012000000002
0.03042603	-1.4182012000000002
0.03048706	-1.4182012000000002
0.03018188	-1.4182012000000002
0.03019714	-1.4182012000000002
0.0296936	-1.4216728
0.02984619	-1.4290894
0.02963257	-1.4364534000000002
0.02931213	-1.4438700000000002
0.02909851	-1.4611228
0.02890015	-1.4764294000000002
0.02877808	-1.4843194
0.02896118	-1.4931562
0.02893066	-1.5015722
0.0292511	-1.5158794
0.02944946	-1.5316594000000001
0.02981567	-1.5483862000000002
0.029953	-1.5602212000000002
0.03033447	-1.57011
0.0304718	-1.5784734
0.03071594	-1.5838912
0.0307312	-1.5917812
0.03053284	-1.6056150000000002
0.03070068	-1.62534
0.03042603	-1.6470112000000001
0.03057861	-1.6657894000000002
0.0304718	-1.6795706
0.03036499	-1.6948772
0.03036499	-1.71213
0.03010559	-1.7219662
0.03030396	-1.7348006
0.03027344	-1.7505806000000002
0.02989197	-1.76736
0.03007507	-1.7964478
0.03010559	-1.8324262
0.03031921	-1.8595678
0.02972412	-1.8817650000000001
0.02998352	-1.9054350000000002
0.0295105	-1.9271588000000002
0.0295105	-1.9517756
0.02937317	-1.976445
0.02920532	-1.9991156
0.02919006	-2.0208394
0.02880859	-2.0380922
0.02903748	-2.055345
0.02893066	-2.0730712
0.02848816	-2.0927962
0.02874756	-2.1155193999999997
0.02867126	-2.1401362
0.02841187	-2.1623334
0.02841187	-2.1825844
0.02864075	-2.1983644
0.02861023	-2.2170900000000002
0.02822876	-2.2318706
0.02842712	-2.2476506000000005
0.02830505	-2.260485
0.02850342	-2.2683750000000003
0.02844238	-2.2742662
0.02833557	-2.2742662
0.02836609	-2.2742662
0.02868652	-2.2663762000000003
0.02864075	-2.2437056
0.0284729	-2.24076
0.0284729	-2.24076
0.02862549	-2.24076
0.02874756	-2.24076
0.0287323	-2.24076
0.02874756	-2.24076
0.02877808	-2.24076
0.02883911	-2.24076
0.02896118	-2.24076
0.02871704	-2.24076
0.02870178	-2.24076
0.0287323	-2.24076
0.02874756	-2.24076
0.0287323	-2.24076
0.02867126	-2.24076
0.02850342	-2.24076
0.02856445	-2.2437056
0.02874756	-2.2481766
0.02867126	-2.252595
0.02874756	-2.2560666000000005
0.02865601	-2.2634306
0.02857971	-2.2693744000000002
0.0284729	-2.276265
0.02854919	-2.2812094000000003
0.02845764	-2.2871006
0.02853394	-2.2974628
0.02835083	-2.3196600000000003
0.02853394	-2.3369128000000003
0.02838135	-2.3541656
0.02848816	-2.3714184
0.02853394	-2.3867249999999998
0.02833557	-2.4035044
0.02841187	-2.4192844
0.02868652	-2.4409556
0.02874756	-2.4676238
0.02874756	-2.4804056
0.02890015	-2.4863494
0.02851868	-2.4952388
0.02894592	-2.5110188
0.02894592	-2.5312172
0.02864075	-2.5524150000000003
0.02862549	-2.5691944
0.0287323	-2.5780838
0.02874756	-2.5928644000000003
0.0289917	-2.6066456
0.02894592	-2.6175338000000004
0.02893066	-2.6254238
0.02883911	-2.6337872
0.02882385	-2.6431500000000003
0.02888489	-2.6480944
0.02880859	-2.65104
0.02893066	-2.6594034000000004
0.02868652	-2.6717644
0.02894592	-2.6870184
0.0291748	-2.7003788
0.02893066	-2.7156328
0.02909851	-2.7319388000000004
0.02938843	-2.7407756
0.02949524	-2.7437738000000005
0.02937317	-2.7521372
0.02958679	-2.7634988000000003
0.02967834	-2.7762806
0.0297699	-2.7891150000000002
0.02967834	-2.7999506000000003
0.02967834	-2.8068938
0.02949524	-2.8196756
0.0294342	-2.8266188000000003
0.02955627	-2.8369284
0.02978516	-2.84829
0.02954102	-2.8596516000000003
0.02929688	-2.8700138
0.02940369	-2.8808494
0.02981567	-2.8966294
0.02975464	-2.9094638
0.02941895	-2.9153550000000004
0.0295105	-2.9227716000000004
0.02949524	-2.931135
0.02954102	-2.9439694
0.02935791	-2.9607488
0.02923584	-2.9913094
0.02914429	-3.0218700000000003
0.02961731	-3.0420684000000002
0.02961731	-3.0514838
0.02947998	-3.0647916
0.02993774	-3.0839906000000004
0.03010559	-3.104715
0.029953	-3.104715
0.02986145	-3.0909337999999997
0.02957153	-3.0909337999999997
0.02975464	-3.0909337999999997
0.02984619	-3.0909337999999997
0.02958679	-3.0909337999999997
0.02967834	-3.0909337999999997
0.02961731	-3.0894084000000004
0.0294342	-3.0889349999999998
0.0296936	-3.0889349999999998
0.02972412	-3.0889349999999998
0.02973938	-3.0889349999999998
0.02964783	-3.0889349999999998
0.02981567	-3.0899343999999997
0.02972412	-3.0938794
0.02987671	-3.10077
0.029953	-3.1067138
0.03004456	-3.1288584000000004
0.02966309	-3.156
0.02964783	-3.18756
0.0294342	-3.215175
0.02934265	-3.2398444
0.0292511	-3.2615156
0.02888489	-3.2817666
0.02911377	-3.3059100000000003
0.02896118	-3.3291066000000002
0.02885437	-3.3443606000000003
0.02938843	-3.3596672
0.02900696	-3.3808650000000005
0.02903748	-3.3985912000000003
0.02894592	-3.4074806000000004
0.02894592	-3.4148972000000004
0.02891541	-3.4222612
0.0287323	-3.4346222
0.02888489	-3.4449844000000005
0.02908325	-3.4508756000000003
0.02870178	-3.45582
0.0289917	-3.4612378
0.02911377	-3.4696012
0.02906799	-3.4780172
0.02877808	-3.4854338
0.02879333	-3.5016872
0.02844238	-3.5218856
0.02854919	-3.5361928000000002
0.02871704	-3.5446088000000002
0.02870178	-3.5475544
0.02853394	-3.5534456000000003
0.02857971	-3.5608622000000003
0.02868652	-3.5721712
0.02850342	-3.5879512000000005
0.02835083	-3.6076762
0.0284729	-3.6244556
0.02818298	-3.633345
0.02844238	-3.6387628
0.02830505	-3.649125
0.02832031	-3.6669038000000005
0.0280304	-3.6846300000000003
0.02839661	-3.696465
0.02851868	-3.7073006
0.02812195	-3.7196616000000002
0.02848816	-3.728025
0.02879333	-3.7408594
0.02870178	-3.7546406
0.02880859	-3.7654762
0.02883911	-3.77931
0.02902222	-3.7916184000000004
0.02911377	-3.8039794000000002
0.0291748	-3.8162878
0.02932739	-3.8285962000000002
0.02929688	-3.8404312
0.02914429	-3.8503200000000004
0.02914429	-3.8601562000000005
0.02919006	-3.870045
0.02905273	-3.8823534
0.02903748	-3.8956612
0.02862549	-3.9104944
0.02841187	-3.92133
0.02833557	-3.9356372
0.02868652	-3.948945
0.02809143	-3.9637256
0.02848816	-3.980505
0.02806091	-4.00023
0.02810669	-4.019955
0.02784729	-4.0367344
0.0279541	-4.051515
0.02801514	-4.0643494
0.02798462	-4.080129400000001
0.02801514	-4.0973822
0.02845764	-4.116581200000001
0.02871704	-4.1338866
0.02824402	-4.1441962000000006
0.02859497	-4.1575566
0.02903748	-4.169865000000001
0.02934265	-4.182699400000001
0.02955627	-4.193535000000001
0.02972412	-4.201425
0.02986145	-4.2073162
0.02993774	-4.2038972
0.0292511	-4.1984794
0.03034973	-4.1900634000000005
0.03079224	-4.1836462
0.03135681	-4.1836462
0.03155518	-4.1836462
0.03204346	-4.1836462
0.0324707	-4.1836462
0.03268433	-4.1836462
0.03286743	-4.1836462
0.03289795	-4.1836462
0.03289795	-4.1836462
0.0327301	-4.1836462
0.03282166	-4.1836462
0.0327301	-4.1836462
0.03233337	-4.185645
0.03210449	-4.1885906
0.03131104	-4.1925356
0.03138733	-4.193535000000001
0.03143311	-4.193535000000001
0.03128052	-4.1950078
0.03143311	-4.20537
0.03167725	-4.217205
0.03170776	-4.2290399999999995
0.03189087	-4.2517106
0.03187561	-4.2664912
0.03178406	-4.2813244
0.03186035	-4.300050000000001
0.0316925	-4.3177762
0.03207397	-4.338500600000001
0.03173828	-4.357752200000001
0.03135681	-4.3769512
0.03160095	-4.3942566
0.03137207	-4.41051
0.03123474	-4.422345000000001
0.03109741	-4.4282362
0.03102112	-4.4346534
0.03108215	-4.4489606
0.03120422	-4.4647406
0.03112793	-4.4834662000000005
0.03137207	-4.5007716
0.03115845	-4.5160256
0.03135681	-4.5268612
0.03134155	-4.5347512000000005
0.03135681	-4.546586200000001
0.03161621	-4.5554756
0.03161621	-4.5628922
0.03201294	-4.572255
0.03207397	-4.5865622
0.03204346	-4.598870600000001
0.03222656	-4.6141772
0.03230286	-4.627485
0.03213501	-4.6393200000000006
0.03244019	-4.650155600000001
0.03215027	-4.660991200000001
0.03233337	-4.67088
0.03237915	-4.6782966
0.03210449	-4.686660000000001
0.03239441	-4.6980216
0.03234863	-4.71033
0.03213501	-4.7206922
0.03196716	-4.734
0.03187561	-4.7473078
0.03190613	-4.75767
0.03184509	-4.767506200000001
0.03131104	-4.778394400000001
0.03137207	-4.7921756
0.03143311	-4.80501
0.03143311	-4.8173184000000004
0.03121948	-4.8306262
0.03149414	-4.8454594
0.0315094	-4.86024
0.03147888	-4.8725484
0.03178406	-4.88391
0.03166199	-4.8922734000000005
0.03201294	-4.89969
0.03192139	-4.9090528
0.03163147	-4.9174162
0.03172302	-4.928777800000001
0.03173828	-4.935195
0.03172302	-4.9381406
0.03187561	-4.9450312
0.03178406	-4.9578656
0.03166199	-4.9707
0.0319519	-4.980062800000001
0.03189087	-4.9874794
0.03196716	-4.994843400000001
0.03158569	-5.00226
0.03182983	-5.01015
0.03167725	-5.0190394000000005
0.03181458	-5.0264033999999995
0.03172302	-5.0318212
0.03170776	-5.0387644
0.03172302	-5.045655
0.0317688	-5.052545600000001
0.03173828	-5.061435
0.03153992	-5.069325
0.03172302	-5.077215
0.03135681	-5.079161200000001
0.03167725	-5.079161200000001
0.03144836	-5.079161200000001
0.03123474	-5.079161200000001
0.03146362	-5.079161200000001
0.03128052	-5.077215
0.03123474	-5.0624344
0.03137207	-5.053545000000001
0.03146362	-5.053545000000001
0.03143311	-5.053545000000001
0.03143311	-5.053545000000001
0.03118896	-5.053545000000001
0.03128052	-5.053545000000001
0.03140259	-5.053545000000001
0.03128052	-5.053545000000001
0.03115845	-5.053545000000001
0.03112793	-5.053545000000001
0.03114319	-5.053545000000001
0.03129578	-5.053545000000001
0.03117371	-5.053545000000001
0.03129578	-5.053545000000001
0.03108215	-5.0554912000000005
0.03096008	-5.0584894
0.03091431	-5.0643806
0.03082275	-5.0703244000000005
0.03106689	-5.077215
0.03057861	-5.0870512
0.0308075	-5.102831200000001
0.03053284	-5.1230822
0.03062439	-5.1363900000000005
0.03045654	-5.1393356
0.03053284	-5.1462262
0.0305481	-5.157587800000001
0.03033447	-5.17584
0.03015137	-5.195565
0.03013611	-5.2132912
0.03012085	-5.2295972
0.03031921	-5.2448512
0.02992249	-5.2601578
0.03009033	-5.2764112
0.02972412	-5.2912444
0.03013611	-5.307971200000001
0.03031921	-5.3242772
0.03022766	-5.3365856
0.03030396	-5.3474212
0.03048706	-5.357310000000001
0.0302887	-5.3652
0.0302124	-5.3760356
0.03036499	-5.3898694
0.03045654	-5.4026512
0.03057861	-5.4095944000000005
0.03065491	-5.4174844
0.03088379	-5.432738400000001
0.03062439	-5.4499912
0.03077698	-5.4633516
0.03051758	-5.469716200000001
0.03097534	-5.4776062
0.0308075	-5.4894412
0.03100586	-5.5012762
0.03128052	-5.511165
0.03157043	-5.521001200000001
0.03129578	-5.53089
0.03161621	-5.53878
0.03161621	-5.5486162000000006
0.03179932	-5.5555594
0.03205872	-5.558505
0.03213501	-5.5678678
0.03210449	-5.5752844
0.03234863	-5.5841212
0.03245544	-5.5920112
0.0327301	-5.6043722
0.03288269	-5.6166806000000005
0.03329468	-5.6305144
0.03326416	-5.645295
0.03340149	-5.6590761999999994
0.03343201	-5.666019400000001
0.03363037	-5.6684916
0.03341675	-5.676855000000001
0.03366089	-5.6862178000000005
0.03381348	-5.6945812
0.03373718	-5.7074156
0.03379822	-5.7221962
0.03410339	-5.7350306
0.03404236	-5.751810000000001
0.03431702	-5.7730078
0.03422546	-5.795205
0.03448486	-5.8168762
0.03443909	-5.8238194
0.034729	-5.829237200000001
0.03479004	-5.8366012000000005
0.03512573	-5.8494356
0.03518677	-5.8612706
0.03509521	-5.8686872
0.03517151	-5.878050000000001
0.03527832	-5.880522200000001
0.03552246	-5.8849406
0.0355835	-5.8878862000000005
0.03555298	-5.8878862000000005
0.03578186	-5.8869394
0.03620911	-5.876051200000001
0.03871155	-5.8593244
0.03875732	-5.8563262
0.03868103	-5.8563262
0.03912354	-5.8563262
0.03892517	-5.8563262
0.03878784	-5.8563262
0.03848267	-5.8563262
0.0388031	-5.8563262
0.03892517	-5.8563262
0.03871155	-5.8563262
0.03877258	-5.8563262
0.03881836	-5.8563262
0.03875732	-5.8563262
0.03871155	-5.858325
0.03877258	-5.8587984
0.03897095	-5.8602712
0.03866577	-5.8602712
0.03872681	-5.86227
0.03622437	-5.8736316
0.03529358	-5.8878862000000005
0.03579712	-5.902193400000001
0.03593445	-5.9155012000000005
0.03631592	-5.9357522000000005
0.03723145	-5.9559506
0.03759766	-5.970257800000001
0.03785706	-5.984565
0.03874207	-6.003290600000001
0.0398407	-6.0180712000000005
0.04055786	-6.0314316
0.04104614	-6.0456862000000005
0.04180908	-6.0614662
0.04298401	-6.0723544
0.04360962	-6.0876084
0.0443573	-6.1048612
0.04508972	-6.116696200000001
0.04597473	-6.13053
0.04656982	-6.1502550000000005
0.04707336	-6.167981200000001
0.04727173	-6.182814400000001
0.04702759	-6.1965956
0.04684448	-6.210429400000001
0.04698181	-6.221265000000001
0.04711914	-6.230627800000001
0.0463562	-6.238044400000001
0.04623413	-6.2498794
0.04592896	-6.260715
0.04525757	-6.2720766
0.04534912	-6.2784412
0.04493713	-6.2848584
0.04438782	-6.292275
0.04415894	-6.304583400000001
0.04322815	-6.3169444
0.0430603	-6.3292528
0.0422821	-6.343560000000001
0.04185486	-6.3539222
0.04086304	-6.36723
0.04052734	-6.3805378
0.0402832	-6.392846200000001
0.03981018	-6.4032084000000005
0.03895569	-6.4155694
0.03935242	-6.4234594000000005
0.03890991	-6.4283512
0.03878784	-6.433821600000001
0.03845215	-6.4401862
0.03846741	-6.445130600000001
0.03807068	-6.4599112000000005
0.03759766	-6.4732716
0.03735352	-6.4786894
0.03713989	-6.4826344
0.037323	-6.4875262000000005
0.03710937	-6.497888400000001
0.03675842	-6.5063044
0.03683472	-6.5087766
0.03683472	-6.5111962000000005
0.03692627	-6.5111962000000005
0.03697205	-6.5111962000000005
0.03695679	-6.5111962000000005
0.03689575	-6.5111962000000005
0.0370636	-6.4826344
0.03723145	-6.473745
0.03709412	-6.473745
0.03695679	-6.473745
0.03720093	-6.473745
0.03683472	-6.473745
0.03700256	-6.473745
0.03712463	-6.473745
0.03703308	-6.473745
0.03707886	-6.473745
0.03733826	-6.473745
0.03701782	-6.473745
0.03694153	-6.473745
0.03715515	-6.473745
0.03738403	-6.4766906
0.03727722	-6.481635
0.03726196	-6.4939434
0.0370636	-6.5043056
0.03684998	-6.5161406
0.03646851	-6.53292
0.03607178	-6.558536200000001
0.03565979	-6.5782612
0.03503418	-6.5906222
0.03511047	-6.5940411999999995
0.03479004	-6.6049294000000005
0.03492737	-6.622655600000001
0.03401184	-6.6419072
0.03372192	-6.65916
0.03346252	-6.675939400000001
0.03320312	-6.6917194
0.03230286	-6.711917800000001
0.03225708	-6.734115
0.03157043	-6.7557862
0.03138733	-6.773565
0.03120422	-6.7854
0.0307312	-6.8011800000000004
0.03091431	-6.8233772
0.03025818	-6.8435756
0.03053284	-6.853464400000001
0.03041077	-6.8583562
0.03034973	-6.8677716
0.03063965	-6.874136200000001
0.03071594	-6.8805534
0.03053284	-6.891915
0.03059387	-6.9066956
0.03100586	-6.9214762
0.03123474	-6.9333112
0.03117371	-6.939255000000001
0.03135681	-6.943673400000001
0.03158569	-6.947145
0.03147888	-6.9535622
0.03172302	-6.95898
0.03225708	-6.9732872
0.03245544	-6.9826500000000005
0.03265381	-6.9861216
0.03240967	-6.9924862
0.03344727	-7.0028484
0.03399658	-7.014210000000001
0.0340271	-7.0240462
0.0342865	-7.0358812
0.03495789	-7.053660000000001
0.03590393	-7.0625494
0.03610229	-7.0699134
0.03663635	-7.077330000000001
0.03657532	-7.0871661999999995
0.03712463	-7.094109400000001
0.03720093	-7.0980544000000005
0.03759766	-7.104945000000001
0.03773499	-7.1093634
0.0380249	-7.1118356
0.03794861	-7.1128350000000005
0.0381012	-7.1108362000000005
0.03903198	-7.0802756
0.0413208	-7.065495
0.04112244	-7.065495
0.04127502	-7.065495
0.04122925	-7.065495
0.04078674	-7.065495
0.0410614	-7.065495
0.04103088	-7.065495
0.0411377	-7.065495
0.04122925	-7.065495
0.04092407	-7.065495
0.0411377	-7.065495
0.04119873	-7.065495
0.04083252	-7.065495
0.04104614	-7.065495
0.04118347	-7.065495
0.04109192	-7.065495
0.04100037	-7.066494400000001
0.0408783	-7.070439400000001
0.04032898	-7.0753312
0.03982544	-7.0798022000000005
0.03919983	-7.0832212000000006
0.03900146	-7.0866928
0.03871155	-7.0911112
0.03822327	-7.0965816
0.03723145	-7.102946200000001
0.03768921	-7.1108362000000005
0.03839111	-7.1226712
0.03886414	-7.1330334
0.04037476	-7.147340600000001
0.04138184	-7.1660662
0.0426178	-7.181846200000001
0.04341125	-7.196679400000001
0.04524231	-7.2104606
0.04627991	-7.2228216000000005
0.04695129	-7.2370762
0.04838562	-7.2533822
0.05047607	-7.267689400000001
0.05119324	-7.2834694
0.05204773	-7.2962512
0.05249023	-7.308086200000001
0.05407715	-7.320920600000001
0.05482483	-7.3381734000000005
0.05603027	-7.35348
0.05682373	-7.3687866
0.05979919	-7.3869862
0.0612793	-7.405238400000001
0.06259155	-7.420545000000001
0.0642395	-7.434852200000001
0.06706238	-7.4471606
0.06842041	-7.460994400000001
0.06993103	-7.4757750000000005
0.07214355	-7.4910816
0.07727051	-7.508334400000001
0.07839966	-7.5196434000000005
0.07850647	-7.523115000000001
0.0791626	-7.5290062
0.08300781	-7.54284
0.08584595	-7.561092200000001
0.08660889	-7.5684562
0.08731079	-7.5753994
0.08869934	-7.5793444
0.08888245	-7.5818166
0.08906555	-7.5822899999999995
0.08914185	-7.5812906
0.09030151	-7.5773456
0.09049988	-7.5734006
0.09413147	-7.5566211999999995
0.09677124	-7.5566211999999995
0.09671021	-7.5566211999999995
0.09646606	-7.5566211999999995
0.09658813	-7.5566211999999995
0.09664917	-7.5566211999999995
0.09655762	-7.5566211999999995
0.09693909	-7.5566211999999995
0.09613037	-7.5566211999999995
0.09629822	-7.5566211999999995
0.09642029	-7.5566211999999995
0.09684753	-7.5566211999999995
0.09628296	-7.5566211999999995
0.09744263	-7.5571472
0.09605408	-7.55862
0.09700012	-7.5600928000000005
0.09335327	-7.562565
0.09262085	-7.562565
0.09295654	-7.563564400000001
0.09251404	-7.5645112
0.09237671	-7.5645112
0.09210205	-7.570928400000001
0.09172058	-7.574400000000001
0.09127808	-7.5793444
0.09158325	-7.5881812
0.09185791	-7.6034878
0.09573364	-7.6207405999999995
0.09744263	-7.6379934
0.09881592	-7.651301200000001
0.10160828	-7.673025000000001
0.10670471	-7.6976944
0.10728455	-7.713474400000001
0.10765076	-7.724310000000001
0.10772705	-7.737144400000001
0.10771179	-7.7538712
0.10691833	-7.772123400000001
0.1060791	-7.7874300000000005
0.10498047	-7.801737200000001
0.1035614	-7.814045600000001
0.10176086	-7.8278794000000005
0.09968567	-7.8446062
0.09541321	-7.8628584
0.09338379	-7.875219400000001
0.09135437	-7.889000600000001
0.08943176	-7.9037812
0.08583069	-7.9161422
0.08377075	-7.928450600000001
0.08197021	-7.9422844
0.07911682	-7.9590112
0.07348633	-7.9743178
0.07066345	-7.990571200000001
0.06813049	-8.0068772
0.06558228	-8.0221312
0.0607605	-8.0394366
0.05783081	-8.0566894
0.0554657	-8.072469400000001
0.05323792	-8.0891962
0.04928589	-8.106975
0.04684448	-8.1257006
0.0447998	-8.1474244
0.04240417	-8.170095
0.03878784	-8.1878212
0.03755188	-8.2065994
0.03607178	-8.2223794
0.03527832	-8.2351612
0.03398132	-8.24505
0.03359985	-8.255885600000001
0.03286743	-8.2682466
0.03237915	-8.2845
0.03193665	-8.286972200000001
0.0317688	-8.296335000000001
0.03144836	-8.310116200000001
0.03108215	-8.3258962
0.03121948	-8.3392566
0.03158569	-8.3486194
0.0317688	-8.3550366
0.03208923	-8.35551
0.03199768	-8.354510600000001
0.03262329	-8.3446744
0.03279114	-8.3377312
0.03266907	-8.3377312
0.03274536	-8.3377312
0.03276062	-8.3377312
0.03286743	-8.3377312
0.03289795	-8.3377312
0.03320312	-8.3377312
0.03329468	-8.3377312
0.03303528	-8.3377312
0.03329468	-8.3377312
0.03361511	-8.3377312
0.03356934	-8.3377312
0.03309631	-8.3377312
0.03251648	-8.3377312
0.03245544	-8.3377312
0.0319519	-8.3377312
0.0319519	-8.3377312
0.03210449	-8.3377312
0.03225708	-8.3377312
0.03259277	-8.3377312
0.03283691	-8.3377312
0.03262329	-8.339730000000001
0.0324707	-8.342202200000001
0.03219604	-8.3466206
0.03175354	-8.3525644
0.03216553	-8.3574562
0.03215027	-8.3609278
0.03262329	-8.3722894
0.03343201	-8.391015000000001
0.03674316	-8.41074
0.0383606	-8.4279928
0.04006958	-8.4442462
0.04238892	-8.462024999999999
0.04727173	-8.4797512
0.05055237	-8.4955312
0.05458069	-8.515256200000001
0.05853271	-8.5335084
0.06561279	-8.5468162
0.06802368	-8.5571784
0.0721283	-8.5695394
0.07548523	-8.580375
0.08334351	-8.5941562
0.08666992	-8.6045184
0.09135437	-8.617826200000001
0.0975647	-8.6341322
0.11167908	-8.651385000000001
0.11851501	-8.6642194
0.12640381	-8.6799994
0.13650513	-8.695779400000001
0.15605164	-8.71056
0.16952515	-8.730285
0.1822052	-8.7480112
0.20324707	-8.764317199999999
0.21127319	-8.777625
0.22033691	-8.7924056
0.22952271	-8.8062394
0.24804688	-8.821493400000001
0.26313782	-8.8387462
0.27703857	-8.853579400000001
0.30183411	-8.867360600000001
0.31570435	-8.8811944
0.32704163	-8.8939762
0.33703613	-8.9068106
0.36607361	-8.922590600000001
0.38742065	-8.939843399999999
0.40483093	-8.95515
0.43016052	-8.9665116
0.43743896	-8.974875
0.45230103	-8.9862366
0.4803009	-8.996546200000001
0.49580383	-9.0054356
0.51617432	-9.019269399999999
0.53927612	-9.033050600000001
0.58337402	-9.047831200000001
0.6053009	-9.0601922
0.62242126	-9.072500600000001
0.65325928	-9.0833362
0.67030334	-9.095171200000001
0.68721008	-9.1075322
0.72302246	-9.120840000000001
0.74093628	-9.1356206
0.7592926	-9.150401200000001
0.77694702	-9.1578178
0.78131104	-9.1622362
0.78477478	-9.1622362
0.78857422	-9.16029
0.79525757	-9.1582912
0.81739807	-9.148455
0.83409119	-9.14451
0.83436584	-9.14451
0.83514404	-9.14451
0.83554077	-9.14451
0.8379364	-9.14451
0.83248901	-9.14451
0.84078979	-9.14451
0.83859253	-9.14451
0.83735657	-9.14451
0.83604431	-9.14451
0.8401947	-9.14451
0.84013367	-9.14451
0.83683777	-9.14451
0.83958435	-9.14451
0.83468628	-9.14451
0.83421326	-9.14451
0.83543396	-9.14451
0.83450317	-9.14451
0.83122253	-9.14451
0.83618164	-9.14451
0.83572388	-9.14451
0.83335876	-9.14451
0.83227539	-9.14451
0.82827759	-9.14451
0.82730103	-9.14451
0.82853699	-9.146456200000001
0.83131409	-9.148455
0.82714844	-9.148455
0.81776428	-9.148455
0.81655884	-9.148455
0.81474304	-9.155871600000001
0.81286621	-9.1632356
0.81619263	-9.1706522
0.8283844	-9.180015000000001
0.87593079	-9.1943222
0.89668274	-9.20763
0.92015076	-9.2179922
0.93841553	-9.2253562
0.9571991	-9.2337722
0.96078491	-9.2371912
0.98991394	-9.2450812
1.00631714	-9.252971200000001
1.02590942	-9.2653322
1.04580688	-9.2766412
1.06929016	-9.2850572
1.06936646	-9.2884762
1.07562256	-9.29442
1.09541321	-9.304256200000001
1.10687256	-9.314145
1.12739563	-9.3239812
1.17729187	-9.3368156
1.20173645	-9.34965
1.22103882	-9.3580134
1.24705505	-9.36543
1.26065063	-9.372846599999999
1.2711792	-9.3792112
1.28887939	-9.3856284
1.30737305	-9.396989999999999
1.32827759	-9.406826200000001
1.36157227	-9.418661199999999
1.38064575	-9.4304962
1.39477539	-9.436440000000001
1.39512634	-9.4393856
1.40124512	-9.444329999999999
1.42533875	-9.4507472
1.43807983	-9.462056200000001
1.45600891	-9.475890000000001
1.48641968	-9.4847794
1.49353027	-9.4906706
1.50033569	-9.4975612
1.5196991	-9.503978400000001
1.53816223	-9.5182856
1.55923462	-9.532592800000002
1.58500671	-9.5409562
1.58752441	-9.5478994
1.59413147	-9.553790600000001
1.62423706	-9.5670984
1.646698	-9.5843512
1.67141724	-9.6046022
1.71162415	-9.6258
1.73243713	-9.645525
1.74076843	-9.659306200000001
1.77174377	-9.669195
1.77816772	-9.6790312
1.79832458	-9.6903928
1.80619812	-9.700755
1.80963135	-9.708645
1.82635498	-9.72048
1.8266449	-9.7278966
1.82922363	-9.7342612
1.83580017	-9.7412044
1.83898926	-9.748095
1.84002686	-9.7594566
1.84118652	-9.7697662
1.84912109	-9.782127200000001
1.84994507	-9.7934362
1.85557556	-9.801852199999999
1.86828613	-9.809216200000002
1.86834717	-9.819105
1.87306213	-9.826995
1.87527466	-9.831939400000001
1.87802124	-9.8368312
1.87600708	-9.8407762
1.87435913	-9.8417756
1.86669922	-9.842775
1.87425232	-9.842775
1.85604858	-9.834411600000001
1.87849426	-9.826995
1.88670349	-9.8240494
1.88842773	-9.81516
1.88760376	-9.81516
1.88227844	-9.81516
1.88848877	-9.81516
1.88981628	-9.81516
1.88726807	-9.81516
1.88864136	-9.81516
1.88835144	-9.81516
1.88475037	-9.81516
1.88819885	-9.81516
1.88581848	-9.81516
1.88697815	-9.81516
1.88305664	-9.81516
1.88476563	-9.81516
1.89300537	-9.8171062
1.88990784	-9.8220506
1.87779236	-9.826995
1.88169861	-9.830466600000001
1.8775177	-9.83883
1.87910461	-9.8471934
1.87979126	-9.860501200000002
1.87057495	-9.877280599999999
1.86354065	-9.891114400000001
1.85517883	-9.90195
1.83718872	-9.913785
1.82766724	-9.9280922
1.82044983	-9.9394012
1.81697083	-9.94929
1.81652832	-9.961125000000001
1.80867004	-9.971960600000001
1.80032349	-9.9867412
1.78370667	-10.0001016
1.76965332	-10.012410000000001
1.76545715	-10.0222462
1.75318909	-10.0350806
1.7308197	-10.047915
1.72463989	-10.0538062
1.71871948	-10.066640600000001
1.69059753	-10.0804744
1.67488098	-10.0957284
1.66056824	-10.1090362
1.63006592	-10.1213972
1.61993408	-10.1317594
1.59899902	-10.1391234
1.59446716	-10.14654
1.58178711	-10.1549034
1.54905701	-10.166265000000001
1.53712463	-10.1761012
1.52182007	-10.187936200000001
1.48121643	-10.201296600000001
1.44857788	-10.2185494
1.42602539	-10.2328566
1.40022278	-10.243166200000001
1.37579346	-10.257473400000002
1.35813904	-10.268835000000001
1.33076477	-10.2786712
1.31243896	-10.290506200000001
1.29418945	-10.3053394
1.24623108	-10.3220662
1.21658325	-10.340318400000001
1.18295288	-10.35957
1.10800171	-10.386185600000001
1.06977844	-10.408856199999999
1.0393219	-10.4271084
0.99562073	-10.440416200000001
0.98500061	-10.4478328
0.97392273	-10.461140600000002
0.91474915	-10.4744484
0.9065094	-10.481864999999999
0.89143372	-10.4912278
0.8609314	-10.499591200000001
0.85404968	-10.5050616
0.85047913	-10.507481199999999
0.84692383	-10.5070078
0.82476807	-10.4946994
0.7718811	-10.4749744
0.76158142	-10.4719762
0.76229858	-10.4719762
0.76138306	-10.4719762
0.76345825	-10.4719762
0.7613678	-10.4719762
0.76144409	-10.4719762
0.76126099	-10.4719762
0.76112366	-10.4719762
0.764328	-10.4719762
0.76515198	-10.4719762
0.76551819	-10.4719762
0.76417542	-10.4719762
0.76757812	-10.4719762
0.76765442	-10.4735016
0.77581787	-10.4828644
0.80651855	-10.489281600000002
0.81388855	-10.491701200000001
0.82040405	-10.494173400000001
0.81288147	-10.499591200000001
0.80949402	-10.50948
0.8052063	-10.5193162
0.78361511	-10.5341494
0.76246643	-10.54893
0.7361145	-10.5666562
0.7041626	-10.5784912
0.69572449	-10.588853400000001
0.67797852	-10.6031606
0.63316345	-10.6204134
0.62001038	-10.631775
0.60096741	-10.645556200000001
0.57652283	-10.655445
0.55873108	-10.666806600000001
0.53842163	-10.68306
0.51719666	-10.699313400000001
0.48098755	-10.714620000000002
0.46092224	-10.7299266
0.45158386	-10.73829
0.42889404	-10.750598400000001
0.41665649	-10.7629594
0.39836121	-10.7782134
0.36553955	-10.793520000000001
0.35049438	-10.8083006
0.33552551	-10.822134400000001
0.30485535	-10.8373884
0.28656006	-10.85664
0.26838684	-10.878837200000001
0.25135803	-10.902980600000001
0.21641541	-10.9301222
0.19989014	-10.955265
0.1799469	-10.9872984
0.14614868	-11.018385000000002
0.13623047	-11.0405822
0.1309967	-11.05389
0.12458801	-11.069196600000001
0.11811829	-11.075561200000001
0.11593628	-11.0805056
0.11401367	-11.08545
0.10739136	-11.102702800000001
0.09687805	-11.1160106
0.09474182	-11.121954400000002
0.09208679	-11.1307912
0.08300781	-11.143625600000002
0.08169556	-11.148570000000001
0.08065796	-11.1520416
0.08041382	-11.152515000000001
0.07969666	-11.152515000000001
0.0788269	-11.1505162
0.07723999	-11.1456244
0.07510376	-11.14068
0.06568909	-11.1313172
0.06466675	-11.126846200000001
0.06422424	-11.126846200000001
0.0645752	-11.126846200000001
0.06446838	-11.126846200000001
0.06478882	-11.126846200000001
0.06465149	-11.126846200000001
0.06455994	-11.126846200000001
0.06466675	-11.126846200000001
0.0645752	-11.126846200000001
0.06471252	-11.126846200000001
0.06199646	-11.122901200000001
0.06004333	-11.122901200000001
0.06015015	-11.122901200000001
0.06004333	-11.122901200000001
0.06002808	-11.122901200000001
0.05990601	-11.123427200000002
0.06019592	-11.125899400000002
0.06065369	-11.129844400000001
0.06092834	-11.1347362
0.0612793	-11.1377344
0.06219482	-11.143625600000002
0.06257629	-11.1495694
0.06370544	-11.1584062
0.0634613	-11.1608784
0.06190491	-11.1653494
0.05967712	-11.174186200000001
0.05749512	-11.184075
0.05526733	-11.1939112
0.0514679	-11.202800600000002
0.04924011	-11.2131628
0.04747009	-11.223525
0.04588318	-11.2378322
0.04225159	-11.251140000000001
0.04069519	-11.2659206
0.03900146	-11.280701200000001
0.03694153	-11.2930622
0.03631592	-11.3043712
0.03442383	-11.3172056
0.03256226	-11.331986200000001
0.03132629	-11.347292800000002
0.02876282	-11.3665444
0.02798462	-11.387216200000001
0.02781677	-11.408940000000001
0.02813721	-11.428665
0.02920532	-11.446391199999999
0.03036499	-11.4612244
0.03125	-11.474006200000002
0.03242493	-11.4893128
0.03608704	-11.5065656
0.03808594	-11.523818400000001
0.04092407	-11.5450162
0.04550171	-11.5716844
0.05210876	-11.5923562
0.05441284	-11.607189400000001
0.05661011	-11.6199712
0.05815125	-11.6283872
0.06054687	-11.6446406
0.06718445	-11.663892200000001
0.06948853	-11.677200000000001
0.07156372	-11.6885616
0.07333374	-11.6949262
0.07472229	-11.702816200000001
0.07632446	-11.712705
0.0776825	-11.7215944
0.08103943	-11.735375600000001
0.08268738	-11.7477366
0.0843811	-11.7619912
0.08621216	-11.778770600000001
0.0894928	-11.7965494
0.09111023	-11.8172212
0.09161377	-11.8369462
0.09239197	-11.854251600000001
0.09300232	-11.871504400000001
0.09295654	-11.89023
0.09329224	-11.909955
0.092453	-11.9242622
0.09207153	-11.9385694
0.09199524	-11.9513512
0.09158325	-11.96124
0.09124756	-11.9750212
0.09033203	-11.984910000000001
0.09030151	-11.9932734
0.08992004	-12.0026362
0.08981323	-12.0016894
0.09016418	-11.9957456
0.08982849	-11.980965000000001
0.088974	-11.9710762
0.08906555	-11.9710762
0.08903503	-11.9710762
0.08903503	-11.9710762
0.08909607	-11.9710762
0.08901978	-11.9710762
0.08938599	-11.9710762
0.088974	-11.9710762
0.08924866	-11.9710762
0.08889771	-11.9710762
0.08885193	-11.9710762
0.08851624	-11.9710762
0.0887146	-11.9710762
0.08853149	-11.9710762
0.0884552	-11.9720756
0.08860779	-11.977493400000002
0.08854675	-11.978966200000002
0.08911133	-11.980965000000001
0.08862305	-11.9898544
0.08892822	-11.9972184
0.08894348	-12.006581200000001
0.08865356	-12.0214144
0.08795166	-12.039140600000001
0.08735657	-12.056919400000002
0.08708191	-12.067755
0.08644104	-12.0781172
0.08592224	-12.090425600000001
0.08560181	-12.1042594
0.08485413	-12.1249312
0.0836792	-12.1451822
0.08285522	-12.16638
0.08262634	-12.183159400000001
0.08227539	-12.193995000000001
0.08172607	-12.206303400000001
0.08143616	-12.2186644
0.08102417	-12.233918400000002
0.08050537	-12.257114999999999
0.07977295	-12.281258400000002
0.07905579	-12.3054544
0.0786438	-12.3340162
0.07710266	-12.367575
0.07600403	-12.392244400000001
0.0749054	-12.416861200000001
0.07348633	-12.440057800000002
0.0703125	-12.460256200000002
0.06910706	-12.4805072
0.06698608	-12.501705
0.06521606	-12.5184844
0.06225586	-12.52932
0.06077576	-12.545100000000001
0.05831909	-12.562826200000002
0.05593872	-12.5820778
0.04949951	-12.60822
0.0461731	-12.6323634
0.04344177	-12.6535612
0.04071045	-12.6777572
0.03501892	-12.7087912
0.0327301	-12.737405599999999
0.0315094	-12.7600762
0.03060913	-12.776855600000001
0.02934265	-12.791636200000001
0.02954102	-12.790689400000002
0.02906799	-12.7837462
0.02861023	-12.7709644
0.02772522	-12.75813
0.02772522	-12.75813
0.02763367	-12.75813
0.0276947	-12.75813
0.02757263	-12.75813
0.02778625	-12.75813
0.02781677	-12.75813
0.02761841	-12.75813
0.0276947	-12.75813
0.02775574	-12.75813
0.02799988	-12.75813
0.02790833	-12.75813
0.02812195	-12.75813
0.02801514	-12.7591294
0.02818298	-12.762075
0.02799988	-12.766493400000002
0.02865601	-12.7818
0.02857971	-12.793161600000001
0.02845764	-12.798579400000001
0.02816772	-12.801051600000001
0.02810669	-12.8034712
0.02806091	-12.8039972
0.02787781	-12.8084156
0.02818298	-12.815832200000001
0.02787781	-12.821250000000001
0.0279541	-12.8316122
0.02799988	-12.844920000000002
0.02781677	-12.8582278
0.02766418	-12.868590000000001
0.0276947	-12.8808984
0.02754211	-12.8952056
0.02780151	-12.915456599999999
0.02767944	-12.93171
0.02790833	-12.949436200000001
0.02812195	-12.9770512
0.02835083	-12.997302200000002
0.0289917	-13.014555
0.02932739	-13.0338066
0.02981567	-13.0530056
0.03033447	-13.076675600000002
0.03239441	-13.101345
0.03410339	-13.1309062
0.03704834	-13.169409400000001
0.03945923	-13.194552200000002
0.04214478	-13.2137512
0.04333496	-13.2320034
0.04428101	-13.244364400000002
0.04522705	-13.2581456
0.04571533	-13.270980000000002
0.04667664	-13.2887062
0.04646301	-13.3094306
0.04756165	-13.3331006
0.04792786	-13.35777
0.04774475	-13.3740234
0.04772949	-13.3883306
0.04774475	-13.405583400000001
0.04727173	-13.4228362
0.04699707	-13.4401416
0.04679871	-13.4573944
0.04669189	-13.477592800000002
0.04653931	-13.501736200000002
0.04658508	-13.526931600000001
0.04707336	-13.553021200000002
0.04695129	-13.5791634
0.04794312	-13.604306200000002
0.04896545	-13.6319212
0.0496521	-13.65759
0.05036926	-13.677315000000002
0.05213928	-13.6950412
0.0531311	-13.7113472
0.05409241	-13.7315456
0.05470276	-13.751796600000002
0.05647278	-13.775940000000002
0.05688477	-13.7946656
0.05715942	-13.807500000000001
0.0572052	-13.8188616
0.05725098	-13.829171200000001
0.05693054	-13.835115
0.05662537	-13.84695
0.05632019	-13.8573122
0.05555725	-13.8607312
0.05596924	-13.8612572
0.05583191	-13.8637294
0.0556488	-13.8662016
0.05577087	-13.866675
0.0557251	-13.8652022
0.05499268	-13.854840000000001
0.05259705	-13.8355884
0.05058289	-13.831170000000002
0.05058289	-13.830696600000001
0.05049133	-13.829171200000001
0.05081177	-13.829171200000001
0.05085754	-13.829171200000001
0.05075073	-13.829171200000001
0.05075073	-13.829171200000001
0.05082703	-13.829171200000001
0.05075073	-13.829171200000001
0.05058289	-13.829171200000001
0.0506897	-13.829171200000001
0.05078125	-13.829171200000001
0.05084229	-13.829171200000001
0.05062866	-13.829697200000002
0.05088806	-13.831170000000002
0.0509491	-13.8326428
0.05108643	-13.833116200000001
0.0512085	-13.833116200000001
0.0509491	-13.8380606
0.04953003	-13.853367200000001
0.04598999	-13.87062
0.04507446	-13.8893456
0.04403687	-13.904126200000002
0.04406738	-13.9159612
0.04354858	-13.929795000000002
0.04380798	-13.9406306
0.0433197	-13.945575
0.0430603	-13.9490466
0.04330444	-13.951466200000002
0.04292297	-13.9544644
0.04301453	-13.961355000000001
0.0422821	-13.9711912
0.04150391	-13.979081200000001
0.0411377	-13.9854984
0.04072571	-13.9988062
0.03990173	-14.016585000000001
0.03883362	-14.03631
0.03791809	-14.057034400000001
0.03674316	-14.082650600000001
0.03555298	-14.111265000000001
0.03404236	-14.140826200000001
0.03352356	-14.1719128
0.0332489	-14.1990544
0.03251648	-14.2261434
0.03222656	-14.253285
0.03109741	-14.276955
0.03108215	-14.294681200000001
0.03085327	-14.310987200000001
0.03053284	-14.32824
0.03027344	-14.343020600000001
0.03009033	-14.358800600000002
0.03004456	-14.3790516
0.0296936	-14.40714
0.02986145	-14.433282199999999
0.02967834	-14.4524812
0.0294342	-14.465841600000001
0.02961731	-14.484041200000002
0.02970886	-14.511182800000002
0.03019714	-14.540270600000001
0.03041077	-14.5693584
0.03085327	-14.594501200000002
0.03109741	-14.615751600000001
0.03160095	-14.632005
0.03166199	-14.646785600000001
0.03224182	-14.665511200000001
0.03242493	-14.6758734
0.03285217	-14.680344400000001
0.03309631	-14.689181200000002
0.03330994	-14.695125
0.03353882	-14.695125
0.03318787	-14.695125
0.03335571	-14.6921794
0.03356934	-14.687235000000001
0.03486633	-14.670981600000001
0.0349884	-14.6694562
0.03501892	-14.6694562
0.03479004	-14.6694562
0.03507996	-14.6694562
0.0345459	-14.6694562
0.03515625	-14.6694562
0.03497314	-14.6694562
0.03500366	-14.6694562
0.03494263	-14.6694562
0.03514099	-14.6694562
0.03497314	-14.6694562
0.03474426	-14.6694562
0.03511047	-14.6694562
0.03468323	-14.6694562
0.03518677	-14.6734012
0.03512573	-14.6758734
0.03509521	-14.6773462
0.03523254	-14.6773462
0.03491211	-14.6773462
0.03483582	-14.6812912
0.03491211	-14.691180000000001
0.03520203	-14.7025416
0.03569031	-14.718795000000002
0.03605652	-14.7335756
0.03703308	-14.7483562
0.03756714	-14.7601912
0.0382843	-14.774025
0.03848267	-14.787806200000002
0.03900146	-14.7996412
0.03936768	-14.814474400000002
0.03979492	-14.8272562
0.03971863	-14.840090600000002
0.04005432	-14.85687
0.0398407	-14.8751222
0.03968811	-14.890376200000002
0.03955078	-14.9071556
0.03952026	-14.923935
0.03926086	-14.942187200000001
0.03894043	-14.95944
0.03895569	-14.972274400000002
0.03883362	-14.989001200000002
0.03890991	-15.0057806
0.03915405	-15.02256
0.03926086	-15.0368672
0.03993225	-15.050175000000001
0.03997803	-15.0634828
0.04074097	-15.07779
0.04188538	-15.094043400000002
0.04266357	-15.115241200000002
0.0440979	-15.1364916
0.04568481	-15.160635000000001
0.04640198	-15.1853044
0.04632568	-15.2099212
0.04621887	-15.2345906
0.04495239	-15.255315000000001
0.04467773	-15.268149400000002
0.04376221	-15.2819306
0.04324341	-15.2942916
0.04196167	-15.306600000000001
0.04090881	-15.321906600000002
0.03994751	-15.3361612
0.03988647	-15.3431044
0.03895569	-15.353940000000001
0.03843689	-15.3613566
0.03788757	-15.369720000000001
0.03768921	-15.379556200000001
0.03735352	-15.3874462
0.037323	-15.389445
0.03713989	-15.389445
0.03738403	-15.3879722
0.03746033	-15.369720000000001
0.03656006	-15.349995000000002
0.03689575	-15.349995000000002
0.03688049	-15.349995000000002
0.03683472	-15.349995000000002
0.03701782	-15.349995000000002
0.03695679	-15.349995000000002
0.03697205	-15.349995000000002
0.03703308	-15.349995000000002
0.03665161	-15.349995000000002
0.03643799	-15.349995000000002
0.03656006	-15.3544134
0.03645325	-15.365775
0.03630066	-15.381555
0.03630066	-15.39339
0.03611755	-15.4066978
0.03599548	-15.4150612
0.03599548	-15.423950600000001
0.03619385	-15.427895600000001
0.03611755	-15.4347862
0.03625488	-15.444675000000002
0.03604126	-15.4505662
0.03625488	-15.4594556
0.03625488	-15.4698178
0.03633118	-15.4860712
0.03627014	-15.4989056
0.03620911	-15.515685
0.03630066	-15.5324644
0.03627014	-15.551190000000002
0.03636169	-15.5654972
0.03608704	-15.578805000000001
0.03575134	-15.59064
0.0355072	-15.602475000000002
0.0353241	-15.6177816
0.03392029	-15.63798
0.03302002	-15.661176600000001
0.03271484	-15.675431200000002
0.03242493	-15.688265600000001
0.03182983	-15.703046200000001
0.0316925	-15.716406600000001
0.03125	-15.7346062
0.03111267	-15.7474406
0.03077698	-15.765219400000001
0.0304718	-15.784418400000002
0.03057861	-15.799725000000002
0.03038025	-15.8145056
0.03012085	-15.827340000000001
0.03009033	-15.8401744
0.03024292	-15.852956200000001
0.02996826	-15.8687362
0.02986145	-15.889460600000001
0.02964783	-15.9116578
0.02966309	-15.9279112
0.02984619	-15.9348544
0.02973938	-15.9397462
0.02989197	-15.9476362
0.02989197	-15.96147
0.02999878	-15.9678872
0.02990723	-15.9713062
0.02978516	-15.977723400000002
0.02967834	-15.993030000000001
0.02983093	-16.0058644
0.02990723	-16.0216444
0.02999878	-16.0374244
0.0302124	-16.052205
0.029953	-16.0605684
0.0300293	-16.0620412
0.029953	-16.0620412
0.03027344	-16.0620412
0.03010559	-16.0457878
0.0302124	-16.0383712
0.0300293	-16.0383712
0.03010559	-16.0383712
0.029953	-16.0383712
0.02984619	-16.0383712
0.02998352	-16.0383712
0.02992249	-16.0383712
0.03024292	-16.0383712
0.03001404	-16.0383712
0.03019714	-16.0383712
0.03033447	-16.0383712
0.03015137	-16.0383712
0.03016663	-16.0383712
0.02996826	-16.0383712
0.029953	-16.040370000000003
0.02996826	-16.052205
0.03018188	-16.0729294
0.03010559	-16.093601200000002
0.0300293	-16.11138
0.0302887	-16.1276334
0.03027344	-16.138995
0.0305481	-16.150356600000002
0.03092957	-16.15872
0.03079224	-16.169082200000002
0.03114319	-16.18239
0.03173828	-16.201641600000002
0.03230286	-16.225785000000002
0.03305054	-16.2469828
0.03341675	-16.2632362
0.03466797	-16.2795422
0.03514099	-16.298741200000002
0.03562927	-16.323410600000003
0.03559875	-16.3470806
0.03543091	-16.3663322
0.03523254	-16.38753
0.03488159	-16.4121994
0.03501892	-16.4368162
0.03477478	-16.4614856
0.03549194	-16.4841562
0.03582764	-16.5088256
0.03663635	-16.53744
0.03804016	-16.5675272
0.03973389	-16.5867262
0.0398407	-16.596615
0.04031372	-16.6103962
0.04045105	-16.6286484
0.03926086	-16.649846200000002
0.03868103	-16.676514400000002
0.0375824	-16.7021306
0.03652954	-16.727799400000002
0.03547668	-16.752416200000003
0.03527832	-16.781556600000002
0.03495789	-16.809645
0.03518677	-16.8362606
0.03564453	-16.856985
0.03593445	-16.879182200000002
0.03648376	-16.8974344
0.03619385	-16.9053244
0.03634644	-16.90827
0.03633118	-16.90827
0.03610229	-16.90827
0.03579712	-16.894962200000002
0.03590393	-16.8904912
0.03588867	-16.8904912
0.03562927	-16.8904912
0.03564453	-16.8904912
0.03541565	-16.8904912
0.03547668	-16.8904912
0.03562927	-16.8904912
0.03552246	-16.8904912
0.03588867	-16.8904912
0.03526306	-16.8904912
0.03569031	-16.8914906
0.03564453	-16.892490000000002
0.03573608	-16.892490000000002
0.03547668	-16.8989072
0.03569031	-16.9023262
0.03564453	-16.9102162
0.03559875	-16.9220512
0.03504944	-16.93983
0.03457642	-16.9605544
0.0340271	-16.9827516
0.03330994	-17.002950000000002
0.03291321	-17.027093400000002
0.0322113	-17.0482912
0.0316925	-17.0665434
0.03155518	-17.0877412
0.03138733	-17.1079922
0.03152466	-17.1311362
0.03153992	-17.1558056
0.03155518	-17.184420000000003
0.03153992	-17.211561600000003
0.03106689	-17.2415962
0.03074646	-17.2746816
0.03009033	-17.3086612
0.03005981	-17.354055
0.02993774	-17.4003956
0.02992249	-17.4378994
0.02981567	-17.46846
0.03009033	-17.4980212
0.03012085	-17.527635
0.02984619	-17.5557234
0.03013611	-17.5769212
0.03015137	-17.594226600000002
0.03031921	-17.598645
0.03056335	-17.598645
0.03024292	-17.598645
0.0302887	-17.5927012
0.03015137	-17.586810000000003
0.0302124	-17.586810000000003
0.03034973	-17.586810000000003
0.0304718	-17.586810000000003
0.03019714	-17.586810000000003
0.03004456	-17.586810000000003
0.03022766	-17.586810000000003
0.03025818	-17.586810000000003
0.0300293	-17.586810000000003
0.03033447	-17.586810000000003
0.03004456	-17.586810000000003
0.03018188	-17.586810000000003
0.02980042	-17.586810000000003
0.03015137	-17.586810000000003
0.03016663	-17.586810000000003
0.02996826	-17.586810000000003
0.029953	-17.590755
0.02993774	-17.602116600000002
0.02992249	-17.61837
0.03033447	-17.639567800000002
0.03039551	-17.66571
0.03036499	-17.6873812
0.03056335	-17.7071062
0.03079224	-17.7278306
0.03155518	-17.7544462
0.03225708	-17.78406
0.0327301	-17.811675
0.03321838	-17.8388166
0.0332489	-17.8679044
0.03302002	-17.9014106
0.03289795	-17.93397
0.03317261	-17.962058400000004
0.03315735	-17.964530600000003
0.03308105	-17.96553
0.03308105	-17.967476200000004
0.03320312	-17.967476200000004
0.0333252	-17.967476200000004
0.03314209	-17.967476200000004
0.03314209	-17.967476200000004
0.03303528	-17.967002800000003
0.03308105	-17.96553
0.03288269	-17.96553
0.03309631	-17.96553
0.03338623	-17.939861200000003
0.03381348	-17.93397
0.03355408	-17.93397
0.03372192	-17.93397
0.03375244	-17.93397
0.03340149	-17.93397
0.03381348	-17.93397
0.03363037	-17.93397
0.03387451	-17.93397
0.03367615	-17.93397
0.03347778	-17.93397
0.03369141	-17.93397
0.03378296	-17.9319712
0.03381348	-17.9310244
0.03381348	-17.930025
0.03356934	-17.92608
0.03366089	-17.9186634
0.03355408	-17.911299400000004
0.03349304	-17.9068284
0.03344727	-17.90241
0.0332489	-17.8930472
0.03340149	-17.885630600000002
0.0333252	-17.879739400000002
0.03326416	-17.874795000000002
0.03311157	-17.869377200000002
0.03338623	-17.861960600000003
0.03340149	-17.853071200000002
0.03346252	-17.8491262
0.03364563	-17.842235600000002
0.03334045	-17.836344399999998
0.0335083	-17.8259822
0.03375244	-17.8136212
0.03379822	-17.8042584
0.03372192	-17.796894400000003
0.03372192	-17.789477800000004
0.03384399	-17.782061199999998
0.03375244	-17.7678066
0.03379822	-17.758391200000002
0.03367615	-17.750501200000002
0.03340149	-17.736720000000002
0.03326416	-17.72883
0.03276062	-17.7189412
0.03242493	-17.707632200000003
0.03208923	-17.701215
0.03184509	-17.6898534
0.03132629	-17.6745994
0.03051758	-17.662238400000003
0.0302887	-17.638095
0.02998352	-17.6208422
0.02978516	-17.6035894
0.02963257	-17.5848112
0.02938843	-17.57103
0.02947998	-17.5636134
0.02908325	-17.55525
0.02911377	-17.5424156
0.02909851	-17.527635
0.02911377	-17.510382200000002
0.02909851	-17.496075
0.02900696	-17.489184400000003
0.02893066	-17.47635
0.02871704	-17.4600966
0.02896118	-17.4497344
0.02868652	-17.4437906
0.02882385	-17.429009999999998
0.02888489	-17.4186478
0.02882385	-17.4082856
0.02909851	-17.402394400000002
0.02885437	-17.397450000000003
0.02914429	-17.397450000000003
0.02934265	-17.397450000000003
0.0291748	-17.3989228
0.0294342	-17.399396199999998
0.0296936	-17.401395
0.02972412	-17.401395
0.0297699	-17.401395
0.02993774	-17.401395
0.02973938	-17.401395
0.02996826	-17.401395
0.02983093	-17.401395
0.02992249	-17.401395
0.02996826	-17.401395
0.02987671	-17.401395
0.0300293	-17.399922200000002
0.0297699	-17.399396199999998
0.02981567	-17.3989228
0.03010559	-17.3954512
0.03001404	-17.3905594
0.02970886	-17.377725
0.02978516	-17.3638912
0.02970886	-17.3520562
0.0297699	-17.3372756
0.03013611	-17.31855
0.03024292	-17.2889362
0.03034973	-17.259375000000002
0.03062439	-17.2312866
0.03102112	-17.2060912
0.03149414	-17.179475600000004
0.03193665	-17.156805000000002
0.03163147	-17.1341344
0.0319519	-17.109465000000004
0.0317688	-17.0907394
0.03175354	-17.075906200000002
0.03198242	-17.062598400000002
0.03201294	-17.0482912
0.03230286	-17.030565
0.03259277	-17.011839400000003
0.03292847	-16.9945866
0.03373718	-16.975335
0.03515625	-16.9457212
0.03636169	-16.9033256
0.03674316	-16.8683466
0.03645325	-16.849095
0.03633118	-16.833315
0.036026	-16.825425000000003
0.03598022	-16.821953399999998
0.03594971	-16.8194812
0.03593445	-16.817535
0.03594971	-16.817535
0.03587341	-16.817535
0.03569031	-16.817535
0.03585815	-16.817535
0.03596497	-16.817535
0.03601074	-16.817535
0.03591919	-16.817535
0.03573608	-16.817535
0.03552246	-16.817535
0.03570557	-16.817535
0.03578186	-16.817535
0.03575134	-16.817535
0.03585815	-16.817535
0.03587341	-16.817535
0.03608704	-16.817535
0.03588867	-16.817535
0.03616333	-16.817535
0.03614807	-16.817535
0.03588867	-16.817535
0.03588867	-16.817535
0.03594971	-16.817535
0.03596497	-16.817535
0.03616333	-16.8155362
0.03567505	-16.8071728
0.03559875	-16.7928656
0.03547668	-16.781556600000002
0.0353241	-16.774140000000003
0.03488159	-16.7642512
0.0350647	-16.7534156
0.03523254	-16.74258
0.03530884	-16.7326912
0.0349884	-16.7272734
0.03541565	-16.71891
0.03547668	-16.7105466
0.0357666	-16.70313
0.03591919	-16.6878234
0.0370636	-16.6725694
0.03781128	-16.660208400000002
0.03842163	-16.6479
0.03921509	-16.6350656
0.0403595	-16.620285
0.040802	-16.604031600000003
0.04093933	-16.584780000000002
0.04066467	-16.5680006
0.03961182	-16.5542194
0.0398407	-16.5448566
0.03967285	-16.5393862
0.03907776	-16.525605000000002
0.03755188	-16.50588
0.0370636	-16.4891006
0.03640747	-16.470375
0.03599548	-16.447704400000003
0.03544617	-16.425980600000003
0.03555298	-16.414671600000002
0.0350647	-16.40331
0.0353241	-16.3973662
0.03483582	-16.38753
0.03486633	-16.3806394
0.03479004	-16.3776412
0.03492737	-16.374695600000003
0.03468323	-16.371750000000002
0.03489685	-16.371750000000002
0.03509521	-16.3736962
0.03479004	-16.3736962
0.03462219	-16.3736962
0.03501892	-16.3736962
0.03504944	-16.3736962
0.03517151	-16.3736962
0.03507996	-16.3736962
0.03495789	-16.3736962
0.03501892	-16.3736962
0.03511047	-16.3736962
0.03500366	-16.3736962
0.03501892	-16.3736962
0.03486633	-16.3736962
0.03495789	-16.3736962
0.0349884	-16.3736962
0.03517151	-16.3736962
0.03457642	-16.371750000000002
0.03469849	-16.369277800000003
0.03456116	-16.3618612
0.03459167	-16.350026200000002
0.03431702	-16.3381912
0.03433228	-16.3239366
0.03465271	-16.3115756
0.03445435	-16.2977944
0.03462219	-16.2790162
0.03430176	-16.2598172
0.03410339	-16.242564400000003
0.03340149	-16.2253116
0.03257751	-16.20606
0.03205872	-16.191752800000003
0.03112793	-16.169555600000002
0.03082275	-16.1473584
0.03001404	-16.1251612
0.02990723	-16.10349
0.02955627	-16.083765
0.02970886	-16.0655128
0.02928162	-16.05615
0.02934265	-16.044315
0.02902222	-16.0255894
0.02902222	-16.0068112
0.02900696	-15.985140000000001
0.02893066	-15.962469400000002
0.02862549	-15.937800000000001
0.02879333	-15.9116578
0.02877808	-15.886515000000001
0.02864075	-15.862845
0.0284729	-15.8441194
0.02877808	-15.829812200000001
0.02876282	-15.8174512
0.02886963	-15.807141600000001
0.0289917	-15.7937812
0.0289917	-15.7834716
0.02914429	-15.776055000000001
0.02902222	-15.7691644
0.02902222	-15.7661662
0.0291748	-15.7661662
0.02920532	-15.7661662
0.02893066	-15.7666922
0.02888489	-15.768165
0.02874756	-15.7696378
0.02880859	-15.7701112
0.02870178	-15.7701112
0.02874756	-15.7701112
0.02900696	-15.7701112
0.02902222	-15.7701112
0.02870178	-15.7701112
0.02885437	-15.7701112
0.02923584	-15.7716366
0.02912903	-15.77211
0.02914429	-15.77211
0.02906799	-15.7711106
0.0291748	-15.7686384
0.02937317	-15.7661662
0.02964783	-15.7578028
0.02944946	-15.7454944
0.0296936	-15.733133400000002
0.02940369	-15.726716200000002
0.02987671	-15.716406600000001
0.0297699	-15.705045000000002
0.02981567	-15.6936834
0.0304718	-15.677430000000001
0.03082275	-15.649815000000002
0.03153992	-15.624146200000002
0.03199768	-15.6044212
0.03294373	-15.578805000000001
0.03451538	-15.55908
0.03520203	-15.5373562
0.03630066	-15.512739400000001
0.03697205	-15.4860712
0.03710937	-15.4619278
0.0372467	-15.4397306
0.03723145	-15.419006200000002
0.03691101	-15.379556200000001
0.03727722	-15.321906600000002
0.0380249	-15.28293
0.03822327	-15.269096200000002
0.03904724	-15.247425000000002
0.04130554	-15.225701200000001
0.04301453	-15.2050294
0.04489136	-15.1813594
0.04666138	-15.156690000000001
0.04762268	-15.1320206
0.04803467	-15.109350000000001
0.04779053	-15.0881522
0.0471344	-15.067901200000001
0.04438782	-15.0329222
0.04272461	-14.9959444
0.04118347	-14.966330600000001
0.04086304	-14.955495
0.04078674	-14.955495
0.04069519	-14.955495
0.04074097	-14.955495
0.04075623	-14.955495
0.04127502	-14.967803400000001
0.04092407	-14.969276200000001
0.04112244	-14.969276200000001
0.0410614	-14.969276200000001
0.04109192	-14.969276200000001
0.04104614	-14.969276200000001
0.04133606	-14.969276200000001
0.04122925	-14.969276200000001
0.04124451	-14.969276200000001
0.04162598	-14.969276200000001
0.04135132	-14.969276200000001
0.04153442	-14.969276200000001
0.04127502	-14.9688028
0.04141235	-14.9643844
0.04107666	-14.9584406
0.04046631	-14.951550000000001
0.04034424	-14.945132800000001
0.04014587	-14.939715000000001
0.03994751	-14.9268806
0.03971863	-14.914046200000001
0.03948975	-14.905682800000001
0.03930664	-14.891375600000002
0.03921509	-14.8755956
0.03910828	-14.860815
0.03927612	-14.8445616
0.03948975	-14.8282556
0.0395813	-14.8090566
0.03970337	-14.789805000000001
0.03996277	-14.7754978
0.03982544	-14.7601912
0.04005432	-14.7434644
0.03947449	-14.73063
0.03936768	-14.7177956
0.03894043	-14.7000694
0.03761292	-14.6704556
0.0353241	-14.641841200000002
0.03401184	-14.6191706
0.03312683	-14.590556200000002
0.03222656	-14.5575234
0.03167725	-14.5313812
0.03068542	-14.505765
0.03027344	-14.4771506
0.03001404	-14.4500616
0.02983093	-14.422920000000001
0.02955627	-14.4007228
0.02937317	-14.379525
0.02928162	-14.3568544
0.02919006	-14.334131200000002
0.02931213	-14.3144062
0.02975464	-14.292735
0.02958679	-14.2695384
0.02992249	-14.24934
0.02998352	-14.2399772
0.0302124	-14.235506200000001
0.03039551	-14.235506200000001
0.03062439	-14.235506200000001
0.03045654	-14.235506200000001
0.03039551	-14.239451200000001
0.0300293	-14.258229400000001
0.03025818	-14.276955
0.02966309	-14.276955
0.02998352	-14.276955
0.03004456	-14.276955
0.03010559	-14.276955
0.0296936	-14.276955
0.02964783	-14.276955
0.02980042	-14.276955
0.03001404	-14.276955
0.02981567	-14.276955
0.02972412	-14.276955
0.02967834	-14.2754822
0.02975464	-14.273010000000001
0.02992249	-14.2725366
0.02987671	-14.2700644
0.02960205	-14.2646466
0.03007507	-14.24934
0.03015137	-14.237978400000001
0.03048706	-14.232560600000001
0.03039551	-14.2241972
0.03092957	-14.2118362
0.0315094	-14.1955828
0.03190613	-14.1714394
0.03256226	-14.1502416
0.03279114	-14.140826200000001
0.03305054	-14.131463400000001
0.03349304	-14.1132112
0.03411865	-14.0964844
0.03416443	-14.07576
0.03515625	-14.0530894
0.0355072	-14.040255
0.0357666	-14.028893400000001
0.03623962	-14.016585000000001
0.03689575	-13.9983328
0.03816223	-13.9751362
0.03898621	-13.9505194
0.0397644	-13.927796200000001
0.04304504	-13.901180600000002
0.04452515	-13.8775106
0.04656982	-13.852367800000001
0.04946899	-13.82328
0.05545044	-13.7976112
0.05854797	-13.767050600000001
0.06147766	-13.733544400000001
0.0635376	-13.700985000000001
0.06417847	-13.6763156
0.06347656	-13.651646200000002
0.0632019	-13.629975000000002
0.06196594	-13.6121962
0.05999756	-13.5919978
0.05903625	-13.579689400000001
0.05857849	-13.5673284
0.05780029	-13.556966200000002
0.05609131	-13.5402394
0.05552673	-13.5254062
0.05482483	-13.512098400000001
0.05430603	-13.505681200000001
0.05393982	-13.497791200000002
0.05326843	-13.485009400000001
0.05249023	-13.4662312
0.05183411	-13.44456
0.05102539	-13.423835600000002
0.05104065	-13.4139994
0.05091858	-13.4144728
0.05105591	-13.416945
0.05075073	-13.416945
0.05091858	-13.4188912
0.0509491	-13.422362800000002
0.05108643	-13.424835000000002
0.05107117	-13.424835000000002
0.05093384	-13.424835000000002
0.05091858	-13.424835000000002
0.05105591	-13.424835000000002
0.0511322	-13.424835000000002
0.05104065	-13.424835000000002
0.0511322	-13.424835000000002
0.05110168	-13.424835000000002
0.05137634	-13.424835000000002
0.05142212	-13.424835000000002
0.05128479	-13.424835000000002
0.0512085	-13.424835000000002
0.05105591	-13.424835000000002
0.05107117	-13.423835600000002
0.05116272	-13.4228362
0.05096436	-13.4188912
0.05065918	-13.403111200000001
0.05012512	-13.3754962
0.04998779	-13.3523522
0.05023193	-13.334100000000001
0.050354	-13.3148484
0.05055237	-13.2897056
0.050354	-13.2689812
0.05073547	-13.249256200000001
0.05065918	-13.2369478
0.0506897	-13.222640600000002
0.05053711	-13.209806200000001
0.05058289	-13.194026200000001
0.04971313	-13.176300000000001
0.04930115	-13.154576200000001
0.04815674	-13.1299594
0.04704285	-13.107236200000001
0.04388428	-13.0875112
0.04272461	-13.068785600000002
0.0410614	-13.0515328
0.03883362	-13.0362262
0.03721619	-13.016027800000002
0.03611755	-12.99483
0.03479004	-12.9736322
0.03384399	-12.94749
0.0319519	-12.924293400000002
0.03106689	-12.892260000000002
0.03070068	-12.8602266
0.03024292	-12.83703
0.02992249	-12.817305000000001
0.03010559	-12.80547
0.0305481	-12.792162200000002
0.03048706	-12.7818
0.0307312	-12.7616016
0.03118896	-12.742350000000002
0.03118896	-12.7245712
0.03167725	-12.71079
0.03208923	-12.71079
0.03201294	-12.711789399999999
0.03205872	-12.720152800000001
0.03175354	-12.742350000000002
0.0317688	-12.7442962
0.03178406	-12.7442962
0.03193665	-12.7442962
0.03164673	-12.7442962
0.03178406	-12.7442962
0.03179932	-12.7442962
0.03193665	-12.7442962
0.03175354	-12.742350000000002
0.03192139	-12.742350000000002
0.03190613	-12.7413506
0.03175354	-12.7388784
0.03208923	-12.738405000000002
0.03178406	-12.7364062
0.03158569	-12.73446
0.03137207	-12.729515600000001
0.03173828	-12.722625
0.0320282	-12.713262199999999
0.03215027	-12.703899400000001
0.03271484	-12.688592800000002
0.0335083	-12.675285
0.03419495	-12.663450000000001
0.03450012	-12.6545606
0.03500366	-12.648669400000001
0.03536987	-12.6456712
0.03517151	-12.6451978
0.03541565	-12.6417262
0.0355072	-12.639780000000002
0.03538513	-12.639780000000002
0.03553772	-12.639780000000002
0.03549194	-12.639780000000002
0.03543091	-12.639780000000002
0.0355835	-12.639780000000002
0.03527832	-12.639780000000002
0.03515625	-12.639780000000002
0.03547668	-12.639780000000002
0.03523254	-12.639780000000002
0.03497314	-12.639780000000002
0.03538513	-12.639780000000002
0.0350647	-12.639780000000002
0.03520203	-12.639780000000002
0.0355072	-12.639780000000002
0.03543091	-12.639780000000002
0.0353241	-12.639780000000002
0.03540039	-12.639780000000002
0.03538513	-12.639780000000002
0.03523254	-12.639780000000002
0.03500366	-12.639780000000002
0.03517151	-12.639780000000002
0.03520203	-12.639780000000002
0.03529358	-12.639780000000002
0.03515625	-12.639780000000002
0.03529358	-12.639780000000002
0.03536987	-12.639780000000002
0.03529358	-12.639780000000002
0.0352478	-12.639780000000002
0.03561401	-12.639780000000002
0.03541565	-12.639780000000002
0.03544617	-12.639780000000002
0.03549194	-12.639780000000002
0.03544617	-12.639780000000002
0.03565979	-12.639780000000002
0.03575134	-12.639780000000002
0.03594971	-12.639780000000002
0.03633118	-12.639780000000002
0.03591919	-12.639780000000002
0.03619385	-12.639780000000002
0.03671265	-12.639780000000002
0.03663635	-12.639780000000002
0.03701782	-12.639780000000002
0.03695679	-12.6387806
0.03793335	-12.6289444
0.03962708	-12.610166200000002
0.04057312	-12.5983312
0.04307556	-12.5874956
0.04483032	-12.5722416
0.04782104	-12.549045000000001
0.05189514	-12.519431200000001
0.06167603	-12.489870000000002
0.06622314	-12.463254400000002
0.07043457	-12.4405312
0.07452393	-12.423278400000001
0.08052063	-12.4080244
0.08288574	-12.3956634
0.08578491	-12.37941
0.08865356	-12.362630600000001
0.09326172	-12.3488494
0.09448242	-12.3394866
0.09481812	-12.336015000000002
0.09495544	-12.336015000000002
0.09526062	-12.336015000000002
0.09552002	-12.336015000000002
0.09519958	-12.336015000000002
0.09541321	-12.336015000000002
0.09524536	-12.336015000000002
0.09494019	-12.336015000000002
0.09527588	-12.336015000000002
0.09519958	-12.336015000000002
0.09558105	-12.336015000000002
0.09545898	-12.336015000000002
0.0953064	-12.336015000000002
0.09547424	-12.336015000000002
0.09584045	-12.337014400000001
0.09596252	-12.3542672
0.09326172	-12.375465
0.09350586	-12.375465
0.09440613	-12.375465
0.09524536	-12.375465
0.09521484	-12.375465
0.09539795	-12.375465
0.09552002	-12.375465
0.09588623	-12.375465
0.09620667	-12.375465
0.09599304	-12.373466200000001
0.09638977	-12.3705206
0.09008789	-12.3661022
0.08992004	-12.36363
0.08981323	-12.36363
0.09017944	-12.359685
0.09286499	-12.3513216
0.09385681	-12.343905000000001
0.09521484	-12.3364884
0.09567261	-12.330071199999999
0.09892273	-12.31629
0.10128784	-12.2906212
0.10301208	-12.27684
0.10420227	-12.266951200000001
0.10502625	-12.2556422
0.10575867	-12.237390000000001
0.10656738	-12.208302200000002
0.10731506	-12.1841062
0.10707092	-12.164381200000001
0.10655212	-12.146655
0.10707092	-12.135293400000002
0.10578918	-12.128876200000002
0.10704041	-12.1239844
0.10675049	-12.117041200000001
0.10595703	-12.105206200000001
0.10569763	-12.0933712
0.10575867	-12.080063400000002
0.10549927	-12.0717
0.10571289	-12.0662822
0.10510254	-12.057866200000001
0.10479736	-12.04803
0.10496521	-12.0341962
0.10394287	-12.0223612
0.10423279	-12.013524400000001
0.10397339	-12.0090534
0.10334778	-12.006581200000001
0.10350037	-12.005634400000002
0.10395813	-12.0026362
0.10380554	-12.0011634
0.10369873	-11.9986912
0.103302	-11.9962716
0.10339355	-11.9937994
0.10346985	-11.9913272
0.10336304	-11.9908012
0.10314941	-11.9883816
0.10333252	-11.9859094
0.10267639	-11.978966200000002
0.10293579	-11.96913
0.10220337	-11.959241200000001
0.10269165	-11.9484056
0.10279846	-11.9331516
0.10215759	-11.9139
0.102005	-11.8976466
0.10198975	-11.8882312
0.10131836	-11.8833394
0.1015625	-11.878395000000001
0.10142517	-11.875449399999999
0.10150146	-11.867559400000001
0.10063171	-11.8493072
0.10050964	-11.82711
0.10023499	-11.8128028
0.09971619	-11.7965494
0.0983429	-11.7728794
0.09765625	-11.7462112
0.09716797	-11.7319566
0.09657288	-11.7215944
0.09498596	-11.711232200000001
0.09403992	-11.702816200000001
0.09355164	-11.69298
0.09184265	-11.684090600000001
0.0909729	-11.675201200000002
0.09030151	-11.6633662
0.08898926	-11.6589478
0.08932495	-11.657475000000002
0.0894165	-11.657475000000002
0.08926392	-11.6594212
0.08940125	-11.6663644
0.09173584	-11.6821444
0.09170532	-11.6919806
0.09187317	-11.6988712
0.0916748	-11.6988712
0.09144592	-11.6988712
0.09164429	-11.6988712
0.09181213	-11.6988712
0.09124756	-11.6988712
0.09143066	-11.6988712
0.09138489	-11.6988712
0.09136963	-11.6988712
0.0916748	-11.6988712
0.09117126	-11.6988712
0.09156799	-11.6988712
0.09140015	-11.6988712
0.0916748	-11.6988712
0.09155273	-11.6988712
0.09153748	-11.6988712
0.09178162	-11.6988712
0.09095764	-11.6979244
0.09194946	-11.69298
0.09240723	-11.689508400000001
0.09138489	-11.675201200000002
0.09082031	-11.6688366
0.0896759	-11.6554762
0.08650208	-11.6406956
0.08259583	-11.6081362
0.07832336	-11.580047800000001
0.07171631	-11.558850000000001
0.06951904	-11.5420706
0.06729126	-11.529236200000001
0.06382751	-11.508564400000001
0.05955505	-11.481896200000001
0.04910278	-11.450862200000001
0.04203796	-11.408940000000001
0.03701782	-11.373435
0.03421021	-11.343821199999999
0.03173828	-11.3113144
0.03268433	-11.272811200000001
0.03485107	-11.247668400000002
0.03692627	-11.231415
0.04130554	-11.2181072
0.04251099	-11.2096912
0.04322815	-11.2042734
0.04536438	-11.1899662
0.06011963	-11.1594056
0.07176208	-11.122901200000001
0.08317566	-11.092866599999999
0.09257507	-11.071616200000001
0.11128235	-11.050418400000002
0.12698364	-11.018385000000002
0.14396667	-10.9863516
0.16978455	-10.962155599999999
0.17066956	-10.9572112
0.17080688	-10.9572112
0.17266846	-10.9611562
0.16351318	-10.975989400000001
0.16419983	-10.978935
0.16404724	-10.978935
0.16426086	-10.978935
0.16410828	-10.978935
0.16508484	-10.978935
0.16520691	-10.978935
0.16546631	-10.978461600000001
0.16320801	-10.9769362
0.16111755	-10.9769362
0.15751648	-10.97499
0.16000366	-10.972044400000001
0.16403198	-10.9651012
0.16928101	-10.958210600000001
0.17774963	-10.9532662
0.18696594	-10.9399584
0.20159912	-10.921706200000001
0.22262573	-10.9049794
0.23088074	-10.896090000000001
0.23576355	-10.8896728
0.2359314	-10.8862012
0.24557495	-10.881309400000001
0.25151062	-10.872420000000002
0.26252747	-10.8571134
0.28466797	-10.840860000000001
0.29125977	-10.829025
0.29719543	-10.8230812
0.301651	-10.8097734
0.33296204	-10.792520600000001
0.3455658	-10.7782134
0.35354614	-10.769850000000002
0.35668945	-10.767377800000002
0.36065674	-10.76196
0.37336731	-10.7535966
0.38090515	-10.748126200000002
0.38560486	-10.742708400000001
0.3921814	-10.7372906
0.40428162	-10.7333456
0.41487122	-10.722510000000002
0.42115784	-10.7175656
0.42414856	-10.713620599999999
0.4400177	-10.7052572
0.44645691	-10.69884
0.45014954	-10.6958944
0.46096802	-10.688951200000002
0.46626282	-10.6820606
0.47509766	-10.675170000000001
0.48657227	-10.669752200000001
0.49858093	-10.662335600000002
0.50105286	-10.65939
0.5037384	-10.655445
0.53201294	-10.641611200000002
0.53910828	-10.6337212
0.54484558	-10.6288294
0.56350708	-10.619940000000001
0.56581116	-10.616994400000001
0.57568359	-10.6091044
0.60066223	-10.598216200000001
0.60632324	-10.594271200000001
0.61347961	-10.591325600000001
0.62017822	-10.587380600000001
0.63685608	-10.5775444
0.64918518	-10.568655000000001
0.65339661	-10.566182800000002
0.65975952	-10.563710600000002
0.66700745	-10.5597656
0.67616272	-10.54893
0.70822144	-10.535622199999999
0.7182312	-10.5272062
0.73617554	-10.512951600000001
0.77259827	-10.495646200000001
0.7953949	-10.4793928
0.82499695	-10.458195
0.87213135	-10.441415600000001
0.8991394	-10.4246362
0.9234314	-10.411854400000001
0.93743896	-10.40691
0.94670105	-10.39902
0.96702576	-10.389131200000001
1.00239563	-10.375350000000001
1.01844788	-10.366460600000002
1.02841187	-10.3605694
1.02700806	-10.35957
1.02816772	-10.357571199999999
1.03485107	-10.3566244
1.03866577	-10.3541522
1.04269409	-10.35168
1.06350708	-10.3427906
1.09570312	-10.3329544
1.09577942	-10.3304822
1.09999084	-10.3299562
1.10523987	-10.3245384
1.13868713	-10.3141762
1.15818787	-10.3053394
1.15681458	-10.30434
1.13996887	-10.312230000000001
1.10389709	-10.337846200000001
1.10272217	-10.345736200000001
1.10105896	-10.345736200000001
1.10105896	-10.345736200000001
1.10116577	-10.345736200000001
1.0974884	-10.345736200000001
1.09873962	-10.345736200000001
1.10525513	-10.345736200000001
1.09519958	-10.34379
1.08221436	-10.341791200000001
1.08306885	-10.339845
1.08258057	-10.3373728
1.08216858	-10.3359
1.08879089	-10.3314816
1.12091064	-10.3220662
1.13815308	-10.3127034
1.15531921	-10.2993956
1.24046326	-10.2713072
1.26765442	-10.2510562
1.28845215	-10.2348028
1.34355164	-10.212605600000002
1.36834717	-10.1904084
1.39749146	-10.174155
1.43078613	-10.1618466
1.44085693	-10.1494856
1.45831299	-10.137177200000002
1.49813843	-10.1208712
1.51118469	-10.1105616
1.54969788	-10.0972012
1.5521698	-10.086891600000001
1.56001282	-10.079475
1.59516907	-10.0656412
1.60568237	-10.056804399999999
1.60925293	-10.0464422
1.6461792	-10.032135000000002
1.65745544	-10.017827800000001
1.65786743	-10.006466200000002
1.67832947	-9.9981028
1.67996216	-9.992685
1.69421387	-9.981849400000002
1.72602844	-9.9660694
1.73672485	-9.9488166
1.74876404	-9.937455
1.74969482	-9.933510000000002
1.77125549	-9.9226744
1.78553772	-9.908840600000001
1.78921509	-9.89406
1.79707336	-9.880226200000001
1.79876709	-9.87039
1.8011322	-9.860501200000002
1.80558777	-9.850665
1.81651306	-9.839829400000001
1.84791565	-9.8249962
1.84999084	-9.811688400000001
1.85498047	-9.79149
1.85470581	-9.761876200000001
1.83406067	-9.7342612
1.81813049	-9.708171600000002
1.81214905	-9.6908662
1.81240845	-9.6815034
1.81524658	-9.6721406
1.80073547	-9.6642506
1.80688477	-9.659306200000001
1.8044281	-9.659306200000001
1.7984314	-9.659306200000001
1.79727173	-9.659306200000001
1.80194092	-9.681030000000002
1.80323792	-9.6963366
1.80226135	-9.6997556
1.80427551	-9.6987562
1.80236816	-9.6987562
1.80337524	-9.6987562
1.8034668	-9.6987562
1.80636597	-9.6987562
1.80757141	-9.6987562
1.79902649	-9.6987562
1.80445862	-9.6987562
1.80651855	-9.6987562
1.81164551	-9.6987562
1.8117218	-9.6963366
1.81158447	-9.6948112
1.81155396	-9.6903928
1.81236267	-9.681030000000002
1.80630493	-9.6711412
1.78837585	-9.6583594
1.77626038	-9.6381084
1.75418091	-9.613965
1.72268677	-9.5932406
1.71131897	-9.579459400000001
1.70472717	-9.5715694
1.69380188	-9.564626200000001
1.68095398	-9.552791200000001
1.67288208	-9.5449012
1.66493225	-9.5400094
1.65516663	-9.535065000000001
1.65325928	-9.5276484
1.64193726	-9.521231199999999
1.63511658	-9.5148666
1.62753296	-9.50745
1.61685181	-9.5020322
1.60694885	-9.4946156
1.59991455	-9.4887244
1.58847046	-9.483780000000001
1.57705688	-9.474890600000002
1.57072449	-9.468
1.55238342	-9.459636600000001
1.54275513	-9.45222
1.52908325	-9.4423312
1.50270081	-9.4334944
1.48904419	-9.424605000000001
1.46066284	-9.4147162
1.44628906	-9.402881200000001
1.43092346	-9.393045
1.41395569	-9.3861544
1.40049744	-9.3752662
1.38644409	-9.3629578
1.35446167	-9.34965
1.33428955	-9.3363422
1.31703186	-9.325980000000001
1.27676392	-9.3131456
1.25395203	-9.300311200000001
1.23262024	-9.2875294
1.1855011	-9.27075
1.1693573	-9.2608612
1.14967346	-9.251025
1.11572266	-9.2396634
1.09436035	-9.227355000000001
1.07899475	-9.2135212
1.04930115	-9.203685
1.0368042	-9.1937962
1.02798462	-9.1859062
0.99789429	-9.1740712
0.9810791	-9.164235
0.96183777	-9.1543462
0.93254089	-9.146456200000001
0.90867615	-9.1336744
0.88800049	-9.120840000000001
0.85116577	-9.1109512
0.82896423	-9.097170000000002
0.80818176	-9.0833362
0.77555847	-9.072500600000001
0.75839233	-9.0601922
0.7399292	-9.045885000000002
0.71640015	-9.0375216
0.69944763	-9.0241612
0.6831665	-9.0123262
0.65931702	-9.0044362
0.64111328	-8.9921278
0.62741089	-8.9807662
0.61334229	-8.970930000000001
0.5852356	-8.9610412
0.56665039	-8.945261200000001
0.54191589	-8.930480600000001
0.53010559	-8.927535
0.53062439	-8.927535
0.53053284	-8.928008400000001
0.54879761	-8.938370599999999
0.54992676	-8.947260000000002
0.55027771	-8.947260000000002
0.55021667	-8.947260000000002
0.54998779	-8.947260000000002
0.55038452	-8.947260000000002
0.54995728	-8.947260000000002
0.55046082	-8.947260000000002
0.55183411	-8.947260000000002
0.55157471	-8.947260000000002
0.55064392	-8.947260000000002
0.5508728	-8.947260000000002
0.55041504	-8.947260000000002
0.55102539	-8.947260000000002
0.55155945	-8.947260000000002
0.55044556	-8.947260000000002
0.55403137	-8.9462606
0.55368042	-8.945261200000001
0.5526886	-8.945261200000001
0.54992676	-8.9413162
0.52688599	-8.930480600000001
0.51901245	-8.922590600000001
0.50430298	-8.90781
0.46170044	-8.8890844
0.45059204	-8.8772494
0.44390869	-8.869832800000001
0.41453552	-8.856525
0.39862061	-8.8417444
0.3821106	-8.827910600000001
0.36807251	-8.8141294
0.32719421	-8.7953512
0.30766296	-8.77368
0.28811646	-8.7559012
0.26403809	-8.7425934
0.2519989	-8.7282862
0.2409668	-8.713032199999999
0.21960449	-8.6967262
0.20939636	-8.6804728
0.19555664	-8.6612212
0.1849823	-8.6484394
0.16445923	-8.6336062
0.15505981	-8.6173528
0.14013672	-8.5902112
0.12799072	-8.5660678
0.1111908	-8.5458694
0.10650635	-8.5315622
0.1015625	-8.519201200000001
0.09017944	-8.5044206
0.08634949	-8.4915862
0.08216858	-8.4802772
0.07780457	-8.467916200000001
0.0690918	-8.4551344
0.0650177	-8.441300600000002
0.06100464	-8.426046600000001
0.05534363	-8.40285
0.04667664	-8.3860706
0.04399109	-8.37129
0.04101562	-8.3550366
0.03877258	-8.3377312
0.03533936	-8.3234766
0.03410339	-8.312115
0.03320312	-8.299280600000001
0.03218079	-8.2825012
0.03126526	-8.2677206
0.03125	-8.2539394
0.03120422	-8.2401056
0.03147888	-8.22927
0.03172302	-8.2243256
0.03173828	-8.2193812
0.03181458	-8.211491200000001
0.03215027	-8.2056
0.03239441	-8.2056
0.03211975	-8.2056
0.03215027	-8.2056
0.0320282	-8.209545
0.03179932	-8.2223794
0.03161621	-8.225325
0.03186035	-8.225325
0.03167725	-8.225325
0.03164673	-8.225325
0.03166199	-8.225325
0.03178406	-8.225325
0.03186035	-8.225325
0.03179932	-8.225325
0.03196716	-8.225325
0.03178406	-8.225325
0.03189087	-8.225325
0.03199768	-8.225325
0.03167725	-8.225325
0.03158569	-8.225325
0.03178406	-8.225325
0.03189087	-8.224851600000001
0.03196716	-8.2223794
0.03208923	-8.2199072
0.03271484	-8.2075462
0.0333252	-8.195711200000002
0.03404236	-8.185875000000001
0.03482056	-8.1804572
0.0372467	-8.1720412
0.03996277	-8.1488972
0.04393005	-8.122755000000002
0.04820251	-8.1010312
0.05323792	-8.087250000000001
0.0567627	-8.071470000000001
0.06115723	-8.0497462
0.06620789	-8.0251294
0.07673645	-8.00046
0.08120728	-7.97679
0.08477783	-7.9560656000000005
0.08833313	-7.938339400000001
0.09249878	-7.9274512
0.09352112	-7.9176150000000005
0.09532166	-7.9047806000000005
0.09796143	-7.886055
0.1013031	-7.870275
0.10343933	-7.8524962
0.10473633	-7.8337706
0.10675049	-7.8179906
0.10733032	-7.803210000000001
0.1076355	-7.7830116
0.10797119	-7.7617612000000005
0.10786438	-7.7420362
0.10719299	-7.726256200000001
0.10719299	-7.713947800000001
0.10708618	-7.6996406
0.10635376	-7.680915
0.10562134	-7.6670812
0.10487366	-7.6557722
0.10383606	-7.638519400000001
0.1018219	-7.6227394
0.10137939	-7.609905
0.09994507	-7.5936516
0.09886169	-7.5802912
0.09814453	-7.5640378
0.09689331	-7.5408412
0.0960083	-7.5162244000000005
0.09118652	-7.47972
0.08888245	-7.4446884
0.08720398	-7.4166
0.08679199	-7.4146012
0.08674622	-7.4146012
0.08627319	-7.4146012
0.08657837	-7.4146012
0.08656311	-7.4146012
0.08639526	-7.421544400000001
0.08662415	-7.4299078
0.08673096	-7.430381200000001
0.08665466	-7.430381200000001
0.08662415	-7.430381200000001
0.08702087	-7.430381200000001
0.08668518	-7.430381200000001
0.08665466	-7.430381200000001
0.0864563	-7.430381200000001
0.08680725	-7.430381200000001
0.08732605	-7.430381200000001
0.08679199	-7.430381200000001
0.08731079	-7.430381200000001
0.08726501	-7.430381200000001
0.08686829	-7.430381200000001
0.08668518	-7.430381200000001
0.0867157	-7.4294344
0.08709717	-7.4269622
0.08639526	-7.418546200000001
0.08647156	-7.4141278
0.08590698	-7.4106562
0.08532715	-7.4057644
0.08512878	-7.40082
0.08457947	-7.3934034
0.08396912	-7.3790962
0.08004761	-7.3530066000000005
0.07920837	-7.3377
0.0793457	-7.3332816
0.07853699	-7.3308094
0.07820129	-7.3238662
0.07655334	-7.302195
0.07556152	-7.2908334
0.07440186	-7.282470000000001
0.07356262	-7.2725812
0.07373047	-7.26669
0.07348633	-7.2612722000000005
0.0725708	-7.25091
0.07164001	-7.2376022
0.07133484	-7.2252412
0.07046509	-7.2124594
0.06973267	-7.198625600000001
0.06912231	-7.18779
0.06799316	-7.17201
0.06738281	-7.1572294
0.0647583	-7.141449400000001
0.06401062	-7.1241966
0.06185913	-7.101
0.05958557	-7.0822744
0.0569458	-7.0674412
0.05471802	-7.0526606
0.05366516	-7.0398262
0.05204773	-7.029516600000001
0.05007935	-7.017155600000001
0.04899597	-7.0063200000000005
0.04779053	-6.99843
0.04725647	-6.989540600000001
0.04447937	-6.9757594
0.04260254	-6.9604528
0.04074097	-6.9432
0.03973389	-6.931365
0.03825378	-6.923475
0.03804016	-6.9185306
0.03744507	-6.91164
0.03634644	-6.8968594
0.03495789	-6.8830256
0.03370667	-6.8662462
0.03276062	-6.84852
0.03265381	-6.8435756
0.03250122	-6.840630000000001
0.03239441	-6.840630000000001
0.03263855	-6.838631200000001
0.03236389	-6.838631200000001
0.03263855	-6.838631200000001
0.03237915	-6.838631200000001
0.03244019	-6.838631200000001
0.03222656	-6.8435756
0.03297424	-6.853464400000001
0.03291321	-6.8544112
0.03285217	-6.8544112
0.03292847	-6.8544112
0.03308105	-6.8544112
0.03276062	-6.8544112
0.03315735	-6.8544112
0.03327942	-6.8544112
0.03315735	-6.8544112
0.03347778	-6.8544112
0.03338623	-6.8544112
0.03382874	-6.8544112
0.03396606	-6.853464400000001
0.03364563	-6.8509922
0.03385925	-6.84852
0.03382874	-6.8441016
0.03395081	-6.8396306000000004
0.03346252	-6.826322800000001
0.03314209	-6.813015000000001
0.0330658	-6.813015000000001
0.03294373	-6.813015000000001
0.03282166	-6.8085966
0.03259277	-6.7952362
0.03231812	-6.7824544
0.03227234	-6.7676212
0.03231812	-6.7573116
0.0322113	-6.7439512
0.03224182	-6.73017
0.03260803	-6.7202812
0.03250122	-6.7030284
0.03283691	-6.670995
0.03337097	-6.650270600000001
0.03410339	-6.6256012
0.03453064	-6.6054028
0.03521729	-6.584205000000001
0.03573608	-6.562007800000001
0.03746033	-6.5388112000000005
0.03857422	-6.512721600000001
0.0395813	-6.4875262000000005
0.04092407	-6.4688006
0.04258728	-6.45402
0.04382324	-6.4362412
0.04547119	-6.4125712
0.04719543	-6.3879544
0.05075073	-6.3652312
0.05178833	-6.35145
0.05230713	-6.3415612
0.05357361	-6.3267806
0.05575562	-6.311000600000001
0.05673218	-6.292275
0.05784607	-6.272550000000001
0.05848694	-6.255297200000001
0.059021	-6.237045
0.05880737	-6.217320000000001
0.0586853	-6.20154
0.0579834	-6.1877062
0.05723572	-6.1768706
0.05648804	-6.1645622
0.05609131	-6.1542
0.05537415	-6.1413656
0.05404663	-6.126585
0.05343628	-6.1132772
0.05303955	-6.1009161999999995
0.05244446	-6.0851362
0.05049133	-6.0624656
0.04942322	-6.0353766
0.04890442	-6.01218
0.0486145	-5.991981600000001
0.04797363	-5.9835656
0.04795837	-5.9825662
0.04794312	-5.9825662
0.04806519	-5.984565
0.04788208	-5.984565
0.04774475	-5.9875106
0.04721069	-5.9944012
0.04704285	-5.9964
0.0460968	-6.003290600000001
0.04466248	-6.0205434
0.04521179	-6.024015
0.04766846	-6.0235416
0.04621887	-6.0230156
0.04373169	-6.024015
0.04360962	-6.024015
0.04368591	-6.0220162
0.04450989	-6.0200700000000005
0.04541016	-6.015125600000001
0.04682922	-6.008235
0.04756165	-6.004763400000001
0.04806519	-5.9973994
0.04803467	-5.9929284
0.04788208	-5.990456200000001
0.04769897	-5.9825662
0.04728699	-5.9697844
0.04679871	-5.9480606
0.04647827	-5.9233912
0.04623413	-5.905665
0.04634094	-5.88594
0.04641724	-5.866215
0.04666138	-5.84649
0.04705811	-5.8218206
0.04705811	-5.7981506
0.04705811	-5.777426200000001
0.04698181	-5.7616462
0.0473938	-5.742920600000001
0.04676819	-5.716305
0.04592896	-5.6911622
0.045578	-5.67291
0.04379272	-5.6536584
0.04302979	-5.636405600000001
0.04199219	-5.6191528
0.04110718	-5.6038462
0.03900146	-5.5880662
0.03791809	-5.566395
0.03681946	-5.5431984
0.03593445	-5.521001200000001
0.03529358	-5.5018022
0.03413391	-5.4854962
0.03398132	-5.4736612000000004
0.03372192	-5.4618262
0.03358459	-5.447045600000001
0.0328064	-5.432265
0.03271484	-5.4189571999999995
0.03262329	-5.406596200000001
0.0324707	-5.3938144
0.03219604	-5.3799806
0.03196716	-5.3676722
0.03199768	-5.3553112
0.03210449	-5.3459484
0.03208923	-5.335586200000001
0.03190613	-5.3222784
0.0317688	-5.309970000000001
0.03157043	-5.2921911999999995
0.03144836	-5.275464400000001
0.03153992	-5.2675744
0.03164673	-5.266575
0.03141785	-5.2675744
0.03144836	-5.2774106
0.03135681	-5.2976616000000005
0.03138733	-5.3119162
0.03155518	-5.3158612
0.03147888	-5.3158612
0.03123474	-5.3143884
0.03135681	-5.313915
0.03134155	-5.313915
0.03161621	-5.313915
0.03129578	-5.313915
0.03157043	-5.3158612
0.03134155	-5.313915
0.03140259	-5.313915
0.03125	-5.313915
0.03128052	-5.309970000000001
0.03137207	-5.308497200000001
0.03118896	-5.3000812
0.03141785	-5.2858266
0.03112793	-5.274465
0.03106689	-5.2675744
0.03121948	-5.262630000000001
0.03125	-5.25474
0.03129578	-5.24685
0.03123474	-5.2335422000000005
0.03121948	-5.2083994
0.03089905	-5.1935662
0.03114319	-5.1876750000000005
0.03120422	-5.1733678
0.03147888	-5.154116200000001
0.03128052	-5.1422812
0.03144836	-5.1343912000000005
0.03178406	-5.1280266
0.03155518	-5.11272
0.03201294	-5.0737434
0.03263855	-4.9844812
0.03315735	-4.9317234
0.03335571	-4.9273050000000005
0.03352356	-4.9273050000000005
0.03334045	-4.9253062
0.03335571	-4.9095262
0.03343201	-4.889801200000001
0.03392029	-4.8686034000000005
0.03436279	-4.8542962
0.03465271	-4.8494044
0.0345459	-4.8434606
0.03494263	-4.8345712
0.03529358	-4.8227362
0.03562927	-4.8054834
0.03573608	-4.789230000000001
0.03625488	-4.7744494
0.03674316	-4.75767
0.03713989	-4.7453616
0.03718567	-4.7330006000000004
0.0377655	-4.7221649999999995
0.03793335	-4.712276200000001
0.03825378	-4.7019666
0.0381012	-4.688606200000001
0.03814697	-4.6723528
0.03848267	-4.6531012
0.03817749	-4.6378472
0.03771973	-4.619595
0.03773499	-4.6028156000000005
0.03657532	-4.59198
0.03642273	-4.5826172
0.03616333	-4.5732544
0.03590393	-4.563891600000001
0.03559875	-4.5623662000000005
0.03561401	-4.5628922
0.03540039	-4.5663112
0.03450012	-4.578672200000001
0.03343201	-4.5899812
0.03340149	-4.595925
0.03349304	-4.595925
0.03346252	-4.595925
0.03358459	-4.595925
0.03330994	-4.595925
0.03330994	-4.5969244
0.03344727	-4.5963984
0.03344727	-4.59198
0.03335571	-4.5845634
0.0342865	-4.5762
0.03468323	-4.5648384
0.03552246	-4.5505312
0.03512573	-4.5278606
0.03486633	-4.5120806
0.03450012	-4.4963006000000005
0.03468323	-4.48152
0.03413391	-4.4662134
0.03424072	-4.4489606
0.03411865	-4.433180600000001
0.03419495	-4.4164012
0.03456116	-4.3991484000000005
0.03445435	-4.3799494
0.03453064	-4.357752200000001
0.03465271	-4.3395
0.03492737	-4.3183022
0.03482056	-4.3010494
0.03479004	-4.2867422
0.03494263	-4.2743812000000005
0.03489685	-4.2606
0.03466797	-4.2398756
0.03411865	-4.2147328
0.03366089	-4.1875912
0.03369141	-4.1688656
0.03291321	-4.154085
0.03285217	-4.1363062
0.03250122	-4.114635
0.03237915	-4.0939106
0.03213501	-4.07913
0.0320282	-4.0643494
0.03196716	-4.04757
0.03189087	-4.0273716
0.0319519	-4.0071206
0.0317688	-3.988395
0.0319519	-3.96867
0.03161621	-3.9450000000000003
0.03161621	-3.9193312000000002
0.03158569	-3.9040772
0.03155518	-3.89766
0.03118896	-3.8956612
0.03146362	-3.9016050000000004
0.03158569	-3.9267478000000002
0.03097534	-3.9430012000000003
0.03121948	-3.9445266000000005
0.03135681	-3.9430012000000003
0.0315094	-3.9430012000000003
0.03143311	-3.9430012000000003
0.03140259	-3.9430012000000003
0.03166199	-3.9430012000000003
0.03186035	-3.9430012000000003
0.0317688	-3.9450000000000003
0.03172302	-3.9430012000000003
0.03153992	-3.9420544
0.03170776	-3.9336384
0.03178406	-3.917385
0.03146362	-3.9040772
0.03161621	-3.8947144000000002
0.03178406	-3.8794078
0.03170776	-3.8503200000000004
0.03144836	-3.8177606
0.03140259	-3.79509
0.03144836	-3.7797834000000003
0.03117371	-3.7615312000000003
0.03108215	-3.7388606
0.03108215	-3.7151906000000006
0.03109741	-3.6929934
0.03114319	-3.67674
0.03105164	-3.6589612000000002
0.03103638	-3.63729
0.03134155	-3.6111478000000004
0.03114319	-3.5800612
0.03103638	-3.5396644000000004
0.03153992	-3.4962694
0.03172302	-3.4572928000000003
0.03166199	-3.41637
0.03140259	-3.3788662
0.03182983	-3.3443606000000003
0.03189087	-3.3024384
0.03224182	-3.2723512
0.03218079	-3.2407912000000003
0.03262329	-3.1925044000000002
0.03286743	-3.1456378
0.03269958	-3.1066612
0.03260803	-3.0845166
0.03262329	-3.0731550000000003
0.0327301	-3.0617934
0.03233337	-3.0474862000000003
0.03262329	-3.0327056000000003
0.03251648	-3.0129806000000006
0.032547	-2.9858916
0.03227234	-2.9685862000000003
0.0327301	-2.9685862000000003
0.03268433	-2.9685862000000003
0.03265381	-2.97453
0.03286743	-2.99031
0.03294373	-3.00609
0.03292847	-3.00609
0.03292847	-3.00609
0.03303528	-3.0040912
0.03303528	-3.0040912
0.0327301	-3.0040912
0.03297424	-3.0040912
0.03291321	-3.0040912
0.03314209	-3.0040912
0.03297424	-3.0040912
0.03297424	-3.0040912
0.03308105	-3.00609
0.03297424	-3.00609
0.0329895	-3.0050906
0.03320312	-3.0040912
0.03326416	-3.0040912
0.03317261	-2.9898366000000003
0.03288269	-2.9804212
0.03251648	-2.9740566
0.03295898	-2.9606962
0.03253174	-2.9375522
0.03271484	-2.9104106
0.03283691	-2.8862672
0.03305054	-2.8620712000000004
0.03318787	-2.8374544000000004
0.03295898	-2.8117856000000003
0.03297424	-2.7861694
0.03289795	-2.7615000000000003
0.03271484	-2.7358312000000002
0.032547	-2.7082162
0.03237915	-2.6835994
0.03224182	-2.65893
0.03227234	-2.6283694
0.03233337	-2.5958099999999997
0.03236389	-2.5677216
0.03213501	-2.5425262
0.03257751	-2.5183828
0.03210449	-2.4872962
0.03198242	-2.4680972
0.03196716	-2.46168
0.03157043	-2.4483722
0.03198242	-2.4281212
0.03157043	-2.4035044
0.03140259	-2.3807812000000004
0.03153992	-2.3556384
0.03132629	-2.3265506
0.03147888	-2.2915716
0.03143311	-2.25654
0.03132629	-2.2284516
0.03128052	-2.1953662
0.03131104	-2.1623334
0.03102112	-2.1381900000000003
0.03134155	-2.1179916000000003
0.03129578	-2.0997394
0.03131104	-2.0844328
0.0316925	-2.0651812
0.03149414	-2.0499272000000004
0.03152466	-2.0346206000000002
0.03144836	-2.0208394
0.03138733	-2.0020612
0.03167725	-1.9754456
0.03173828	-1.9468312
0.03184509	-1.9137984
0.03178406	-1.88571
0.0319519	-1.8773466
0.03201294	-1.8758212
0.03216553	-1.8773466
0.03192139	-1.8837112
0.03207397	-1.8980184000000002
0.03207397	-1.8994912000000002
0.03218079	-1.8994912000000002
0.03207397	-1.8994912000000002
0.03190613	-1.8994912000000002
0.03213501	-1.8994912000000002
0.0322113	-1.8994912000000002
0.03237915	-1.8994912000000002
0.03237915	-1.8994912000000002
0.03219604	-1.8994912000000002
0.03219604	-1.8994912000000002
0.03210449	-1.897545
0.03208923	-1.8891816000000001
0.03213501	-1.8807656000000001
0.03219604	-1.8768206
0.03222656	-1.8738750000000002
0.03196716	-1.8674578000000002
0.03211975	-1.8531506
0.03233337	-1.8329522000000003
0.03205872	-1.8127012000000002
0.03196716	-1.7929762
0.03222656	-1.7762494
0.03225708	-1.7624156000000002
0.03234863	-1.739745
0.03285217	-1.7160750000000002
0.03309631	-1.6934044
0.03303528	-1.66479
0.03314209	-1.6351761999999999
0.03303528	-1.6193962000000002
0.03303528	-1.60956
0.0330658	-1.5981984000000002
0.03311157	-1.5799462
0.03236389	-1.5543300000000002
0.03251648	-1.5217706
0.03262329	-1.4892112
0.03262329	-1.4615962000000002
0.03295898	-1.4433966
0.03289795	-1.4300362000000002
0.0332489	-1.4123100000000002
0.03334045	-1.392585
0.03372192	-1.3723866000000002
0.0333252	-1.3501894
0.03289795	-1.3265194
0.03294373	-1.3018500000000002
0.03282166	-1.2786534
0.03253174	-1.2604012
0.032547	-1.2436744
0.03283691	-1.226895
0.03263855	-1.2066966
0.0324707	-1.1854462
0.0328064	-1.1642484
0.03300476	-1.13616
0.03277588	-1.1075456
0.03242493	-1.0799306000000002
0.03216553	-1.0419534000000001
0.03198242	-1.00992
0.03190613	-0.9783600000000001
0.03193665	-0.9517443999999999
0.03167725	-0.9280744000000001
0.03187561	-0.903405
0.03178406	-0.8757900000000001
0.03164673	-0.8501212000000001
0.03170776	-0.8333944000000001
0.03140259	-0.8146162
0.03152466	-0.80478
0.03179932	-0.80478
0.03160095	-0.8091984
0.03157043	-0.81267
0.03155518	-0.81267
0.03167725	-0.81267
0.03149414	-0.81267
0.03173828	-0.81267
0.0319519	-0.81267
0.0316925	-0.81267
0.03199768	-0.81267
0.03182983	-0.8106712
0.03175354	-0.8037806000000001
0.03182983	-0.7682756
0.03196716	-0.7076278
0.03192139	-0.63909
0.03193665	-0.5818612000000001
0.03140259	-0.5276306000000001
0.0320282	-0.46009220000000006
0.03245544	-0.3846112
0.03262329	-0.2993466
0.03282166	-0.22681120000000002
0.03361511	-0.15732659999999998
0.03326416	-0.08479120000000001
0.0330658	-0.0266156
0.03302002	4.8081134000000006e-14
0.03292847	4.8081134000000006e-14
0.0328064	4.8081134000000006e-14
0.0330658	4.8081134000000006e-14
0.03295898	4.8081134000000006e-14
0.03318787	4.8081134000000006e-14
0.03291321	4.8081134000000006e-14
0.03295898	4.8081134000000006e-14
0.03295898	4.8081134000000006e-14
0.03303528	4.8081134000000006e-14
0.03295898	4.8081134000000006e-14
0.03295898	-0.0068906
0.03309631	-0.009836200000000002
0.03305054	-0.009836200000000002
0.03305054	-0.009836200000000002
0.03323364	-0.009836200000000002
0.03320312	-0.009836200000000002
0.03314209	-0.009836200000000002
0.03300476	-0.009836200000000002
0.03318787	-0.009836200000000002
0.03302002	-0.009836200000000002
0.03309631	-0.009836200000000002
0.0328064	-0.009836200000000002
0.03271484	-0.009836200000000002
0.03294373	-0.009836200000000002
0.03291321	-0.009836200000000002
0.03268433	-0.009836200000000002
0.0329895	-0.009836200000000002
0.03282166	-0.009836200000000002
0.03292847	-0.009836200000000002
0.0328064	-0.009836200000000002
0.0327301	-0.009836200000000002
0.03303528	-0.009836200000000002
0.03314209	-0.009836200000000002
0.03285217	-0.009836200000000002
0.03274536	-0.009836200000000002
0.03276062	-0.011835
0.03286743	-0.0137812
0.03311157	-0.0137812
0.0328064	-0.0137812
0.03308105	-0.0137812
0.03269958	-0.0137812
0.0328064	-0.011835
0.03274536	-0.0064172000000000005
0.03251648	-0.0019462000000000001
0.03266907	-0.0019462000000000001
0.03289795	-0.0019462000000000001
0.0329895	-0.0019462000000000001
0.03268433	-0.0019462000000000001
0.03279114	-0.0019462000000000001
0.03294373	-0.0019462000000000001
0.03274536	-0.0014728
0.03286743	4.8079556e-14
0.03274536	4.8079556e-14
0.03314209	4.8079556e-14
0.03291321	0.000493125
0.0329895	0.0019988000000000002
0.03291321	0.0019988000000000002
0.03294373	4.8079556e-14
0.03283691	4.8079556e-14
0.0330658	-0.004944400000000001
0.03321838	-0.009836200000000002
0.03315735	-0.009836200000000002
0.03288269	-0.009836200000000002
0.03329468	-0.009836200000000002
0.03289795	-0.009836200000000002
0.03334045	-0.009836200000000002
0.03341675	-0.009836200000000002
0.03361511	-0.009836200000000002
0.03347778	-0.009836200000000002
0.03347778	-0.009836200000000002
0.03305054	-0.009836200000000002
0.03344727	-0.009836200000000002
0.03309631	-0.009836200000000002
